employee_id,employee_name,department,working_hours_per_day,sleep_hours,stress_level,meetings_per_day,work_mode,productivity_score,salary,leaves_taken,burnout_risk
EMP1584,Albert Lopez,Marketing,5.2,5.6,10,4,Onsite,56,249127.0,17,Medium
EMP2215,Nicole Young,Sales,12.0,4.8,8,1,Hybrid,73,116462.0,22,High
EMP1877,Angela Edwards,Sales,9.3,4.9,6,2,Onsite,92,140851.0,28,Medium
EMP5230,Heidi Padilla,it,8.5,5.4,9,2,Remote,46,226467.0,22,Low
EMP5159,Charles Porter,HR,8.8,4.1,8,6,Hybrid,74,134054.0,2,Low
EMP5546,Gabrielle Gilbert,IT,7.1,6.4,9,1,Remote,81,147513.0,1,Low
EMP3787,George Munoz,Support,12.1,7.8,7,4,Onsite,70,170752.0,13,High
EMP2744,,Operations,12.1,8.0,4,5,Remote,93,105172.0,3,High
EMP5481,Joseph Bailey,Finance,5.1,7.5,8,6,Remote,65,90133.0,23,High
EMP4801,Casey Wilson,Marketing,11.9,8.7,3,1,Remote,55,44702.0,29,Low
EMP5666,Robert Scott DDS,IT,4.1,4.7,10,4,Remote,71,224180.0,2,Medium
EMP3373,Barbara Huff,Support,5.2,4.0,4,8,Hybrid,56,84980.0,23,Medium
EMP3468,,HR,5.4,5.3,5,1,Onsite,69,165833.0,8,Low
EMP5847,Charlotte Trujillo,Operations,14.4,7.3,7,8,Remote,92,213118.0,19,Medium
EMP5536,David Ball,IT,14.5,4.4,10,3,Remote,41,225140.0,22,High
EMP5525,Kevin Conley,Marketing,9.8,3.2,5,2,Onsite,65,204150.0,8,High
EMP1561,Justin Carey,Operations,9.2,7.7,6,6,Hybrid,54,227413.0,18,Low
EMP3771,Alan Miller,Operations,10.5,7.7,4,6,Remote,97,235393.0,13,Low
EMP1952,April Stewart,IT,6.0,4.0,8,5,Hybrid,96,147705.0,4,High
EMP1915,,Sales,6.2,5.4,10,8,Remote,69,201045.0,24,Low
EMP4135,Jane Howard,HR,6.9,7.6,10,9,Remote,70,102622.0,0,Low
EMP4699,Caleb Sanchez,HR,10.1,8.2,8,7,Remote,61,108892.0,17,Low
EMP5523,Wesley Stephenson,IT,13.5,4.6,5,11,Hybrid,77,208727.0,10,Medium
EMP4928,Nicole Rodriguez,IT,8.1,4.0,10,1,Remote,70,228464.0,21,High
EMP3347,Amanda Cooper,HR,8.4,3.4,8,11,Onsite,44,227479.0,16,Medium
EMP3330,Tyler Black,IT,10.4,9.0,8,10,Onsite,80,38113.0,8,Medium
EMP2957,Jennifer Henderson,Finance,7.1,4.4,4,9,Onsite,78,174583.0,24,Medium
EMP5731,Brett Wright,Support,9.7,5.8,6,1,Onsite,69,119575.0,14,Low
EMP1279,Michael Campos,Finance,11.7,6.2,1,1,Hybrid,99,148750.0,1,Low
EMP4834,Renee Stewart,Finance,4.6,7.6,5,10,Remote,43,51281.0,21,Medium
EMP4921,Rodney Morton,IT,11.0,7.9,10,4,Hybrid,72,91145.0,16,Low
EMP1132,Hector Montgomery,IT,11.0,6.7,3,10,Hybrid,46,189484.0,20,Medium
EMP1555,Cory Gilmore,Sales,9.0,6.7,5,11,Hybrid,77,64949.0,18,Medium
EMP1426,Brian Watson,Operations,12.7,4.3,10,2,Hybrid,64,105431.0,23,Low
EMP2946,Martin Horn,Finance,6.1,8.8,4,5,Hybrid,73,202235.0,13,High
EMP5487,Chad Lloyd,Support,5.0,8.6,5,6,Onsite,92,184871.0,6,High
EMP2741,Thomas Morris,Finance,7.8,8.8,4,4,Hybrid,68,230444.0,1,High
EMP2720,Adriana Smith,HR,11.5,6.8,10,3,Onsite,93,221897.0,22,High
EMP1151,Joseph Thompson,Marketing,7.3,6.9,1,0,Onsite,70,247114.0,12,Low
EMP2643,Tamara Patel,Finance,6.5,8.1,10,4,Hybrid,49,178153.0,0,High
EMP2029,Jennifer Sellers,Sales,4.3,6.8,5,8,Remote,81,57448.0,20,Low
EMP4063,Randy Williams,HR,14.5,3.3,9,10,Onsite,97,202972.0,24,Low
EMP5100,Chad Thompson,Sales,13.7,7.6,2,3,Remote,57,26119.0,3,High
EMP5903,Justin Mitchell,Sales,7.1,4.7,3,10,Remote,69,90132.0,18,Medium
EMP1711,,HR,8.2,,6,9,Remote,95,197891.0,27,Low
EMP2732,Andrew Lopez,Finance,8.6,6.8,5,11,Onsite,86,,28,High
EMP4048,Edwin Ortiz,Support,9.4,5.8,1,4,Remote,40,179096.0,7,High
EMP1764,Jerry Wells,IT,7.2,8.2,3,2,Remote,40,43807.0,20,High
EMP3042,Danielle Joseph,Support,5.8,5.1,9,11,Onsite,74,75900.0,15,Medium
EMP2375,Megan Brooks,HR,10.4,7.0,5,5,Remote,89,216591.0,15,Medium
EMP1373,,HR,10.7,4.0,6,11,Hybrid,53,189647.0,23,High
EMP1530,Gregory Wilson,HR,12.3,6.3,10,3,Hybrid,89,215031.0,30,Medium
EMP1881,Victor Kelly,IT,4.7,3.7,5,0,Remote,44,104074.0,21,Low
EMP2650,Victor Lee,Sales,7.0,8.8,9,1,Onsite,91,39673.0,14,Low
EMP3131,,Sales,9.7,8.0,5,5,Onsite,86,60193.0,14,Low
EMP1239,Rebecca Smith,Marketing,9.5,6.1,8,4,Onsite,71,31075.0,2,Medium
EMP2618,Colton Thomas,HR,7.2,4.9,8,0,Onsite,49,188804.0,18,Medium
EMP1683,Jason Owen,Sales,9.9,4.2,9,12,Onsite,56,168864.0,15,Low
EMP5681,Aaron Wilson,HR,7.6,5.3,6,1,Remote,96,195237.0,21,Low
EMP2002,Ryan Whitaker,Support,6.7,7.5,9,6,Hybrid,90,84816.0,4,Medium
EMP3177,Nicole Anderson,Support,6.2,3.5,4,9,Remote,61,240891.0,26,Low
EMP5239,Brandon Chen,Marketing,6.1,5.0,3,12,Remote,49,40993.0,5,Medium
EMP3536,Brian George,Operations,10.8,5.1,3,8,Remote,89,127436.0,5,High
EMP2034,Geoffrey Dunlap,Marketing,5.8,3.9,5,12,Onsite,45,,9,Low
EMP1227,,Finance,5.4,4.9,2,7,REMOTE,69,203286.0,16,High
EMP1670,Heather Floyd,IT,9.4,8.4,10,1,Onsite,78,193363.0,9,High
EMP5050,Daniel Lynch DDS,Sales,8.9,4.7,8,12,Onsite,43,107721.0,9,Medium
EMP1227,,Finance,5.4,4.9,2,7,Remote,69,203286.0,16,High
EMP2647,James Moore,,7.4,4.3,5,9,Onsite,89,216040.0,25,Low
EMP2583,Kenneth Dunn,HR,5.2,5.6,5,9,Onsite,65,180471.0,0,Low
EMP5631,Ashley Robinson,Marketing,14.4,5.0,1,4,Remote,44,153774.0,7,Low
EMP2554,Susan Wright,HR,13.7,8.1,3,10,Hybrid,93,97807.0,22,High
EMP2095,Jacqueline Joyce,Support,6.2,5.0,5,11,Hybrid,92,226453.0,21,Low
EMP3339,Jill Bush,Finance,9.9,6.0,10,0,Hybrid,96,139270.0,4,Medium
EMP3644,Edward Alvarez,Marketing,9.8,4.5,6,8,Onsite,60,228407.0,23,Medium
EMP5835,Krystal Roman,HR,4.5,3.4,3,6,Onsite,59,81099.0,1,Medium
EMP5968,Mrs. Sandra Morrow,Operations,6.8,8.8,2,9,Hybrid,61,236267.0,27,Low
EMP2041,Christina Griffin,Marketing,9.9,5.5,9,7,Onsite,42,25262.0,26,Medium
EMP4399,Deborah Carr,Finance,14.3,7.1,10,10,Onsite,70,53399.0,12,High
EMP1008,Timothy Mitchell,Operations,10.7,4.0,4,2,Onsite,69,124471.0,8,High
EMP2292,Anthony Bond,Operations,8.9,6.9,1,4,Remote,47,65864.0,1,High
EMP4336,Mark Sutton,Marketing,6.2,6.7,2,1,Hybrid,82,143321.0,15,High
EMP2412,Sue Ortiz,Support,8.7,5.5,7,7,Hybrid,41,171514.0,0,Low
EMP3110,Robin Burke,Sales,5.6,5.1,7,10,Onsite,47,233323.0,29,Medium
EMP3643,Amy Carr,Marketing,4.0,7.8,3,9,Hybrid,99,156721.0,29,High
EMP1538,Jason Henson,Support,14.1,4.5,1,10,Remote,96,109131.0,12,Medium
EMP2047,Alexander Lopez,Marketing,14.5,5.0,3,10,Remote,99,25536.0,19,Low
EMP5128,Kimberly Moore,HR,7.2,5.5,10,11,Onsite,90,208594.0,21,Medium
EMP5558,Michelle Shannon,HR,8.3,6.5,8,12,Remote,47,71515.0,11,Low
EMP5415,Michael Cain,Marketing,14.2,5.8,7,4,Hybrid,84,231748.0,30,High
EMP1065,,Finance,12.4,6.1,4,4,Remote,68,45311.0,22,Medium
EMP3907,Makayla Smith,Support,13.0,5.5,8,5,Remote,88,133208.0,27,Low
EMP3519,Lance Williams,Marketing,8.4,8.1,3,1,REMOTE,94,87791.0,0,Low
EMP2476,Frank Hamilton,IT,11.9,6.6,6,1,Onsite,44,157890.0,14,Low
EMP5369,Kimberly Miller,IT,10.1,4.9,8,11,Hybrid,94,155120.0,8,Low
EMP2820,Eric Vaughn,,10.4,8.0,8,5,Remote,85,70932.0,9,High
EMP5201,Melissa Tate,Operations,9.9,6.9,1,9,Hybrid,60,244606.0,21,Low
EMP3072,Amy Foster,Marketing,13.7,3.8,5,2,Onsite,67,226602.0,0,Low
EMP4226,Ashley Brown,IT,4.2,5.0,3,2,Hybrid,58,219222.0,3,Low
EMP3937,Luis Moore,Support,10.4,4.0,5,3,Hybrid,95,229508.0,20,High
EMP1393,,Marketing,11.4,3.3,4,12,Remote,73,37039.0,30,Medium
EMP4978,Richard Lee,Finance,8.4,3.4,10,11,Remote,86,110783.0,11,High
EMP2144,,Sales,14.5,5.2,7,2,Onsite,70,fifty thousand,13,High
EMP1290,Cody Schmitt,Finance,7.3,4.1,9,7,Onsite,55,247649.0,7,Low
EMP2858,Melissa Lucas,IT,8.1,7.1,3,5,Hybrid,76,149131.0,2,Medium
EMP2025,Edward Meyer,Support,9.3,4.9,8,5,Onsite,90,123908.0,15,High
EMP5235,James Trevino,Operations,11.6,5.6,5,8,Remote,68,132312.0,29,High
EMP3288,Molly Boone,IT,6.9,3.4,3,0,Hybrid,49,151314.0,29,Low
EMP2569,Daniel Davis,Sales,5.0,8.5,3,11,Onsite,45,73669.0,10,Low
EMP4828,David Mitchell,Operations,14.7,5.3,8,1,Hybrid,61,131456.0,24,Low
EMP4428,Natasha Ford,Marketing,6.7,8.2,7,7,Onsite,99,78163.0,19,High
EMP1422,Kelly Calderon,HR,4.0,8.5,4,12,Hybrid,48,114327.0,22,Low
EMP5487,Chad Lloyd,Support,5.0,8.6,5,6,Onsite,92,184871.0,6,High
EMP1079,,Support,13.1,4.5,5,10,Onsite,78,236164.0,3,Low
EMP4339,Bobby Kim,HR,10.0,5.4,2,12,Remote,86,188826.0,1,Low
EMP2397,Brandon Bailey,Operations,5.2,7.1,1,2,Remote,66,249464.0,7,Medium
EMP4012,Matthew Cox,Operations,13.2,8.4,9,2,REMOTE,47,117347.0,27,Medium
EMP3451,,Marketing,14.3,7.1,1,1,Hybrid,82,60450.0,5,High
EMP1023,,Finance,4.6,3.4,1,5,Onsite,44,159782.0,7,Medium
EMP5184,Kevin Wells,Support,14.5,7.7,4,4,Remote,73,68278.0,24,Medium
EMP1810,Cheryl Brown,IT,13.2,7.8,1,9,Hybrid,51,112950.0,2,Low
EMP5032,Jennifer Taylor,Support,8.5,5.8,2,3,Hybrid,66,106046.0,8,High
EMP5244,Kathryn Gould,Sales,8.0,3.8,9,3,Onsite,70,224244.0,20,Low
EMP3952,Charles Thompson,Marketing,5.3,6.9,10,4,Hybrid,58,211791.0,2,Low
EMP2839,Monica Gibbs,Operations,11.9,5.3,9,3,Hybrid,70,239316.0,6,High
EMP1553,Peter Mueller,Sales,10.0,4.7,2,4,Hybrid,46,76751.0,23,Medium
EMP1787,John Burton,Finance,8.5,6.2,8,5,Remote,54,215120.0,9,Low
EMP2808,Heidi Watson,HR,12.9,3.9,8,6,Hybrid,85,166950.0,27,Low
EMP3080,Christina Klein,Support,7.8,5.9,3,1,Hybrid,86,105304.0,23,Medium
EMP3997,James Sparks,HR,4.3,6.8,1,8,Hybrid,80,42194.0,14,Low
EMP1033,Tyrone Rogers,IT,4.9,4.1,10,1,Onsite,83,86657.0,12,Low
EMP5211,Jennifer Ellis,HR,10.4,4.4,2,6,Remote,85,80799.0,17,Medium
EMP1944,Aaron Carpenter,Operations,11.9,5.6,8,10,Remote,71,56067.0,7,Low
EMP4575,Sonia Tran,Sales,8.8,7.9,5,2,Remote,58,90297.0,23,Medium
EMP5676,Matthew Anderson,IT,7.1,3.1,9,1,Remote,46,203280.0,6,High
EMP4106,Brandon Davis,Marketing,9.6,8.8,7,6,Remote,99,103312.0,23,Medium
EMP2471,Teresa Mata,,4.4,5.2,9,3,Hybrid,66,40357.0,18,High
EMP1776,Martin Crawford,Sales,7.1,8.1,1,11,Onsite,47,183288.0,5,Low
EMP4035,Jose Hall,Operations,5.3,4.0,4,1,Onsite,82,75900.0,15,Medium
EMP1838,,Finance,11.1,7.2,9,11,Remote,89,78664.0,4,High
EMP2295,,IT,9.7,8.9,3,11,Remote,53,129963.0,19,Medium
EMP3705,Madeline Mayo,Marketing,7.3,8.2,5,1,Remote,93,231955.0,27,Medium
EMP5918,Luis Williams,Finance,12.9,4.6,2,12,Hybrid,73,82734.0,27,High
EMP4262,Kenneth Little,,12.5,4.5,10,4,Remote,86,178380.0,1,Low
EMP3245,Robert Watson,Marketing,8.7,8.4,8,11,Remote,100,101721.0,20,High
EMP1333,,Sales,10.0,7.7,6,11,Onsite,97,237938.0,17,Low
EMP3276,Gina Greene,HR,5.3,3.9,8,6,Remote,69,222305.0,21,Low
EMP4482,Justin Ortiz,Operations,7.7,3.4,8,0,Hybrid,59,112972.0,1,High
EMP3535,Shannon Rodriguez,IT,12.9,7.2,8,2,Remote,98,34196.0,6,Medium
EMP5758,Francisco Leach,Support,12.8,5.6,1,7,Hybrid,57,123914.0,3,Low
EMP4998,Tom Monroe,Marketing,12.8,6.2,9,0,Remote,85,224028.0,18,High
EMP2543,Ann Olson,Marketing,14.2,7.3,3,2,Remote,73,212454.0,26,Medium
EMP5274,Stuart Evans,Support,10.2,6.6,2,6,Remote,82,127612.0,0,High
EMP1763,,Finance,11.3,5.8,4,8,Hybrid,64,246073.0,29,Low
EMP1746,Alexander Evans,Sales,7.9,5.0,4,11,Remote,88,200864.0,25,Medium
EMP1168,,HR,14.8,3.3,4,4,Hybrid,100,80373.0,24,Medium
EMP4789,Jessica Nelson MD,IT,9.5,6.5,8,1,Hybrid,82,230868.0,2,Low
EMP3512,James Lee,Operations,13.2,8.1,9,7,Hybrid,65,32337.0,11,Medium
EMP5865,James Bell,Support,13.3,6.2,5,3,remote,90,158775.0,29,Low
EMP5542,Heather Oneal,Operations,9.2,8.3,6,6,Remote,49,196062.0,30,Medium
EMP5407,William Spencer,Sales,10.6,3.0,5,10,Hybrid,93,221093.0,16,Medium
EMP4790,Laura Thompson,Operations,14.9,3.7,9,9,Remote,66,70191.0,5,Medium
EMP2600,,Sales,5.7,5.0,10,4,Onsite,52,159976.0,26,Medium
EMP3835,Mrs. Joyce Phillips MD,Marketing,10.1,6.2,8,3,Remote,40,249703.0,21,Medium
EMP5291,Ryan Williams,Finance,7.6,4.9,10,4,Onsite,64,136979.0,0,Low
EMP3741,Elizabeth Cochran,Finance,8.0,8.7,8,10,Hybrid,55,47530.0,20,Medium
EMP1497,,Finance,7.9,5.6,10,4,Hybrid,96,217169.0,2,Low
EMP4852,Albert Parks,IT,4.6,4.4,1,5,Remote,98,44037.0,12,Low
EMP3191,James Lewis,IT,7.6,3.8,7,4,Hybrid,72,36272.0,26,Medium
EMP1410,Kimberly Hill,HR,14.0,8.0,6,1,Onsite,42,145847.0,1,Medium
EMP3195,Bradley Cook,Operations,,4.6,7,2,Hybrid,76,168163.0,10,High
EMP4624,Diana Ramirez,Finance,10.3,4.1,7,4,Hybrid,94,29547.0,10,High
EMP5439,,IT,10.7,6.6,10,6,Onsite,64,76336.0,7,Low
EMP5108,Kimberly Anderson,Operations,5.9,8.3,8,1,Remote,74,133489.0,20,Medium
EMP1624,Maria Fischer MD,Finance,10.0,3.2,7,8,Onsite,88,46823.0,3,Low
EMP3480,Joshua Anderson,Support,14.0,7.3,6,9,Remote,46,138700.0,3,High
EMP4540,Raymond Miller,IT,,3.7,4,10,Hybrid,92,28399.0,15,Medium
EMP3939,Gregory Taylor,Operations,12.3,6.2,6,11,Hybrid,90,198981.0,29,Low
EMP3908,Diana Kelley,Sales,4.5,3.1,2,9,Remote,93,246365.0,5,Low
EMP2878,Taylor Cox,Operations,6.6,6.9,9,0,Remote,43,193533.0,26,Medium
EMP4270,Angela Thomas,Finance,14.5,7.6,5,8,Hybrid,97,219699.0,29,High
EMP5997,Thomas Williams,HR,5.3,8.4,4,3,Remote,77,112614.0,13,Low
EMP1084,,it,10.7,5.3,1,7,Remote,94,110200.0,5,Medium
EMP3342,Joyce Rivera,Support,7.9,7.5,10,10,Remote,92,67793.0,26,High
EMP4532,Jennifer Ellis,Marketing,8.9,6.7,9,10,Hybrid,56,243269.0,18,High
EMP4044,Stephanie Wilson,Finance,11.6,8.8,3,8,Hybrid,77,115993.0,2,Medium
EMP5167,Eric Hunter,Sales,13.4,4.3,9,9,Hybrid,45,187104.0,3,Medium
EMP4889,Adam Gentry,IT,7.4,8.6,1,7,Hybrid,84,212136.0,8,High
EMP1705,,Finance,8.3,7.6,1,3,Hybrid,58,140226.0,12,Medium
EMP2862,Kathleen Kline,Marketing,13.7,5.3,3,9,Hybrid,60,46314.0,16,High
EMP5321,Cheyenne Ward,Support,7.0,,5,4,Hybrid,76,117378.0,0,Low
EMP5643,Curtis Alvarado,Support,6.0,3.4,10,9,Remote,76,150369.0,27,Low
EMP1106,,Finance,8.8,7.9,2,7,Onsite,62,132046.0,10,Low
EMP3810,Benjamin Lee Jr.,Support,9.6,8.5,4,8,Hybrid,68,181359.0,29,Low
EMP5228,Sierra Murray,Sales,4.7,5.5,7,6,Hybrid,86,30119.0,4,Medium
EMP4793,Kathleen Brown,HR,12.7,7.9,1,6,Onsite,76,92787.0,22,Low
EMP1485,Jennifer Soto,HR,14.4,8.5,7,0,Remote,54,83804.0,23,High
EMP4729,Patricia Bartlett,Operations,6.7,9.0,7,7,Hybrid,55,121472.0,28,High
EMP1654,Jennifer Boyd,IT,7.1,5.5,6,1,Remote,46,162153.0,21,Low
EMP1812,Megan Lowery,Marketing,5.1,8.1,high,6,Remote,89,66354.0,0,Low
EMP3988,Michael Roberts,Finance,14.5,4.8,10,11,Onsite,41,54610.0,9,High
EMP4653,Anthony Foster,Operations,6.1,4.6,10,12,Remote,99,210707.0,2,Low
EMP2235,Christina Cox,Marketing,14.9,6.9,8,2,Remote,48,117730.0,23,Medium
EMP1008,Timothy Mitchell,Operations,10.7,4.0,4,2,Onsite,69,124471.0,8,High
EMP2074,Mark Becker,Operations,12.6,5.0,8,11,Hybrid,84,147526.0,19,High
EMP4053,Melinda Brooks,Operations,7.5,6.6,6,1,Hybrid,97,125174.0,9,High
EMP1642,,Operations,5.7,7.4,9,8,remote,47,91404.0,15,Low
EMP2738,Stephanie Nichols,Marketing,11.1,5.6,8,9,Onsite,95,162039.0,1,High
EMP2729,Margaret Mcdonald DDS,Operations,13.6,8.7,1,6,Hybrid,93,91965.0,3,Medium
EMP4580,Charlotte Kelly,IT,7.6,4.6,2,12,Remote,75,162110.0,6,High
EMP5730,Jason Chan,Finance,10.3,7.6,3,3,Onsite,53,44762.0,26,High
EMP2421,Curtis Arnold,Operations,9.3,4.1,4,8,Hybrid,56,240400.0,19,High
EMP5797,,Marketing,7.0,7.1,3,0,Hybrid,46,127416.0,10,Low
EMP1586,Angela Davis,Support,6.0,6.4,8,4,Onsite,59,176427.0,11,Medium
EMP1157,,Sales,8.8,7.5,6,12,Onsite,48,170849.0,1,High
EMP5074,Melissa Hernandez,Marketing,11.5,4.1,2,0,Hybrid,83,70127.0,19,High
EMP2319,Bethany Martin,Support,4.7,7.9,7,7,Remote,53,39176.0,6,High
EMP3201,Paula Marks,Operations,10.9,5.0,3,1,Hybrid,65,202929.0,27,Low
EMP4528,Casey Hart,IT,9.3,3.3,6,9,Hybrid,54,98442.0,2,Low
EMP5062,Wesley Bentley,Operations,10.0,3.1,4,1,Hybrid,84,245025.0,30,Medium
EMP5401,Clarence Bass,Marketing,13.1,8.7,4,6,Remote,57,96183.0,28,Low
EMP1179,Alexis Garcia,it,9.6,4.9,8,0,Remote,43,121662.0,26,High
EMP4647,Brittany Watts,Marketing,5.6,8.6,10,4,Hybrid,61,65029.0,1,High
EMP2001,,Finance,7.2,4.0,5,5,Onsite,85,222878.0,13,High
EMP4331,Alexander Velasquez,Sales,11.4,7.2,2,8,Hybrid,87,121591.0,11,Low
EMP5284,Nathan Foster,Sales,8.9,7.8,5,11,Onsite,68,141009.0,2,High
EMP1167,Lynn Williams,IT,7.8,3.7,10,7,Remote,73,199884.0,9,Medium
EMP1080,Brent Knight,IT,,5.6,6,1,Hybrid,72,194749.0,10,Medium
EMP5194,Christina Chandler,Marketing,12.2,7.7,6,5,Hybrid,85,190306.0,8,Medium
EMP1346,Joshua Villarreal,Sales,7.9,5.7,3,10,Onsite,85,234875.0,9,Low
EMP3843,Kimberly Freeman,IT,12.9,3.2,1,3,Remote,59,149477.0,26,Low
EMP2703,Linda Rogers,IT,5.9,3.6,6,3,Hybrid,45,135069.0,2,Medium
EMP1626,Michael Cabrera,Support,5.4,6.2,3,0,Hybrid,42,198945.0,11,Medium
EMP2360,David Duncan,IT,7.9,3.4,6,5,Remote,49,229345.0,10,Medium
EMP5519,Matthew Aguilar,Operations,5.6,7.3,2,0,Onsite,40,118387.0,28,Medium
EMP2765,Joel Raymond,,5.8,4.2,10,12,Remote,88,72013.0,26,High
EMP1468,,Operations,9.3,5.0,5,10,Onsite,60,97583.0,8,High
EMP5579,John Larson,HR,11.1,4.3,3,12,Hybrid,94,189536.0,18,Medium
EMP1681,Emily Goodwin,Sales,11.5,3.9,2,1,Remote,87,39296.0,7,Medium
EMP4972,Mackenzie Adams,HR,14.5,3.2,9,11,Onsite,49,176528.0,30,Medium
EMP2255,Kathryn Lucas,Sales,8.9,7.3,7,1,Remote,70,134839.0,16,Low
EMP1977,Katherine Wagner,Operations,5.2,6.2,1,6,Hybrid,47,28487.0,5,Medium
EMP1029,,Marketing,5.8,5.9,4,6,Remote,97,40370.0,5,Medium
EMP3499,Mariah Martin,it,14.3,5.5,1,8,Hybrid,43,121178.0,12,Medium
EMP2751,Allison Duncan,HR,11.3,4.6,high,3,Remote,93,207210.0,7,Medium
EMP4113,Carolyn Massey,Operations,12.0,4.7,8,4,Onsite,60,180978.0,15,Low
EMP1655,,Sales,6.0,3.2,2,7,Onsite,52,50887.0,1,Medium
EMP4957,George Watson,HR,9.1,4.6,10,9,Remote,60,246684.0,27,Medium
EMP2181,Aaron Harmon,Support,10.5,4.1,7,6,REMOTE,60,227186.0,11,Low
EMP1577,John Sullivan,Sales,10.5,4.4,7,2,Onsite,46,29341.0,6,High
EMP1471,Dawn Rogers,HR,12.1,6.5,10,3,Onsite,61,215460.0,22,High
EMP1240,,Sales,14.6,4.3,6,0,Onsite,43,98755.0,15,High
EMP5796,Michael Foley,HR,4.8,3.2,5,5,Hybrid,86,233800.0,12,High
EMP1501,,Marketing,4.3,7.1,3,7,Hybrid,98,152958.0,3,Low
EMP5570,Jamie Smith,Operations,6.3,6.8,4,5,Remote,55,156833.0,29,Low
EMP2253,Daniel Hernandez,HR,,4.8,8,12,Remote,52,164868.0,23,Low
EMP4194,Shannon Cohen,IT,4.0,3.1,3,2,Hybrid,44,159642.0,21,High
EMP3086,Martin Butler,Operations,8.1,3.2,1,9,Onsite,66,56530.0,8,Medium
EMP1833,Jonathan Rose,Marketing,11.4,4.0,8,9,Hybrid,87,178002.0,0,Low
EMP5410,Michael Howard,Sales,12.0,5.2,7,9,Remote,52,73897.0,23,Low
EMP2747,Christopher Frazier,HR,10.4,8.5,9,4,Hybrid,88,171779.0,17,High
EMP2609,Kendra Monroe,Support,12.7,6.4,5,9,Remote,72,166336.0,27,High
EMP3893,Ryan Foster,IT,13.2,5.4,9,3,Hybrid,42,123250.0,5,High
EMP4046,Jill Reyes,Finance,7.8,7.5,2,5,Hybrid,97,243934.0,14,High
EMP3077,Adam Sexton,,4.7,8.7,2,3,Remote,97,,8,High
EMP2533,Martha Hernandez,Support,13.5,5.9,4,1,Hybrid,49,130695.0,19,High
EMP2321,Robert Kim,,13.6,5.7,7,8,Remote,53,200543.0,28,Low
EMP5633,Lori Miles,IT,6.2,8.7,3,3,Remote,80,241409.0,17,High
EMP4355,Joseph Freeman,Support,9.9,5.0,2,2,Hybrid,92,201204.0,1,Low
EMP4750,Michael Flores,Operations,9.3,7.7,5,7,Onsite,98,151590.0,1,Low
EMP2789,Patricia Smith,Sales,5.7,6.6,10,10,Onsite,56,135845.0,21,High
EMP1351,Ian Sims,Marketing,9.6,6.0,8,6,Remote,85,,14,Low
EMP1254,Dawn Walsh,HR,12.5,7.3,5,9,Hybrid,70,75400.0,30,High
EMP1842,Paul Guzman,IT,10.8,7.8,2,3,Hybrid,97,145028.0,2,Low
EMP2281,Amanda Stone,Operations,5.6,5.7,8,1,Hybrid,47,176478.0,13,Low
EMP1296,,Finance,7.5,4.7,8,8,Hybrid,81,119177.0,9,High
EMP5990,Brad Bryant,Marketing,5.4,7.1,2,6,Hybrid,96,95305.0,11,Low
EMP3851,Tammy Moran,Operations,14.7,3.9,4,10,Hybrid,78,223749.0,18,Medium
EMP3897,Thomas Murillo,IT,14.2,5.7,1,5,Hybrid,83,27825.0,30,High
EMP1677,Joseph Knight,Sales,10.2,5.9,10,3,Remote,75,186479.0,23,Low
EMP3929,Robert Lambert,HR,8.1,7.4,3,2,Onsite,45,156522.0,17,Medium
EMP4902,Troy Cole,,11.5,6.8,2,4,Remote,90,56856.0,19,High
EMP5478,Tammy Gardner,HR,11.8,,4,11,Hybrid,53,174596.0,13,High
EMP2220,Gina Mccarty,Finance,9.0,5.6,6,12,Hybrid,69,156656.0,9,High
EMP1199,Rodney Lopez,IT,8.1,5.3,2,5,Onsite,54,32389.0,10,High
EMP4017,Stephanie Thompson,IT,14.6,6.4,3,0,Hybrid,64,134301.0,12,High
EMP5183,,Sales,14.4,7.5,6,5,Remote,95,54509.0,6,High
EMP2322,Ronald Ross,Finance,5.0,,6,12,Hybrid,59,68131.0,6,Medium
EMP2844,Devin Thompson,IT,4.1,8.3,5,4,Remote,88,67274.0,2,Medium
EMP4477,Emily Moore,Marketing,10.0,3.6,8,3,Remote,55,140936.0,8,Low
EMP1472,Bradley Brown,Support,11.0,5.9,6,8,Onsite,59,246621.0,5,High
EMP3242,Courtney Jones,Sales,13.6,3.4,1,5,Remote,61,,1,High
EMP5327,Grace Grant,Support,13.7,7.8,4,0,Hybrid,46,127431.0,30,Medium
EMP3394,Audrey Ortega,HR,12.2,5.3,5,2,Onsite,57,59655.0,28,High
EMP2743,Christopher Anderson,Finance,12.1,7.5,3,7,Onsite,94,,10,High
EMP4673,Pamela Diaz,Finance,12.0,3.8,7,7,Onsite,40,236767.0,17,High
EMP4904,Brittany Campbell,HR,10.2,7.5,2,9,Onsite,91,234608.0,19,Medium
EMP2468,James Harris,Sales,14.5,3.5,4,12,Hybrid,74,102548.0,10,Low
EMP3228,Mr. Brian Wilson,Support,6.3,4.8,6,4,Hybrid,69,fifty thousand,10,Low
EMP3022,Ashley Gonzalez,IT,14.6,5.5,6,12,Remote,76,208462.0,5,Medium
EMP1811,Brent Ewing,Sales,12.3,4.0,6,8,Remote,50,139992.0,7,Low
EMP4377,Autumn George,IT,7.5,6.0,4,0,Hybrid,79,192552.0,0,High
EMP5976,Dr. Alexis Fleming,Sales,9.0,8.3,10,7,Hybrid,55,39295.0,5,Low
EMP3226,Joseph Chan,Marketing,5.3,7.1,9,9,Onsite,44,243207.0,3,Medium
EMP2860,Anthony Johnson,Sales,7.7,7.8,high,2,Remote,60,229890.0,20,High
EMP1848,Jerry Garner,HR,12.7,4.4,6,4,Hybrid,89,246646.0,1,Medium
EMP1228,,IT,11.0,,3,6,Onsite,72,39526.0,26,Low
EMP5573,Shelby Delgado,IT,7.9,5.5,10,4,Hybrid,52,77289.0,18,High
EMP4954,Caroline Garcia,HR,4.7,8.1,7,4,Remote,40,244309.0,7,High
EMP2730,Joseph Trevino,IT,10.4,8.3,8,12,Remote,58,83886.0,16,High
EMP4929,Richard Harris,Operations,6.6,4.5,1,12,Onsite,43,106557.0,19,High
EMP4635,Emily Lowe,Finance,12.9,6.1,2,2,Onsite,75,123332.0,10,Low
EMP3313,Christopher Mccullough,Marketing,11.1,4.2,10,7,Hybrid,83,56530.0,26,High
EMP4480,Suzanne Reyes,Sales,5.3,8.9,8,6,Remote,50,28700.0,18,Medium
EMP1248,,Operations,7.6,3.7,7,9,Onsite,59,233864.0,28,High
EMP3168,Krystal Murphy,IT,14.0,6.9,9,2,Hybrid,82,172102.0,24,Low
EMP1465,,Finance,11.8,7.3,5,6,Hybrid,97,123690.0,27,Medium
EMP1653,Amy Ross,Sales,14.6,7.9,4,8,Remote,83,155429.0,24,High
EMP5856,Jimmy Burton,HR,4.7,3.8,4,7,Onsite,71,182933.0,25,High
EMP4671,Paul Crawford,HR,9.1,6.4,1,5,Onsite,54,105642.0,14,Low
EMP5842,,Sales,7.4,5.4,7,6,Remote,78,105899.0,22,Medium
EMP5773,Stephanie Smith,Marketing,13.0,7.3,7,6,Remote,95,90983.0,15,High
EMP3586,,Finance,5.4,7.1,2,7,Hybrid,88,36364.0,15,High
EMP1800,Amanda Morrison,Marketing,12.4,4.7,4,2,Onsite,75,35310.0,30,Low
EMP2197,Gregg Johnson,Operations,11.2,5.2,2,1,Onsite,45,56995.0,15,High
EMP5609,Emily Mason,Operations,9.2,3.2,3,9,Onsite,98,216821.0,6,High
EMP3534,Wendy Anderson,HR,4.3,4.8,10,11,Hybrid,90,57353.0,24,High
EMP5840,Hannah Gutierrez,HR,12.9,4.2,1,8,Onsite,69,166163.0,29,High
EMP3210,Michael Aguilar,Operations,13.8,5.4,7,7,Remote,52,166366.0,24,Low
EMP4995,Nancy Nunez,Finance,12.5,3.5,6,12,Onsite,50,239190.0,10,High
EMP5747,Kaylee Green,IT,9.7,3.9,5,3,Hybrid,99,139960.0,17,Medium
EMP2057,Samantha Williams,Finance,11.1,8.7,1,5,Remote,67,246339.0,13,High
EMP1088,Amber Williamson,Finance,10.4,,9,5,remote,67,220542.0,17,High
EMP4112,Mrs. Sydney Fisher,Marketing,6.1,6.1,6,10,Hybrid,94,233105.0,25,Medium
EMP4431,Stephanie Perez,Marketing,8.5,5.9,8,11,Hybrid,95,50767.0,16,Medium
EMP4862,,IT,6.6,3.8,1,7,Hybrid,67,44177.0,10,Low
EMP5789,Ronald Davenport,,7.6,7.1,1,11,Onsite,47,182287.0,19,Low
EMP2126,Gregory Green,IT,4.3,3.1,4,10,Onsite,82,41560.0,7,Low
EMP4630,Alvin Palmer,Support,13.2,9.0,9,11,REMOTE,good,208417.0,24,Medium
EMP1911,Margaret Bentley,IT,7.3,8.8,4,7,Onsite,80,247123.0,25,Low
EMP3154,Kelly Coleman,Support,7.2,8.8,2,3,Onsite,59,170366.0,0,Medium
EMP5764,Benjamin Liu,HR,9.5,3.4,3,7,Onsite,72,119777.0,28,Low
EMP5670,Lindsay Pena,IT,11.7,6.4,7,7,Remote,45,55141.0,25,High
EMP1144,Laura Harmon,Operations,8.4,4.1,2,7,Onsite,45,198740.0,6,High
EMP4933,Shelia Francis,Sales,13.0,8.1,7,5,Remote,82,88858.0,26,Medium
EMP1315,Victor Briggs,IT,9.5,8.8,1,1,Hybrid,67,85855.0,26,High
EMP4116,John Ramsey,Operations,4.4,7.4,6,5,Onsite,40,98949.0,19,Low
EMP3885,Antonio Sanders,Operations,9.8,8.0,3,7,Remote,52,176443.0,13,Medium
EMP2371,Jessica Haas,IT,12.0,7.9,9,0,Hybrid,99,205418.0,27,Low
EMP4403,Steven Lawson,IT,12.6,6.7,3,2,Hybrid,93,48132.0,18,Low
EMP5174,Kevin Murphy,Sales,12.5,7.1,8,0,Onsite,52,224148.0,27,Medium
EMP5479,Dustin Hill,Sales,4.5,8.5,4,8,Remote,75,191797.0,14,High
EMP1721,Robin Gonzalez,HR,5.5,7.2,5,5,Onsite,73,133464.0,16,Low
EMP2391,Katie Huber,IT,13.9,3.9,1,10,Remote,70,137177.0,10,Medium
EMP4989,Rachel Nelson,Finance,9.7,6.5,5,1,Remote,47,119021.0,0,High
EMP3815,Kimberly White,Sales,8.6,3.4,3,12,remote,80,110816.0,11,Medium
EMP3902,David Cruz,Support,10.7,3.8,3,12,Remote,71,72233.0,17,Low
EMP2436,Joseph Wright,HR,7.5,7.2,7,2,Remote,80,175412.0,17,Medium
EMP3855,Diana Mccarthy,it,6.8,8.2,4,12,Remote,89,60377.0,6,Low
EMP5368,Mr. Phillip Maddox Jr.,Sales,9.0,7.1,5,11,Remote,100,218411.0,28,Medium
EMP4599,,IT,8.1,5.8,4,6,Remote,60,133777.0,4,High
EMP5935,Holly Boone,Marketing,14.7,7.0,7,3,Onsite,97,222531.0,28,High
EMP5406,Erin Perez,Marketing,4.4,6.8,5,0,Hybrid,89,120563.0,7,Low
EMP4999,William Woods,HR,8.7,7.8,5,2,Hybrid,51,184685.0,28,High
EMP4770,Brandon Short,IT,9.0,6.0,8,1,Remote,94,152384.0,22,Low
EMP1100,Maria Lyons,IT,11.6,8.5,10,10,Onsite,91,76857.0,13,Low
EMP4786,Elijah Hess,Marketing,10.5,6.6,7,1,Onsite,53,161158.0,4,Medium
EMP5151,Mark Stone,HR,5.6,8.7,4,11,Remote,63,204097.0,27,High
EMP1731,Karen Morse,Sales,13.2,4.8,6,8,Onsite,74,,6,Medium
EMP5222,Natalie Russo,IT,8.2,6.9,2,9,Onsite,94,157340.0,7,Medium
EMP4351,,Operations,7.5,5.1,4,7,Hybrid,100,243738.0,11,Medium
EMP1831,Randy Reynolds,Sales,9.8,5.9,2,7,Remote,71,88048.0,2,High
EMP2242,Lawrence Wise,HR,12.0,4.1,5,12,Onsite,47,94082.0,22,Medium
EMP3554,Deborah Casey,Support,11.3,6.1,5,10,Onsite,65,85093.0,18,Medium
EMP5290,Maria Brown,Sales,8.3,7.9,9,7,Remote,44,26339.0,16,Low
EMP1486,,IT,4.2,6.0,2,5,Hybrid,85,195535.0,25,High
EMP3299,Kevin Morrow,Finance,8.0,3.6,10,0,Onsite,95,213689.0,3,Low
EMP3805,Sabrina Mckinney,HR,11.6,5.0,3,12,Remote,76,235988.0,9,Low
EMP1109,Timothy Kaiser,Support,13.6,5.8,1,3,REMOTE,73,119838.0,19,High
EMP4727,Kathryn Parrish,Support,7.4,7.1,7,11,Hybrid,49,53794.0,23,High
EMP2606,Shelby Smith,Operations,10.3,3.2,6,5,Onsite,42,63469.0,19,Low
EMP5822,Samantha Rodriguez,HR,9.3,3.3,4,3,Remote,74,221767.0,11,Low
EMP5041,Christy Lara,Operations,9.7,7.2,4,6,Remote,76,123836.0,23,Medium
EMP4554,Tammy Mendoza,Marketing,10.2,7.5,10,2,Onsite,84,53209.0,14,Low
EMP4179,Melanie Baker,Operations,14.7,4.9,5,7,Remote,100,38475.0,20,Low
EMP3813,Cynthia Thornton,IT,5.8,8.6,6,7,Remote,41,27207.0,9,High
EMP5803,Christina Villegas,HR,13.4,6.8,10,9,Hybrid,90,147062.0,0,Medium
EMP5784,Todd Reed,Marketing,7.8,4.7,7,9,Onsite,69,91309.0,11,High
EMP2261,Darryl Howe,Operations,7.2,6.8,5,2,Remote,57,232256.0,1,Low
EMP2553,,Finance,8.3,7.6,8,5,Onsite,59,244846.0,16,Low
EMP4519,Kelly Benson,HR,13.3,6.1,5,0,Onsite,50,216217.0,4,High
EMP3633,,,8.1,7.4,3,2,Hybrid,77,99930.0,3,Medium
EMP2760,Christopher Krueger,Operations,9.2,7.2,2,10,Hybrid,62,42147.0,30,High
EMP3057,Adam Bishop,Marketing,12.2,3.8,2,9,Remote,40,53004.0,28,Medium
EMP4887,Terry Martinez,HR,5.1,4.3,4,12,Onsite,90,227359.0,9,Low
EMP4686,Michael Miller,Sales,14.3,3.0,1,9,Remote,53,117002.0,23,Low
EMP5073,Andrew White,Operations,7.8,4.7,8,2,Remote,83,224911.0,29,High
EMP3995,Joyce Morton,Marketing,11.2,8.4,9,1,Remote,good,25386.0,6,Low
EMP2295,,IT,9.7,8.9,3,11,Remote,53,129963.0,19,Medium
EMP4193,John Flowers,Marketing,4.9,6.8,5,11,Remote,99,184844.0,3,Medium
EMP5895,Timothy Willis,Marketing,12.1,3.6,1,9,Hybrid,49,232132.0,3,Medium
EMP4908,Natasha Mora,HR,7.4,8.7,6,1,Hybrid,84,209515.0,7,High
EMP2158,Michael Townsend,Operations,5.1,7.6,7,8,Hybrid,66,196578.0,9,Low
EMP4109,Carrie Mathews,IT,9.2,7.2,1,2,Onsite,97,155038.0,8,High
EMP1297,Diana Diaz,HR,13.7,5.8,8,12,Hybrid,93,108947.0,29,Medium
EMP5774,James King,Finance,7.9,3.1,6,10,Hybrid,48,178646.0,13,Medium
EMP2870,Kyle Cooper,Sales,12.3,3.6,5,7,Hybrid,57,76847.0,22,Medium
EMP3319,Jonathan Spears,Operations,13.3,3.6,7,0,Onsite,93,66512.0,21,Low
EMP5332,Matthew Lamb,Marketing,14.1,9.0,7,7,Hybrid,81,37051.0,3,Medium
EMP1308,Tracy Hernandez,IT,10.2,8.9,4,4,Onsite,83,242071.0,27,High
EMP1230,Brittany Willis,Sales,6.2,8.7,5,2,Remote,80,104383.0,19,High
EMP1724,Anthony Jones,Sales,9.5,7.4,8,7,Remote,91,72161.0,28,High
EMP1733,Brandon Chen,,10.9,8.1,10,9,Hybrid,64,74120.0,19,High
EMP4481,Antonio Long,HR,10.3,3.5,7,3,Onsite,41,232119.0,27,High
EMP5458,Jenna Hayes,Finance,9.6,7.3,3,7,Hybrid,68,228414.0,10,Medium
EMP4534,Deanna Watson,IT,7.1,8.1,6,6,Onsite,62,160471.0,23,High
EMP4803,Sean Hanna,HR,11.3,6.2,8,9,Onsite,73,228616.0,15,Medium
EMP5147,Christopher Boyd,Support,14.4,8.4,9,10,Remote,72,67998.0,24,Medium
EMP3683,Margaret Clements,Marketing,14.9,6.3,7,3,Hybrid,40,64158.0,29,Low
EMP3755,Dr. Kevin Bradley II,Sales,9.0,,1,10,Remote,67,236299.0,17,Low
EMP4654,Anthony Jackson,Sales,7.8,4.4,6,7,Onsite,48,224246.0,4,Medium
EMP3309,Joseph Robinson,Sales,14.1,3.2,5,9,Remote,55,167574.0,24,High
EMP3284,William Quinn,IT,11.7,5.2,6,11,Onsite,64,245108.0,25,High
EMP5334,Robert Johnson,HR,14.5,4.2,3,5,Hybrid,49,96700.0,5,Low
EMP2451,Kristine Quinn,Marketing,10.1,3.3,7,11,Onsite,48,137648.0,22,Low
EMP4199,Melissa Zamora,Marketing,7.8,8.6,1,9,Onsite,86,194295.0,18,Low
EMP3598,David Bolton,Support,12.7,8.9,6,11,Hybrid,85,61927.0,18,Medium
EMP4065,Tara Guerra,Marketing,12.0,6.5,7,12,Remote,71,235739.0,12,Medium
EMP1296,,Finance,7.5,4.7,8,8,Hybrid,81,119177.0,9,High
EMP3059,Heather Hall,Support,7.7,4.1,10,11,Remote,95,52229.0,20,Medium
EMP2773,Brandon Thomas,Sales,10.6,6.4,8,11,Remote,94,227370.0,5,Medium
EMP2702,Michelle Jones,Sales,12.1,3.9,7,0,Onsite,74,123837.0,24,High
EMP4424,Kathleen Madden,Sales,5.0,7.6,7,2,Remote,74,193479.0,0,Low
EMP1926,,Marketing,10.6,7.6,6,5,Onsite,93,178177.0,23,High
EMP4123,Kathleen Reyes,Marketing,9.4,8.1,9,8,Onsite,49,58755.0,6,High
EMP3117,Connie Rose,HR,8.1,3.3,1,10,Remote,70,38903.0,13,Medium
EMP4960,Shelly Bailey,Operations,12.6,4.3,1,6,Onsite,56,31372.0,19,Low
EMP4950,Amanda Pace,Marketing,14.9,7.6,9,8,Remote,48,61623.0,0,Low
EMP5778,Cody Baker,Operations,13.8,4.0,9,7,Onsite,90,203110.0,7,Medium
EMP4548,Jasmine Calhoun,HR,12.1,8.9,5,7,Remote,95,135355.0,28,High
EMP2477,Susan Escobar,Marketing,6.6,5.0,6,10,Hybrid,66,43715.0,20,Low
EMP5420,Kristina Delgado,Support,13.7,5.9,8,3,Remote,73,76462.0,7,Medium
EMP1438,Samuel Adams,Marketing,8.3,6.3,8,2,Remote,43,119589.0,0,Medium
EMP2115,James Hernandez,Operations,7.0,6.8,5,10,Onsite,98,42496.0,22,Low
EMP4409,Monica Zhang,HR,7.5,6.0,4,5,Remote,71,48398.0,19,Medium
EMP2526,Alexandra Diaz,Sales,4.8,6.0,7,0,Onsite,40,219681.0,26,Low
EMP1491,Mark Randolph,Marketing,9.5,6.7,5,8,Hybrid,52,fifty thousand,22,Low
EMP4940,Desiree Mullen,Operations,8.0,3.0,4,9,Remote,85,87216.0,8,Medium
EMP2344,Charles Williams,HR,12.1,8.9,6,2,Hybrid,55,196054.0,28,Low
EMP4662,Samuel Campbell,Operations,9.5,7.4,9,5,Hybrid,67,127797.0,30,Low
EMP2345,Kristen Jensen,Finance,9.9,4.5,7,12,Remote,56,197820.0,1,Low
EMP2057,Samantha Williams,Finance,11.1,8.7,1,5,Remote,67,246339.0,13,High
EMP1149,Erin Young,Sales,12.2,6.2,2,7,Onsite,68,228952.0,11,Low
EMP5524,,Support,9.2,3.3,8,9,Remote,58,74373.0,4,High
EMP3227,Oscar Morris,IT,5.8,4.2,6,9,Remote,55,95551.0,25,Medium
EMP2873,Frances Hardy,Support,7.6,8.0,1,10,Onsite,58,109938.0,18,Low
EMP3124,Adam Aguilar,Marketing,11.4,7.4,7,4,Onsite,50,30428.0,7,Low
EMP4858,Robin Williams,Sales,11.9,4.3,5,9,Onsite,56,224777.0,2,Medium
EMP4892,Brandy Newman,HR,5.7,7.7,7,0,Remote,40,68498.0,4,Low
EMP1437,Mitchell Long,HR,10.1,8.6,9,4,Remote,82,98799.0,9,Low
EMP1691,Samantha Richard,Operations,11.2,,7,8,Onsite,83,185549.0,27,Low
EMP1465,,Finance,11.8,7.3,5,6,Hybrid,97,123690.0,27,Medium
EMP3481,Jeffrey Hodge,Sales,8.8,6.2,6,8,Hybrid,75,46378.0,23,High
EMP1544,Ricky Burke,Marketing,10.3,4.4,5,6,Hybrid,64,143259.0,20,Medium
EMP4905,Brian Johnson,Marketing,13.3,5.3,10,2,Hybrid,96,104632.0,23,High
EMP2666,Kelly Shelton,Marketing,5.6,5.0,6,11,Onsite,60,142888.0,9,Medium
EMP2424,Kimberly Robinson,Marketing,9.4,7.0,7,6,Hybrid,84,234677.0,3,Medium
EMP1012,Natasha Becker,Support,13.9,5.4,4,2,Remote,72,154372.0,2,Low
EMP1093,Thomas Christian,HR,5.1,3.1,5,7,Remote,70,,10,Medium
EMP5790,Jennifer Davis,Sales,12.5,8.5,7,2,Hybrid,good,136298.0,29,High
EMP4075,Emily Martin,Finance,5.5,8.8,6,7,Hybrid,99,102404.0,21,Medium
EMP5851,Kristi Moss,Sales,9.5,6.3,9,11,Remote,73,148437.0,30,Medium
EMP4976,Katrina Gibson,Marketing,4.1,6.7,1,8,Hybrid,58,61104.0,17,High
EMP1907,Bryan Rogers,IT,11.1,6.6,2,4,Onsite,47,113498.0,5,Medium
EMP1599,Karla Martin,IT,12.5,7.5,8,10,Hybrid,69,178833.0,27,Low
EMP5892,Kristy Ramirez,IT,11.0,6.3,2,3,Onsite,74,197397.0,16,Low
EMP4103,Leonard Barnett,Operations,10.7,3.4,9,3,Hybrid,47,32721.0,0,Medium
EMP5844,Sierra Woods,HR,13.7,7.5,1,8,Hybrid,60,112920.0,18,High
EMP3052,Phillip Long,Support,8.5,3.2,5,5,Remote,51,211594.0,2,High
EMP5252,Emily Moore,Sales,9.9,5.2,2,2,remote,63,194258.0,15,Low
EMP1994,Lisa Donovan,IT,13.1,8.4,1,12,Onsite,44,113535.0,13,Low
EMP4379,Matthew Vasquez,Operations,4.4,8.8,10,0,Remote,49,146265.0,25,Medium
EMP2117,,IT,8.5,4.0,4,8,Onsite,42,,0,High
EMP1416,Wendy Stokes,Finance,6.0,4.9,4,0,Remote,97,237517.0,24,Medium
EMP2675,Jamie Wong,Operations,7.6,6.3,5,8,Remote,73,239252.0,9,Low
EMP2705,Marcus Sutton,,7.4,5.8,5,2,Onsite,60,197064.0,17,High
EMP3459,Geoffrey Taylor,Operations,9.6,7.2,5,1,Onsite,44,167281.0,9,Low
EMP4243,David Hughes,Operations,11.9,7.0,6,3,Onsite,75,177190.0,22,Medium
EMP3133,Theresa Coleman,Sales,14.1,4.3,6,3,Hybrid,93,,8,High
EMP1429,Grant Hall,Operations,12.2,4.4,6,2,Onsite,80,48258.0,26,High
EMP1718,Christian Smith,Sales,8.6,4.1,5,9,Onsite,82,206276.0,22,High
EMP2617,Barbara Lopez,Sales,14.6,6.8,9,5,Hybrid,45,79408.0,23,Medium
EMP5374,Adam Smith,Sales,14.0,7.3,6,10,Remote,77,244814.0,13,High
EMP2557,David Sloan,Operations,10.2,9.0,4,6,Remote,63,71925.0,29,Low
EMP2176,Bradley Montgomery,Operations,11.9,,2,10,Hybrid,48,165127.0,20,Low
EMP1505,Wendy Newman,it,4.6,6.9,3,8,Remote,94,148021.0,27,Low
EMP3437,Mario Garcia,IT,14.2,8.9,4,12,Remote,59,237582.0,17,High
EMP5871,Jonathan Martinez,Operations,6.4,4.6,2,8,Hybrid,54,61394.0,21,Low
EMP4503,Kristen Stewart,Sales,7.3,3.4,3,3,Remote,90,136139.0,17,Low
EMP2400,Deanna Harper,Sales,13.8,5.3,7,4,Onsite,59,74957.0,1,High
EMP3833,Javier Buckley,Support,6.8,7.7,1,6,Hybrid,82,206130.0,8,High
EMP4479,Jennifer Lynch,Sales,12.4,4.5,2,2,Hybrid,88,136231.0,0,High
EMP4992,Cody Cabrera,HR,11.3,8.9,1,5,Hybrid,72,244533.0,17,High
EMP5382,Richard Roman,HR,9.5,7.5,2,3,Onsite,88,248654.0,13,Medium
EMP4185,Dana Russell,Marketing,8.8,8.6,10,5,Onsite,70,82312.0,24,High
EMP5616,David Harrison,HR,,7.3,4,9,Remote,75,108640.0,22,High
EMP2961,Aaron Thompson,Marketing,5.2,4.4,5,6,Hybrid,77,182212.0,27,Low
EMP3450,Joann Ray,Support,11.0,5.4,10,5,Hybrid,98,86291.0,10,High
EMP2620,Jessica Foster,HR,14.1,3.8,10,1,Remote,46,128743.0,6,High
EMP4958,Bryan Nelson,it,6.0,6.7,5,4,Remote,59,204252.0,16,High
EMP3146,Joan Rodriguez DDS,Operations,7.0,5.0,2,1,Onsite,56,34563.0,22,Medium
EMP3233,Juan Vasquez,Marketing,9.8,6.4,10,11,Remote,93,59507.0,24,Medium
EMP4439,Jessica Williams,Support,,6.6,8,6,Remote,58,31537.0,17,High
EMP2902,Jerome Allen,Finance,7.8,4.0,7,5,Remote,69,116078.0,24,High
EMP3370,Sara Rubio,HR,,6.1,7,7,Remote,85,154639.0,17,Low
EMP4779,Lisa Carr,IT,12.0,4.3,2,8,Hybrid,45,115292.0,12,Medium
EMP4868,Tom Martin,Operations,8.2,,9,1,Onsite,66,158236.0,15,High
EMP5864,William Collins,HR,11.0,7.5,2,7,Remote,64,114850.0,26,Medium
EMP3662,Brian Fowler,Support,10.6,,9,7,Onsite,60,210662.0,30,High
EMP1287,Matthew Sims,Sales,7.5,6.6,6,3,Remote,59,62554.0,21,Medium
EMP4361,Timothy Le,Sales,6.2,6.9,9,2,Onsite,45,101704.0,14,Low
EMP3341,Nancy Johnson,Support,13.2,3.5,2,3,Onsite,93,54608.0,18,Low
EMP5258,Tyler Kelly,Sales,6.2,8.8,10,6,Remote,73,163757.0,11,Medium
EMP2175,Randy Miller,Marketing,11.7,3.6,1,2,Hybrid,99,110590.0,28,Low
EMP4820,Daniel Murray,Sales,13.1,6.5,4,12,Remote,70,,10,High
EMP1393,,Marketing,11.4,3.3,4,12,Remote,73,37039.0,30,Medium
EMP4305,Corey Wright,Sales,14.8,6.4,1,10,Remote,54,146807.0,17,High
EMP3527,,Operations,6.9,7.1,8,0,Remote,47,155343.0,6,High
EMP3596,Jordan Burton,Marketing,6.0,5.4,2,0,Onsite,59,85814.0,21,High
EMP5246,John Acosta,Finance,5.5,5.6,4,4,Onsite,48,64177.0,17,Medium
EMP1803,Candice Miller,IT,12.7,,8,8,Remote,93,237802.0,14,Medium
EMP2438,Amber Stone,IT,4.9,3.1,2,3,Hybrid,42,237338.0,4,Medium
EMP2890,Michael Harper,IT,9.3,6.6,4,1,Remote,79,53117.0,28,High
EMP2912,Kendra Davis,Finance,13.1,6.3,2,3,Remote,41,29251.0,0,Low
EMP3515,,Support,8.8,6.4,5,6,Onsite,64,215875.0,19,Medium
EMP5719,Kenneth Edwards,Finance,14.6,6.6,10,2,Remote,45,241235.0,30,Low
EMP3503,Kelly Ramos,Finance,11.5,6.6,4,11,Remote,54,173780.0,13,Medium
EMP3659,,Support,5.9,5.7,4,6,Remote,75,104876.0,30,Low
EMP4875,Cody Rodriguez,HR,14.9,5.2,5,5,Hybrid,58,184269.0,17,Medium
EMP3298,Bradley Jenkins,Support,9.4,5.5,1,8,Onsite,40,160489.0,3,High
EMP5820,Bobby Salas,Operations,10.9,5.8,3,2,Onsite,98,140719.0,12,Low
EMP3702,Nicholas Chen,IT,5.1,3.7,9,5,Hybrid,71,121532.0,19,Low
EMP2954,Robin Clark,IT,8.3,3.7,3,1,Remote,63,224262.0,25,Low
EMP3663,Nichole Taylor,IT,4.2,8.7,8,7,Hybrid,64,49896.0,20,High
EMP4915,Kenneth Scott,Operations,5.2,4.4,10,4,Hybrid,45,73712.0,26,Medium
EMP2293,Patrick Logan,Marketing,12.3,,1,6,Onsite,93,136049.0,21,High
EMP5160,Eric Ortiz,Sales,7.2,3.8,2,2,Remote,41,227708.0,5,High
EMP1414,Jennifer Williams,IT,11.1,7.8,4,10,Hybrid,91,167516.0,25,High
EMP2020,Jane Young,Sales,9.6,5.9,8,2,Remote,85,159528.0,27,High
EMP3236,Patricia Simmons,Marketing,14.5,8.2,10,8,Onsite,66,232695.0,24,Medium
EMP3384,Glenn Lee,Support,10.0,8.0,5,9,Remote,97,85145.0,10,Medium
EMP3217,Curtis Thompson,Sales,13.9,4.1,6,5,Hybrid,57,90852.0,5,Medium
EMP3470,Nancy Schroeder,IT,7.6,3.6,1,11,Onsite,90,33375.0,18,Medium
EMP2405,Michael Horn,Support,4.5,3.8,5,12,Onsite,94,156594.0,21,Low
EMP1252,David Hernandez,Sales,12.5,8.5,1,11,Hybrid,48,160969.0,6,High
EMP4679,Charles Jacobs,Marketing,9.3,4.6,5,9,Hybrid,60,242828.0,18,Low
EMP1350,Janet Hammond,Support,13.3,6.7,6,0,Hybrid,71,60791.0,6,High
EMP5705,Sonya Johnson,Sales,13.1,7.5,10,4,Onsite,55,201681.0,20,High
EMP5714,Craig Stanley,HR,8.2,6.0,2,0,Onsite,62,fifty thousand,30,Low
EMP1457,Ernest Quinn,Operations,13.5,7.9,9,12,Onsite,50,42201.0,9,Medium
EMP4591,Randy Bennett,IT,5.5,7.3,5,2,Hybrid,90,172060.0,13,High
EMP1090,Robert Roberts,Operations,14.5,7.1,4,3,Onsite,87,151929.0,8,High
EMP5260,Jason Booker,HR,9.0,8.5,8,10,Onsite,83,160759.0,27,Low
EMP5264,James Martinez,Support,8.4,5.7,5,7,Hybrid,66,148478.0,2,High
EMP1026,Kelly Patel,it,11.2,6.9,1,6,Remote,86,113946.0,25,Low
EMP5087,Kathryn Hernandez,Operations,13.9,3.5,1,11,Remote,73,122503.0,25,High
EMP1181,Jessica Carter,Marketing,13.9,5.7,10,10,Onsite,52,109286.0,19,Low
EMP5477,Lauren Leonard,IT,5.2,8.0,3,0,Remote,50,131403.0,9,High
EMP3224,Nathan Durham,Finance,4.3,,9,4,Remote,64,247854.0,17,High
EMP2869,Richard Sweeney,HR,8.1,7.7,3,7,Onsite,80,125144.0,17,Medium
EMP5430,Michael Cook,Sales,6.3,6.2,5,7,Remote,73,216562.0,8,Low
EMP2921,Richard Sanchez,it,8.9,,8,4,Onsite,84,173124.0,12,High
EMP2174,Nancy Brooks,HR,13.9,8.7,8,10,Remote,74,88150.0,7,High
EMP2566,Shane Warren,HR,4.7,4.2,9,2,Hybrid,86,94897.0,2,Low
EMP2670,,Operations,9.5,8.1,2,1,Hybrid,55,67052.0,10,High
EMP5671,William Grant,Support,9.1,7.7,4,3,Remote,50,110537.0,14,High
EMP5600,Brian King,Finance,11.7,5.6,9,8,Onsite,73,127499.0,12,Medium
EMP3698,Kathleen Smith,Support,4.0,4.5,3,10,Remote,51,48961.0,29,High
EMP5816,Sandra Peterson,Support,14.3,4.1,3,0,Onsite,93,210125.0,12,High
EMP3366,Samantha Robinson,HR,14.3,5.6,3,1,Hybrid,51,64886.0,9,Medium
EMP4450,Savannah Burns,Marketing,11.0,3.1,3,12,Onsite,56,230913.0,5,High
EMP1069,Jared Lewis,Support,12.3,8.1,7,8,Onsite,87,217579.0,17,Low
EMP5370,Andrew Fletcher,Marketing,6.4,5.3,6,6,Hybrid,40,25978.0,21,High
EMP2736,Edward Hunter,Support,10.5,7.8,2,9,Remote,46,55794.0,30,Medium
EMP5153,,IT,15.0,5.6,5,10,Onsite,93,233220.0,25,Medium
EMP3678,Marissa Johnson,Support,11.3,6.1,7,0,Remote,60,69800.0,3,Low
EMP1964,Fernando Estrada,IT,6.3,3.3,5,5,Onsite,91,39558.0,23,High
EMP1203,Travis Saunders,Operations,12.7,5.7,2,7,Onsite,78,165523.0,0,High
EMP1589,,Marketing,5.8,8.8,1,12,Onsite,45,240811.0,4,Medium
EMP4918,Aaron Jackson,Finance,11.5,3.2,1,8,remote,78,131442.0,20,Medium
EMP5884,Tina Garza,Sales,13.9,,3,7,Hybrid,50,144160.0,20,Low
EMP1387,Ashley Snyder,Sales,13.8,7.6,1,5,Remote,91,137544.0,8,Medium
EMP1879,Carrie Flynn,IT,7.4,4.3,2,6,Remote,84,225022.0,25,Low
EMP2670,,Operations,9.5,8.1,2,1,Hybrid,55,67052.0,10,High
EMP2335,,Marketing,10.1,3.7,8,1,Hybrid,62,233077.0,29,High
EMP3802,Rachel Poole,Sales,9.3,4.5,4,0,Onsite,43,31044.0,29,High
EMP3859,Nicole Stanley,IT,12.2,8.3,3,1,Hybrid,60,39396.0,23,Medium
EMP5649,Monica West,it,5.4,3.5,7,12,Onsite,89,45120.0,22,High
EMP3259,Vanessa Mcguire,Support,6.6,4.0,6,11,Onsite,55,231923.0,18,Low
EMP1221,Zachary Edwards,IT,15.0,4.7,8,3,Hybrid,47,60580.0,27,Low
EMP4610,Alisha Hendricks,Sales,7.5,5.8,high,10,REMOTE,89,79515.0,1,Low
EMP4977,Kenneth Cole,Support,4.8,7.1,3,7,Remote,79,208025.0,13,High
EMP5074,Melissa Hernandez,Marketing,11.5,4.1,2,0,Hybrid,83,70127.0,19,High
EMP1931,,Support,6.6,6.3,5,10,Onsite,84,120120.0,28,Low
EMP5700,James Aguirre,IT,4.2,3.6,2,0,Hybrid,96,,8,Low
EMP2746,Mark Garcia,IT,7.9,7.8,6,12,Remote,50,69182.0,10,Low
EMP4121,Samantha Velasquez,Marketing,14.0,7.9,9,11,Hybrid,98,104740.0,30,Low
EMP4078,,,5.3,6.3,7,5,Hybrid,80,116852.0,16,Medium
EMP5699,Melvin Beck,Finance,10.5,7.7,9,5,Onsite,97,195809.0,27,Medium
EMP1177,Charles Bryant,Support,12.4,5.7,10,10,Onsite,80,188714.0,10,Medium
EMP5163,Stephen Mcconnell,IT,10.4,7.1,5,12,Onsite,63,66361.0,6,Low
EMP2340,Susan Carr,HR,5.4,6.8,3,6,Hybrid,97,108394.0,16,Low
EMP2128,Chad Snyder,IT,10.9,8.6,7,6,Hybrid,47,85924.0,6,Medium
EMP3114,Joshua Dunlap,IT,4.5,7.0,4,6,Hybrid,62,191898.0,10,High
EMP5745,Christopher Wiggins,IT,9.0,6.7,6,3,Remote,69,148917.0,1,Medium
EMP4690,Kim Richardson,IT,10.9,7.6,7,10,Onsite,84,37927.0,30,High
EMP1798,Jeffrey Austin,,6.5,5.3,8,1,Hybrid,76,165326.0,29,High
EMP3932,Kathleen Murray,Finance,14.6,8.3,3,9,Remote,77,171326.0,13,Medium
EMP3964,William Armstrong,IT,7.1,4.9,10,9,Onsite,41,243950.0,25,Low
EMP1084,,Marketing,10.7,5.3,1,7,Remote,94,110200.0,5,Medium
EMP5869,Charles Bates,Operations,4.1,8.2,4,4,Remote,80,212012.0,18,Low
EMP1805,Mary Lopez,IT,9.0,7.1,9,2,Remote,87,176872.0,7,High
EMP3182,Jonathan Ruiz,,4.6,8.7,3,11,Onsite,65,225007.0,27,Low
EMP3416,Christopher Houston,Sales,9.7,6.4,3,6,Remote,40,104357.0,2,High
EMP2375,Megan Brooks,HR,10.4,7.0,5,5,Remote,89,216591.0,15,Medium
EMP2425,John Allen,Finance,5.6,4.7,2,9,Remote,64,27888.0,18,High
EMP1742,,Sales,4.2,6.7,9,1,Hybrid,53,167220.0,11,Medium
EMP5846,Amy Griffin,Marketing,12.9,7.7,6,7,Remote,87,238547.0,5,High
EMP2966,Randy Mueller,Marketing,8.5,4.5,5,3,Remote,64,182400.0,28,High
EMP4131,Edward Adams,Finance,9.5,8.6,7,5,Hybrid,60,222029.0,24,Medium
EMP5559,Kristi Cooper,IT,10.7,3.4,7,4,Remote,67,192880.0,18,Medium
EMP4244,Catherine Love,HR,5.4,6.8,10,8,Remote,96,113888.0,23,Medium
EMP3463,Nina Hamilton,Operations,10.3,8.7,9,0,Hybrid,44,168323.0,12,Medium
EMP3837,Kathy Jenkins,Finance,9.8,4.7,7,8,Remote,41,131208.0,12,Medium
EMP1807,Marissa Steele,HR,5.9,3.3,5,12,Onsite,46,144586.0,19,Low
EMP4599,,IT,8.1,5.8,4,6,Remote,60,133777.0,4,High
EMP1219,Stacie Johns,IT,5.5,5.2,6,10,Remote,57,90434.0,30,High
EMP3555,Steven Riddle,IT,11.2,5.3,6,11,Hybrid,57,232291.0,15,Medium
EMP3186,Crystal Garcia,Finance,5.0,3.8,6,5,Hybrid,85,69891.0,6,Low
EMP1582,James Soto,Operations,7.1,8.3,7,4,Remote,52,26433.0,22,High
EMP3389,Mark Martinez,HR,11.1,6.9,6,3,Onsite,81,181173.0,3,Medium
EMP2941,Luke Yang,Support,8.1,5.4,8,10,Onsite,91,114517.0,9,High
EMP1043,Melissa Hunt,Sales,4.1,3.5,3,8,Onsite,42,243784.0,11,Low
EMP1210,Ashley Jackson,Support,7.5,4.9,7,8,Onsite,70,91404.0,1,Low
EMP3135,Elizabeth Johnson,HR,9.8,7.3,2,8,Onsite,43,183978.0,6,Low
EMP1354,Madison Lowe,HR,13.1,5.2,1,12,Hybrid,86,140701.0,17,Low
EMP2770,Kristin Moore,HR,13.7,3.4,9,0,Remote,83,122818.0,3,High
EMP1279,Michael Campos,Finance,11.7,6.2,1,1,Hybrid,99,148750.0,1,Low
EMP5794,Natalie Lewis,Operations,10.7,3.3,10,5,Remote,94,213821.0,23,Low
EMP3607,Lawrence Anthony,IT,6.7,7.5,3,4,Remote,81,122044.0,6,Low
EMP1367,David Davis,IT,5.7,8.6,5,1,Hybrid,81,119485.0,8,High
EMP4650,Susan Hernandez,Marketing,9.8,3.8,5,2,Onsite,91,219000.0,3,Low
EMP5009,Aaron Long,HR,12.0,6.4,8,9,Hybrid,96,246679.0,19,Low
EMP2926,Diana Rogers,Finance,5.1,3.8,10,9,Onsite,41,139844.0,15,Medium
EMP1135,Jesse Andrews,IT,14.6,4.8,6,12,Remote,47,147770.0,30,Low
EMP4285,Elizabeth Sanders,IT,8.7,6.6,9,9,Remote,100,181731.0,7,Medium
EMP1047,Philip Davis,Marketing,6.9,7.7,high,6,Remote,95,35151.0,27,Low
EMP3264,John Howell,Marketing,4.6,4.5,10,7,Onsite,88,163149.0,29,Low
EMP5834,Hannah Martinez,Marketing,14.1,6.8,4,7,Hybrid,81,59199.0,7,Medium
EMP3173,Randy Novak,Finance,12.4,7.8,6,9,Remote,61,221718.0,3,Medium
EMP3687,Matthew Stephens,it,,3.3,8,11,Onsite,98,30113.0,20,Medium
EMP5086,Sarah Thomas,Sales,6.0,5.2,4,5,Remote,49,140703.0,23,Low
EMP3121,Denise Tran,HR,6.9,7.4,3,8,Onsite,100,149162.0,15,Low
EMP1893,Zachary Perry,Operations,6.2,8.1,7,1,Hybrid,54,244705.0,13,Medium
EMP1061,Jessica Kelley,Support,11.2,3.0,2,12,Onsite,67,82367.0,5,High
EMP4604,Jeremy Williams,Sales,11.4,8.3,7,3,Hybrid,100,127868.0,14,High
EMP2370,Dr. Stephen Barker,HR,13.1,3.8,6,11,Remote,86,139211.0,7,Low
EMP1095,Victoria Morgan,Support,5.7,7.9,5,1,Hybrid,55,56051.0,17,High
EMP2905,Jeffery Johnson,Support,7.8,8.5,3,9,Onsite,61,166613.0,20,Low
EMP1478,Terry Torres,Finance,13.5,,2,7,Onsite,61,190421.0,5,Low
EMP4473,Sue Blankenship,Operations,11.6,6.1,8,3,Onsite,73,75446.0,17,Medium
EMP3757,Joshua Ramirez MD,Sales,14.4,6.5,9,1,Hybrid,72,154346.0,6,Medium
EMP5255,Darlene Vasquez,Finance,4.2,8.9,7,4,Hybrid,63,246289.0,22,Medium
EMP4676,Diamond Acevedo,Finance,13.9,7.6,2,8,Remote,53,65438.0,7,Low
EMP1734,Lisa George,HR,13.4,7.3,5,6,Hybrid,45,155299.0,28,Medium
EMP5162,David Moore,Sales,4.4,6.7,10,0,Onsite,75,167877.0,20,Low
EMP4307,Joshua Jordan,Finance,8.4,6.5,6,5,Hybrid,75,109715.0,30,Medium
EMP2669,,Support,7.5,7.7,6,8,Remote,75,218728.0,6,High
EMP2503,Amanda Wood,Operations,8.9,3.8,8,4,Remote,98,53734.0,22,Medium
EMP1322,Kayla Barton,HR,4.1,5.5,2,11,Onsite,97,171679.0,28,High
EMP4493,Belinda Krause,Support,8.3,7.7,6,12,Remote,44,143466.0,6,High
EMP2945,Teresa Fox,Finance,7.0,4.6,5,9,Remote,72,84727.0,10,High
EMP5181,Hailey Weaver,Operations,6.1,8.3,3,3,Remote,69,112832.0,19,High
EMP2532,Patricia Lewis,Sales,5.2,4.9,3,12,Remote,80,46924.0,3,Low
EMP3004,Adrian Williams,Support,7.6,3.5,3,9,Hybrid,70,198770.0,2,Low
EMP5962,Tony Burns,Finance,14.8,7.4,4,0,Hybrid,72,238700.0,11,Low
EMP4161,,Operations,12.9,8.9,10,5,Hybrid,85,93023.0,2,Medium
EMP4844,Peter Nelson,Marketing,6.9,8.6,5,2,Onsite,81,90164.0,3,Medium
EMP2893,Bradley Foley,Support,4.2,7.6,2,4,Remote,49,93871.0,14,Low
EMP4085,Kristopher Sanchez,Finance,7.8,5.6,1,5,Remote,48,71987.0,8,Low
EMP3098,Elizabeth Gilbert,Support,9.9,6.4,8,6,Hybrid,51,185156.0,26,Medium
EMP1291,Aaron Jones,HR,12.9,8.5,9,6,Hybrid,66,171089.0,16,Low
EMP4722,Meghan King,IT,14.7,3.7,6,11,Onsite,60,174921.0,10,High
EMP2075,Kyle Kelly,Marketing,10.2,5.0,5,6,Remote,61,67540.0,3,Medium
EMP1533,Dennis Garcia,Operations,14.3,3.2,6,9,Onsite,43,227810.0,29,High
EMP5977,Scott Ochoa,IT,8.8,5.0,8,2,Remote,62,68969.0,21,Low
EMP2726,Mathew Smith,Finance,12.1,8.7,3,3,Hybrid,68,62331.0,21,Low
EMP1751,Rachel Kim,Support,8.5,7.3,2,5,Hybrid,75,195249.0,2,High
EMP2221,Travis Davis,Finance,14.4,,4,4,Hybrid,80,249898.0,2,Medium
EMP2872,Randy Kent,Finance,7.5,7.3,9,0,Hybrid,80,138838.0,20,Low
EMP1657,Lisa Graham,IT,4.1,8.5,8,1,Hybrid,69,234982.0,20,High
EMP5273,Michelle Sanchez,Sales,11.9,8.0,3,11,Hybrid,53,99732.0,29,Medium
EMP2755,,Operations,8.1,8.4,4,5,Remote,74,118604.0,2,Medium
EMP2745,Michelle Smith,Support,8.5,6.7,3,12,Onsite,64,77992.0,8,Medium
EMP5381,Jeffrey Hill,IT,12.1,7.9,6,9,Onsite,99,92635.0,5,Low
EMP4469,Andrea Steele,Operations,5.5,5.8,5,12,Remote,83,205004.0,21,Low
EMP1428,Tammy Butler,Marketing,10.6,8.5,10,3,Remote,80,173255.0,3,Medium
EMP2129,Heather Diaz,HR,5.9,5.4,6,0,Remote,64,80775.0,14,High
EMP2210,Jimmy Rivera,Operations,14.3,3.9,4,1,Onsite,80,217066.0,8,High
EMP2044,Dr. Richard Wilson,HR,9.9,3.4,2,6,Onsite,84,57237.0,26,High
EMP4870,Tamara Hawkins,HR,11.3,5.3,7,12,Hybrid,75,165588.0,24,Medium
EMP2780,Jennifer Williams,HR,12.3,6.9,5,5,Hybrid,48,142415.0,24,High
EMP3957,Hannah Pineda,HR,10.8,6.4,3,4,Hybrid,84,72907.0,1,High
EMP3473,Amy Collier,Sales,10.8,3.0,6,7,Onsite,61,222718.0,28,High
EMP5224,Lindsay Allen,Operations,14.1,8.1,6,11,Onsite,51,88222.0,15,Medium
EMP3561,Linda Weber,Sales,4.8,4.2,4,12,Hybrid,85,137720.0,28,Medium
EMP3303,Kevin Hall,Sales,,8.2,6,7,Hybrid,67,209394.0,13,Medium
EMP3321,Paula Parks,Support,8.1,7.2,10,9,Onsite,72,181099.0,16,Medium
EMP4392,Victor Hanson,Marketing,12.8,5.8,4,0,Remote,74,172928.0,29,High
EMP4259,Marissa Barrett,Marketing,11.7,5.3,5,9,Hybrid,69,48181.0,19,High
EMP4491,Elizabeth Lynch,Operations,13.4,7.0,10,7,Remote,70,56117.0,21,Medium
EMP4238,Bryan Howard,IT,6.0,5.8,4,5,Hybrid,65,243848.0,24,High
EMP2032,Mr. Michael Little,Marketing,8.9,7.8,10,5,Remote,65,179374.0,1,Medium
EMP5691,Pamela Huff,Finance,14.6,4.1,4,2,Onsite,52,116052.0,17,Low
EMP1079,,Support,13.1,4.5,5,10,Onsite,78,236164.0,3,Low
EMP2263,Kelly Nelson,Support,6.9,,10,4,Remote,60,40011.0,20,Medium
EMP2305,Jeffrey Obrien,Operations,12.9,6.9,3,8,Onsite,73,216029.0,19,Medium
EMP4906,,IT,10.1,7.7,5,1,Hybrid,42,82788.0,8,Low
EMP5749,Laura Shepard,Sales,8.1,7.7,3,6,Remote,97,207777.0,28,Low
EMP5016,Kenneth Martin,Marketing,6.8,7.8,5,1,Onsite,94,36328.0,14,Low
EMP4475,Vicki Mclaughlin,Finance,4.9,4.4,2,1,Hybrid,70,199473.0,28,Medium
EMP4225,Jaclyn Murray,Operations,6.0,3.3,9,6,Hybrid,95,112881.0,20,High
EMP5528,Donald Snyder,Operations,5.1,6.6,4,4,Remote,65,228080.0,11,Low
EMP3406,Richard Hall,Marketing,10.5,5.6,2,5,Hybrid,41,205625.0,1,High
EMP3894,Amy Bruce,Marketing,4.1,6.5,3,2,Onsite,41,72233.0,23,High
EMP4279,Juan Gibson,Support,,6.0,10,1,Onsite,82,124339.0,3,Medium
EMP1102,Raymond Garcia,Operations,13.1,8.5,8,1,remote,69,205532.0,9,Medium
EMP4321,,Support,7.2,4.1,4,1,Remote,60,192781.0,17,High
EMP3591,Morgan Jackson,Marketing,10.5,4.1,10,5,Remote,80,,26,High
EMP5145,Andre Andrews,IT,4.9,3.7,9,5,Onsite,96,245159.0,9,Low
EMP5362,Rachel Johnson,Finance,12.7,4.8,5,4,Onsite,78,182194.0,15,High
EMP2612,Robert Duarte,Marketing,8.5,3.1,7,10,Onsite,48,97028.0,8,High
EMP3318,Dr. Cassandra Hernandez,Sales,13.3,8.7,3,0,Hybrid,53,147491.0,1,High
EMP1070,Heather Jefferson,Operations,9.4,4.6,8,0,Hybrid,64,113114.0,21,High
EMP5541,Douglas Roy,Marketing,4.2,6.0,7,5,Remote,40,176138.0,8,Low
EMP4276,Mary Sanchez,Finance,7.2,3.7,9,7,Remote,94,190675.0,9,Medium
EMP3895,Daniel Taylor,Marketing,4.2,9.0,5,2,Remote,83,129207.0,8,Low
EMP5586,Reginald Smith,Operations,8.2,8.5,10,5,Remote,93,92944.0,15,High
EMP5203,Thomas Griffith,Marketing,11.5,8.4,1,8,Onsite,47,43253.0,6,Medium
EMP5416,Ashley Owens,Sales,4.4,4.3,3,7,Onsite,52,240544.0,25,Medium
EMP2813,Brian Matthews,IT,5.2,6.9,5,12,Remote,95,188471.0,13,Low
EMP2038,Nicole Palmer,Operations,4.7,5.8,7,1,Remote,70,32577.0,13,Low
EMP1896,Christina Contreras,IT,5.3,5.9,4,10,Onsite,100,60286.0,0,Low
EMP3484,Alexandra Banks,Sales,13.4,3.4,7,9,Hybrid,100,65520.0,16,Low
EMP5471,Brian Foley,Operations,10.2,7.7,6,12,Onsite,40,104042.0,25,Low
EMP2599,Stephen Howell,Support,14.7,3.7,3,6,Onsite,74,224127.0,12,Low
EMP2323,David Taylor,Operations,9.2,7.1,3,11,Onsite,67,117980.0,29,Medium
EMP5708,Heather Schwartz,Sales,7.7,7.8,10,11,Hybrid,87,117889.0,22,Medium
EMP3610,Samantha Parsons,HR,12.9,7.8,1,1,Onsite,69,213140.0,5,Low
EMP1765,Jonathan Kramer,Marketing,13.7,6.9,3,1,Hybrid,48,193360.0,25,High
EMP5048,Jenny Barnett,HR,5.6,3.0,6,3,Remote,41,150929.0,2,Medium
EMP3882,Calvin Simpson,Sales,5.4,8.4,7,11,Remote,72,244125.0,15,Medium
EMP3589,Marvin Johnson,Operations,5.6,6.7,10,0,Hybrid,92,32179.0,4,Low
EMP4169,Brandon Shea,Sales,11.1,6.2,7,10,Remote,90,224863.0,3,Low
EMP5854,Dana Anderson,HR,11.3,4.6,9,8,Remote,54,207295.0,20,High
EMP2485,Theresa Valdez,Sales,8.9,8.7,7,5,Remote,45,117270.0,17,Medium
EMP3034,James Goodman,Sales,13.4,8.6,7,8,Onsite,86,111137.0,5,Low
EMP5949,Tammy Dalton,Sales,5.9,5.0,9,4,Onsite,66,145052.0,25,Low
EMP2962,,Operations,6.6,8.1,7,11,Hybrid,68,141005.0,4,High
EMP3094,,IT,6.2,6.8,5,10,Remote,67,65351.0,22,Medium
EMP3550,Michael Savage,Operations,8.1,3.3,7,3,Hybrid,93,191574.0,25,Low
EMP3031,Debbie Lara,IT,9.8,3.2,8,3,Remote,65,25589.0,13,Medium
EMP1381,Amber Stanley,Operations,7.2,7.3,7,6,Onsite,84,130454.0,2,High
EMP2983,Melanie Ortiz,,12.9,4.2,10,5,Hybrid,93,103234.0,3,Medium
EMP5306,Susan Ferrell,Finance,5.7,6.5,4,2,Onsite,44,224860.0,6,Medium
EMP5213,Breanna Knapp,Sales,5.0,3.1,9,1,Hybrid,48,204067.0,22,High
EMP4128,Christopher Hawkins,Support,10.0,8.8,10,7,Remote,49,77777.0,12,Low
EMP2094,Scott Owen,Sales,12.6,8.6,2,1,Remote,44,119433.0,1,Medium
EMP2173,Nathan Solis,Support,4.3,6.0,2,4,Hybrid,93,201439.0,17,Low
EMP3002,Christopher Porter,HR,12.8,4.5,3,8,Remote,54,246377.0,25,Medium
EMP2209,Jessica Oneill,Finance,6.8,5.3,3,6,Onsite,69,46824.0,30,Medium
EMP4881,Allison Barnes,HR,12.3,4.3,8,11,Remote,70,151382.0,25,High
EMP2437,Stephanie Ray,Support,9.4,7.1,4,3,Onsite,87,67490.0,13,Low
EMP1233,Miranda Smith,Operations,6.3,6.4,10,10,Onsite,41,155557.0,28,Medium
EMP1712,Shawn Walton,Marketing,6.0,7.3,7,4,Hybrid,59,216407.0,24,High
EMP3602,Steven Garner,Support,8.6,5.0,8,12,Remote,61,216321.0,27,Low
EMP5732,Rebecca Jones,Marketing,6.2,4.2,9,8,Remote,74,39860.0,25,High
EMP4934,James Acosta,IT,11.2,5.3,8,10,Remote,45,93360.0,22,Medium
EMP1633,Mary Dunlap,Sales,8.3,5.3,5,1,Onsite,67,188924.0,7,High
EMP2807,Nicole Cobb,Operations,,7.4,7,4,Remote,96,67026.0,11,Medium
EMP1415,James Turner,Finance,8.0,6.3,8,5,Hybrid,98,173282.0,16,Medium
EMP5390,Tracy Carter,Marketing,10.6,3.5,9,6,Hybrid,46,234774.0,29,Medium
EMP2918,Robert Smith,Operations,9.2,6.3,2,3,Remote,86,242744.0,22,Medium
EMP4859,Megan Drake,Marketing,5.2,7.2,6,5,Hybrid,71,56791.0,28,Low
EMP1889,Kristin Stephens,Sales,8.2,5.7,5,10,Hybrid,93,141380.0,7,Medium
EMP2103,,HR,10.3,7.8,10,9,Hybrid,95,127468.0,12,Low
EMP1757,Tammy Calderon,Support,4.7,4.3,3,9,Remote,97,222915.0,20,Low
EMP3862,Daniel Green,Sales,12.2,3.7,9,3,Hybrid,76,60901.0,9,High
EMP4601,,Operations,8.2,7.4,4,3,Remote,46,165828.0,2,Low
EMP1017,Anna Martin,IT,5.7,7.6,9,12,Onsite,99,164029.0,29,Medium
EMP4260,Tiffany Martinez,Sales,4.3,,9,3,Remote,53,111150.0,7,Low
EMP3656,Alvin Brown,Marketing,4.7,5.7,9,11,Hybrid,67,67995.0,26,Low
EMP3144,Kimberly Stewart,HR,6.5,5.4,8,5,Hybrid,93,31914.0,18,Low
EMP2351,Tracy Macdonald,Sales,4.1,6.1,5,1,Remote,52,183888.0,0,High
EMP1596,Erin Wilson,IT,14.6,4.7,10,3,Hybrid,69,130894.0,18,Low
EMP5060,Patrick Hurley,IT,4.8,6.9,7,4,Hybrid,47,139700.0,0,Low
EMP3311,Barry Crosby,Support,7.5,4.0,5,9,Onsite,78,156553.0,1,Medium
EMP3312,Joshua Garza,Marketing,11.1,6.6,8,6,Onsite,90,183887.0,16,Low
EMP5133,Brandon Patel,Finance,,3.4,3,4,Onsite,74,182886.0,10,Medium
EMP2595,Daniel Roberts,Operations,5.8,7.1,2,7,Onsite,91,46663.0,11,Low
EMP5346,Kathryn Johnson,Support,,5.5,8,8,Hybrid,89,186625.0,24,Low
EMP1371,Kristen Hill,Finance,6.5,3.5,2,1,Remote,60,121354.0,28,Medium
EMP2514,Jason Jimenez DVM,Operations,14.6,8.4,5,6,Hybrid,68,110300.0,7,Low
EMP4088,Jasmine Bowman,Sales,9.1,6.4,2,12,Onsite,81,162550.0,20,Medium
EMP1652,John Ward,Operations,13.7,6.7,6,12,Remote,79,87596.0,10,High
EMP1598,Samantha Smith,Marketing,13.6,7.9,10,4,Onsite,84,141069.0,30,Medium
EMP1676,Peter Brock,Support,8.4,3.5,9,6,Remote,89,207942.0,4,Medium
EMP1238,Michelle White PhD,Finance,13.5,5.5,3,5,Remote,99,176437.0,23,Low
EMP4670,Diane Payne,Operations,10.2,8.7,10,4,Remote,59,44246.0,18,Medium
EMP5084,James Macdonald,Operations,9.7,4.3,6,8,Remote,65,69804.0,9,High
EMP2096,Julie Morales,Finance,11.8,9.0,9,4,Hybrid,40,226870.0,9,Medium
EMP3194,Paul Jones,Sales,4.8,8.0,2,7,Remote,97,240124.0,18,Low
EMP2117,,IT,8.5,4.0,4,8,Onsite,42,,0,High
EMP1075,Mrs. Barbara Rogers DVM,HR,4.4,3.2,4,3,Remote,93,,19,Low
EMP2491,Evan Hanson,HR,14.1,8.4,6,2,Onsite,65,207695.0,17,Medium
EMP4838,Matthew Taylor,HR,7.0,7.8,3,2,Onsite,76,166218.0,20,Medium
EMP4737,Benjamin Rodriguez,Operations,5.9,8.1,3,10,Hybrid,66,87202.0,28,High
EMP4347,Heather Wolfe,Marketing,11.8,3.6,9,3,Hybrid,91,204047.0,15,High
EMP4438,Matthew Miller,Marketing,10.2,3.6,6,5,Remote,79,149943.0,15,Medium
EMP2073,,HR,6.6,7.9,9,0,Onsite,67,115129.0,6,Low
EMP5121,,Support,11.9,3.9,9,7,Hybrid,68,172072.0,7,Medium
EMP4349,Robert Perez,Finance,13.6,7.9,6,2,Remote,84,137189.0,12,Medium
EMP3100,Charles Holmes,IT,14.2,8.2,2,12,Remote,84,58234.0,28,High
EMP4826,Katherine Curry,Finance,8.8,7.7,8,2,Remote,96,222000.0,8,High
EMP5409,Karen Miller,Sales,10.1,8.7,8,8,Remote,40,123198.0,7,Low
EMP2334,Norma Barker,HR,8.9,6.5,1,10,Remote,58,248269.0,13,Medium
EMP1828,Nicolas Gross,Finance,13.4,5.9,4,9,Remote,70,,14,High
EMP5403,Benjamin Martin,Operations,8.3,8.2,5,11,Onsite,61,160854.0,14,Medium
EMP1096,Micheal Hudson,Support,10.6,6.7,9,6,Onsite,68,141056.0,9,Medium
EMP5044,Sarah Gibson,IT,14.3,5.8,2,5,Remote,83,53262.0,5,Low
EMP3404,Amy Soto,Support,7.5,7.1,2,0,Remote,40,77050.0,23,Medium
EMP2782,Mr. Joseph Brown DDS,Sales,10.7,4.8,5,12,Remote,83,208212.0,1,Low
EMP3807,Jodi Williams,Sales,8.5,3.2,6,6,Hybrid,100,fifty thousand,19,Medium
EMP1621,Norma Williams,Support,7.2,4.6,7,4,Hybrid,96,141627.0,24,High
EMP4010,Todd Cohen,Operations,4.5,5.1,7,4,Onsite,72,222630.0,2,Medium
EMP4917,Erica Jackson,Marketing,6.6,3.4,9,0,Remote,62,153164.0,29,Low
EMP1566,Tyler Freeman,Support,13.7,3.2,6,1,Hybrid,85,161674.0,20,High
EMP2658,Angela Jordan,Finance,10.9,5.0,8,8,Onsite,58,194156.0,9,Low
EMP4231,Kathryn Sanford,Sales,10.8,3.3,2,1,Hybrid,88,79456.0,8,Low
EMP4253,Dennis Austin,HR,10.7,7.9,9,11,Hybrid,41,170734.0,28,High
EMP1748,Whitney Patel,HR,9.2,8.7,3,9,Onsite,56,120276.0,12,High
EMP5168,David Vasquez,Support,4.4,7.9,1,1,Remote,55,214314.0,6,Low
EMP1051,Thomas Weaver,Marketing,5.2,5.6,6,6,Onsite,78,159066.0,3,Low
EMP4497,Jason Adams,Finance,10.2,7.1,8,0,Onsite,68,,9,High
EMP1969,Ian Singh,Marketing,10.8,5.6,7,1,remote,42,159569.0,10,Low
EMP3699,Cameron Kirby,Marketing,12.6,4.4,3,10,Hybrid,69,154670.0,5,High
EMP2483,Mary Carter,Support,10.7,7.0,9,7,Onsite,60,95564.0,6,Medium
EMP1534,Paula Johnston,Finance,7.3,7.7,9,5,Onsite,44,230529.0,22,Low
EMP1745,Justin Lopez,Operations,4.9,5.4,10,9,Hybrid,80,244198.0,22,High
EMP4434,Kathryn Roy,Marketing,9.1,5.4,10,2,Hybrid,51,136441.0,13,High
EMP4821,Carrie Ryan,Marketing,14.0,5.1,6,5,Remote,91,57739.0,2,High
EMP1443,Christopher Haley,Sales,5.1,7.0,9,6,Remote,88,179593.0,7,Medium
EMP5030,Alison Williams,IT,9.3,3.4,7,12,Onsite,79,111439.0,28,Low
EMP1195,Todd Mccoy,HR,12.5,7.7,9,8,Onsite,66,67482.0,26,Low
EMP5286,Darren Bell,Finance,9.6,6.7,9,0,Remote,65,66351.0,23,Low
EMP2860,Anthony Johnson,Sales,7.7,7.8,4,2,Remote,60,229890.0,20,High
EMP1802,Paul Thomas,Marketing,12.1,3.8,4,0,Hybrid,86,180437.0,7,Low
EMP2835,Eric Henson,IT,4.8,5.2,3,9,Remote,91,87113.0,24,Low
EMP2055,,Sales,5.4,3.4,5,9,Onsite,94,84759.0,28,Medium
EMP4733,Kimberly Larson,HR,7.4,6.7,7,6,Hybrid,94,,29,Medium
EMP2541,Shane Green,Finance,7.0,4.9,6,9,Onsite,81,68501.0,4,High
EMP5711,Charles Taylor,HR,14.2,4.7,1,2,Hybrid,53,182208.0,30,High
EMP3754,Sarah Morales,Support,5.2,7.2,6,8,Hybrid,87,143928.0,4,Low
EMP5726,Paul Ball,Finance,4.6,8.9,3,10,Onsite,84,143978.0,21,High
EMP1996,Trevor Blake,,13.9,8.1,9,9,Hybrid,82,52300.0,22,Medium
EMP5532,Diana Gillespie,,4.1,8.8,5,7,Hybrid,43,54181.0,26,High
EMP1644,Linda Davis,Sales,12.7,6.5,7,12,Onsite,55,27340.0,1,Medium
EMP2010,Destiny Guzman,Operations,7.1,3.6,9,4,Remote,73,114314.0,24,Low
EMP4796,Teresa Riley,Finance,12.6,8.2,5,4,Hybrid,73,242062.0,17,High
EMP4007,John Brewer,IT,10.6,6.5,3,3,Remote,69,120481.0,7,High
EMP5566,Mrs. Chelsea Diaz DVM,Marketing,10.3,,3,2,Onsite,77,82941.0,2,Medium
EMP1120,Barbara Erickson,IT,9.8,5.7,3,6,Hybrid,95,196646.0,4,Medium
EMP2260,Angela Wright,IT,13.4,4.8,5,8,Onsite,47,69855.0,7,Low
EMP5059,Julian Cox,Marketing,5.7,6.1,10,2,Onsite,72,233836.0,4,High
EMP5172,Theresa Rogers,HR,13.1,7.5,4,1,Onsite,65,31841.0,26,Medium
EMP4816,Jacob Murray,Sales,8.4,3.5,9,5,Onsite,72,209469.0,3,Medium
EMP4340,,Marketing,4.8,3.7,8,10,Remote,75,203193.0,29,Medium
EMP4667,Brett Torres,Finance,13.5,6.3,1,4,Onsite,70,242765.0,18,Medium
EMP3634,Vincent Perez,Sales,6.4,3.9,6,5,Hybrid,88,199283.0,22,Low
EMP4352,Natalie Foster,Sales,14.2,5.3,8,6,Hybrid,56,163657.0,14,High
EMP3523,Alan Hickman,IT,6.4,7.6,4,1,Remote,98,203433.0,28,High
EMP4150,Sharon Raymond,Support,11.9,4.2,9,8,Onsite,88,214768.0,4,Medium
EMP1134,Justin Jones,HR,6.2,7.7,6,8,Hybrid,72,96441.0,26,Medium
EMP3648,Megan Fernandez,Sales,9.9,7.8,2,4,Onsite,good,152296.0,30,High
EMP4536,Clinton Jenkins,HR,7.4,8.2,2,6,Onsite,52,242341.0,3,Medium
EMP4817,Jordan Evans,Support,4.1,5.2,2,9,Hybrid,67,fifty thousand,19,High
EMP3457,Sarah Lee,IT,14.8,4.7,10,3,Remote,59,227600.0,23,High
EMP1184,Carrie Stone,Finance,8.5,5.0,10,0,Remote,90,190383.0,20,Medium
EMP3405,Molly Stewart,Finance,13.2,5.4,3,0,Hybrid,63,239268.0,26,High
EMP2874,Melinda Taylor,HR,13.7,3.3,3,7,Remote,44,42798.0,4,High
EMP1511,Summer Avila,HR,9.2,,8,1,Remote,46,224051.0,21,Medium
EMP5943,Danny Brock,Finance,5.4,4.0,3,6,Remote,59,244797.0,20,High
EMP1062,Mary Ross,Operations,9.1,6.3,2,7,Onsite,48,235086.0,14,High
EMP5740,,,9.4,5.3,4,4,Hybrid,78,77740.0,27,Low
EMP4467,Joanna Richards,Operations,10.2,5.1,6,0,Onsite,83,59774.0,22,Low
EMP3873,Diane Peterson,IT,8.7,5.8,3,0,Remote,62,41949.0,14,Medium
EMP5006,Mallory Matthews DDS,Finance,8.2,6.1,7,0,Hybrid,40,159746.0,6,Medium
EMP4860,Eric Hodges,Support,5.9,6.1,3,4,Hybrid,66,89495.0,0,Low
EMP4914,Melissa Brown,HR,10.4,8.5,9,7,Remote,40,183405.0,30,High
EMP1251,Jessica Lamb,HR,5.2,3.1,6,6,Hybrid,49,133255.0,22,High
EMP1625,Michael Howell,Finance,4.9,8.6,7,4,Hybrid,54,89853.0,23,High
EMP5668,Tracy King,IT,14.4,3.1,5,8,Onsite,67,132178.0,15,Medium
EMP5069,Cynthia Velez,Sales,9.2,,5,3,Hybrid,54,136319.0,17,High
EMP3804,Christopher Hernandez,Sales,4.9,3.6,2,5,Onsite,45,198579.0,19,Medium
EMP5412,Karen Chen,Marketing,6.4,4.3,5,1,Remote,62,25342.0,23,Low
EMP1122,Sharon Thompson,HR,10.9,8.3,8,8,Onsite,42,186863.0,2,High
EMP4165,Erin Riley,Sales,10.9,4.0,9,3,Hybrid,72,94094.0,17,Medium
EMP4613,Kellie Walsh,HR,9.8,8.8,6,10,Hybrid,82,135799.0,11,Low
EMP4102,Daniel Ramirez,Marketing,11.6,3.8,7,0,Onsite,98,141015.0,10,High
EMP3642,Mark Wilson,Support,9.8,4.6,9,0,Remote,64,106082.0,9,High
EMP3987,Austin Porter,IT,5.7,4.2,10,8,Onsite,83,199291.0,7,Low
EMP5288,John Evans,Support,12.8,8.7,3,4,Remote,99,83272.0,9,Medium
EMP1567,Ashley Mcdonald,Sales,6.9,6.3,3,6,Onsite,81,124226.0,11,Low
EMP2630,Chris Mcdaniel,Marketing,13.8,4.2,8,7,Remote,55,204220.0,19,Low
EMP2832,Karen Nielsen,Finance,8.1,5.2,9,12,Remote,67,131743.0,22,Medium
EMP5912,Johnathan Cruz,Support,7.2,6.4,8,10,Remote,58,68699.0,24,High
EMP1693,Carlos Vega,HR,6.3,3.8,9,10,Hybrid,91,78034.0,27,High
EMP1864,Timothy Robertson,Finance,10.1,7.3,3,3,Onsite,51,243178.0,12,Medium
EMP4785,George Lee,Marketing,14.5,5.3,6,11,Hybrid,66,27990.0,26,High
EMP5783,Jennifer Gay,Sales,9.8,4.9,3,11,Hybrid,58,118186.0,4,Low
EMP4418,Linda Tucker,HR,12.0,8.9,6,6,remote,94,,29,High
EMP1856,Emily Taylor,Operations,10.8,4.3,6,1,Remote,60,,19,High
EMP2897,Lisa Gonzalez,IT,13.1,5.5,1,9,Hybrid,97,36543.0,21,High
EMP4593,Scott Burns,Marketing,4.6,8.2,4,8,Onsite,60,210001.0,15,Low
EMP2168,John Bell,Marketing,ten,4.5,8,9,Onsite,83,197720.0,27,Medium
EMP2001,,Finance,7.2,4.0,5,5,Onsite,85,222878.0,13,High
EMP1720,Melissa Espinoza,IT,8.1,,2,12,Hybrid,67,246068.0,17,Medium
EMP3917,Brian Dawson,,5.0,8.3,1,7,Hybrid,89,112383.0,24,Medium
EMP3187,Danielle Lee,HR,9.1,8.6,8,0,Onsite,53,247703.0,28,Low
EMP2593,David Faulkner,Marketing,5.5,4.1,4,4,Onsite,67,49340.0,10,Low
EMP5399,Curtis White,Support,9.6,7.1,9,6,Onsite,88,41472.0,1,Medium
EMP4447,Steven Blanchard,HR,4.1,6.9,7,10,Onsite,42,154343.0,8,Low
EMP1602,Kenneth Harris,Sales,4.8,8.6,8,5,Hybrid,62,82295.0,28,Low
EMP2101,Ronnie Kent,Operations,14.4,3.1,6,5,Hybrid,54,134876.0,13,High
EMP5376,Sharon Lewis,Finance,,3.6,4,4,Onsite,81,94369.0,6,High
EMP4906,,IT,10.1,7.7,5,1,Hybrid,42,82788.0,8,Low
EMP4882,Roy Espinoza,HR,6.2,,9,7,Hybrid,46,180163.0,25,Low
EMP4616,Heather Solis,Marketing,12.1,7.9,10,12,Remote,82,119810.0,26,Low
EMP2504,Erica Schroeder,it,13.8,6.0,2,2,Hybrid,57,216793.0,21,Low
EMP4728,Cynthia Stokes,Marketing,12.9,4.4,9,12,REMOTE,90,178453.0,13,High
EMP1318,Kevin Hampton,HR,,4.8,4,11,Hybrid,44,46505.0,8,High
EMP5339,John Robinson II,IT,7.2,3.9,3,2,Remote,86,213174.0,22,High
EMP4258,John Bishop,HR,8.3,6.4,9,10,Onsite,45,200051.0,3,Medium
EMP1274,Julie Stevenson,Finance,12.3,8.2,2,8,Remote,68,163457.0,22,High
EMP5576,Valerie Chavez,Support,4.7,7.3,1,4,Onsite,49,,15,High
EMP1549,Michael Carpenter,,7.3,8.3,6,0,Remote,75,170508.0,4,Low
EMP4207,Kyle Perez,Support,7.3,5.4,6,6,Hybrid,96,105522.0,4,Low
EMP4045,Denise Greene,Sales,6.1,4.5,10,1,Remote,75,233348.0,11,Medium
EMP2907,,HR,10.0,6.1,10,0,Onsite,56,169296.0,21,Low
EMP4159,Jeremy Walker,Support,13.7,4.4,10,0,Hybrid,42,210710.0,26,Medium
EMP1605,Angela Cox,IT,11.4,7.0,10,0,Hybrid,88,249680.0,17,Medium
EMP2084,,HR,7.5,5.6,4,0,Onsite,88,,18,Medium
EMP1527,Jo Simpson,Marketing,10.2,4.4,5,11,Hybrid,82,37315.0,29,Medium
EMP4704,Taylor Butler,Finance,10.6,,4,10,Onsite,46,137576.0,29,High
EMP5896,Lacey Walker,HR,7.6,8.6,8,7,Remote,88,234330.0,1,High
EMP5484,Thomas Howard,Marketing,9.1,6.4,3,12,Hybrid,71,182095.0,26,Low
EMP1829,Margaret Ramirez,Sales,8.7,8.2,4,5,Remote,67,176903.0,7,High
EMP3323,,IT,10.5,4.7,9,0,Onsite,92,240049.0,27,Medium
EMP2623,Belinda Smith,Finance,9.5,6.2,4,6,Hybrid,71,223397.0,14,Low
EMP5072,Barbara Doyle,Finance,13.0,6.0,6,0,Remote,86,71297.0,0,Low
EMP3653,,Finance,9.9,4.2,7,3,Onsite,95,50260.0,0,Low
EMP1295,Madeline Moss,Marketing,12.2,7.5,4,11,Remote,78,209488.0,6,High
EMP3700,Christina Adkins,it,,7.4,10,5,Hybrid,75,109144.0,22,High
EMP2427,Adam Blackwell,Sales,9.0,3.1,3,5,Remote,72,249353.0,27,Medium
EMP1298,John Jordan,Sales,8.6,6.4,4,11,Onsite,49,29251.0,8,High
EMP1068,Jennifer Sanchez,IT,14.0,6.5,1,12,Hybrid,76,124714.0,15,Medium
EMP3728,James Lane,IT,5.3,3.5,4,9,Hybrid,71,243704.0,17,Medium
EMP2786,Melissa Cooley,HR,5.1,8.7,4,11,Hybrid,60,44126.0,22,Low
EMP5055,Chelsea Underwood,Finance,13.0,6.9,5,7,Hybrid,49,207130.0,20,Low
EMP5019,Robyn Turner,Operations,10.4,8.5,4,9,Onsite,73,111347.0,30,High
EMP5464,Andrea Fletcher,IT,13.3,,6,5,Remote,77,82933.0,10,Medium
EMP4768,Dawn Turner,it,14.0,7.6,3,8,Hybrid,55,74649.0,2,Medium
EMP2654,Kayla Williams,Finance,12.4,5.9,2,8,Onsite,96,229842.0,1,Low
EMP1150,Sean Patterson,Support,9.0,,10,0,Onsite,86,230318.0,29,High
EMP1756,Marcus Gray,Marketing,10.6,7.1,10,12,Onsite,92,124329.0,10,High
EMP2149,Kelly Brown,IT,8.2,4.8,10,1,Hybrid,66,35178.0,29,High
EMP4172,Trevor Walker,Operations,10.1,8.4,4,4,Hybrid,97,210189.0,16,High
EMP4230,Joseph Lamb,IT,6.0,4.1,6,6,Onsite,48,196708.0,0,High
EMP4090,Kristin Allen DDS,Finance,13.7,6.3,4,5,Onsite,85,184193.0,15,High
EMP2433,Catherine Guerra,Support,5.2,8.6,8,5,Onsite,88,85695.0,24,Low
EMP2697,Lucas Pham,HR,5.5,4.5,10,0,Onsite,48,160953.0,4,Medium
EMP5750,George Cobb,Marketing,13.2,7.6,4,10,Remote,100,215123.0,5,Medium
EMP5938,Kyle Dawson,Operations,,3.2,10,3,Onsite,78,96458.0,23,Low
EMP1376,Tony George,Sales,10.6,6.6,1,10,Onsite,96,104075.0,6,High
EMP3220,Heather Pitts,IT,14.6,8.5,2,5,Onsite,65,68102.0,8,High
EMP2244,David Juarez,HR,10.9,3.9,2,2,Remote,65,35057.0,8,Medium
EMP1859,Jill Malone,Marketing,14.4,8.5,6,6,Hybrid,49,212685.0,27,Medium
EMP4747,Gary Ward,HR,12.6,4.7,8,1,Remote,56,125139.0,21,Low
EMP4062,Samuel Lyons,Marketing,4.1,,5,5,Onsite,85,98011.0,9,High
EMP3974,Patricia Ware,Marketing,4.3,5.9,8,10,Hybrid,53,30833.0,26,High
EMP5144,Morgan Green,Sales,4.3,5.1,4,11,Onsite,80,126377.0,4,High
EMP2534,Heidi Jackson,Marketing,12.0,,4,0,Hybrid,89,154346.0,8,High
EMP1378,Kimberly Roberts,,5.2,6.0,10,1,Remote,73,28163.0,11,Medium
EMP2756,Jimmy Sparks,IT,13.5,8.9,4,12,Onsite,74,176770.0,4,High
EMP3770,Anthony Scott III,HR,4.1,6.3,8,11,Remote,81,69521.0,1,Low
EMP4966,Michael Snyder,Support,5.9,4.9,10,9,Remote,76,153373.0,14,High
EMP2964,Raymond Black,HR,7.5,6.0,10,6,Hybrid,93,140917.0,19,Low
EMP5948,Kathleen Weaver,Finance,12.9,7.8,6,11,Remote,98,221584.0,4,Low
EMP4996,Ariel Jenkins,HR,8.8,4.1,8,11,Hybrid,74,169746.0,17,Low
EMP5269,Mary Mathis,Finance,,4.2,10,5,Hybrid,60,231536.0,23,Medium
EMP5987,Douglas Rodriguez,Operations,12.2,8.4,1,0,Remote,91,206191.0,9,Medium
EMP3603,Daniel Watson,HR,6.2,6.1,3,9,Remote,90,86282.0,0,Low
EMP4639,Andrea Jenkins,Finance,10.7,7.9,5,2,Onsite,46,205653.0,19,Medium
EMP1418,Jason Hendricks,Support,13.0,8.5,1,12,Hybrid,100,82517.0,18,Medium
EMP3445,Angela Mccarty,,4.6,5.2,10,5,Remote,62,45987.0,11,Low
EMP4246,Eileen Kelly,HR,9.2,3.9,8,10,Onsite,84,134667.0,30,High
EMP1794,,Finance,9.9,5.6,10,10,Remote,46,140757.0,22,Low
EMP3694,Douglas Long,,11.3,5.6,1,4,Hybrid,71,105557.0,15,High
EMP1841,Brian Little,Sales,9.5,8.0,8,11,remote,74,202814.0,26,Medium
EMP5137,Kelly Cobb,IT,4.5,8.2,4,9,Remote,72,32585.0,22,High
EMP5748,Juan Reyes,Support,4.0,3.2,10,3,Onsite,64,115324.0,2,Medium
EMP1175,Alexander Moore,HR,14.0,5.1,3,3,Remote,46,63389.0,8,High
EMP2840,Sergio Turner,,11.8,5.8,10,0,Remote,68,73477.0,16,Low
EMP3949,Justin Riley,Operations,13.1,3.3,7,2,Onsite,65,,6,High
EMP1927,Abigail Miller,Marketing,6.6,5.5,3,1,Hybrid,51,81127.0,8,Medium
EMP5755,Zachary Hernandez,Support,11.2,3.3,4,0,Remote,52,95429.0,2,High
EMP1045,Jennifer Moore,HR,6.7,3.6,9,6,Remote,79,221471.0,4,Low
EMP5878,Brianna Dalton,Finance,9.3,7.8,6,3,Onsite,81,249691.0,0,Low
EMP5256,Samuel Murillo,Sales,12.0,7.1,2,5,Remote,71,199506.0,22,Medium
EMP4758,Michelle Norman,HR,14.6,7.3,8,10,Hybrid,40,85153.0,9,High
EMP3980,Elizabeth Ramos,IT,7.5,3.1,5,9,Onsite,48,61437.0,26,Medium
EMP1283,Terry Francis,Finance,10.0,6.2,4,3,Remote,69,115743.0,4,High
EMP2740,John Bradford,Finance,7.2,5.5,1,11,Hybrid,69,247672.0,28,High
EMP2717,Melissa Brown,HR,8.4,8.6,9,3,Remote,49,245204.0,21,Low
EMP2454,Randy Sanchez,Marketing,4.5,7.8,4,0,Remote,44,39851.0,4,Medium
EMP2909,Vanessa Lopez,Marketing,14.3,6.1,7,3,Onsite,76,117047.0,23,Low
EMP5945,Gabriel White,Finance,11.0,4.9,6,3,Onsite,61,66281.0,25,Low
EMP2183,Courtney Allen,Sales,,8.7,4,7,Hybrid,83,144481.0,4,Low
EMP2049,Rita Mason,Marketing,4.9,3.2,8,10,Onsite,47,117535.0,26,Medium
EMP2330,Lisa Hamilton,IT,8.6,5.1,9,6,Remote,73,225561.0,10,Medium
EMP3223,Kathy Gould,Marketing,12.6,5.2,4,8,Hybrid,46,171783.0,22,Medium
EMP3229,Rick Bradford,Marketing,5.2,7.4,6,9,Hybrid,96,81221.0,26,High
EMP3899,Elizabeth Wood,HR,13.5,5.6,10,4,Onsite,90,141287.0,13,Low
EMP4942,Ashley Nichols,HR,5.4,8.0,1,5,Hybrid,41,187827.0,29,Low
EMP5725,Lisa Walker,Finance,14.8,6.7,4,4,Onsite,100,47448.0,23,Medium
EMP1257,Tina Wood,Operations,13.0,8.7,3,4,Remote,42,100400.0,30,Medium
EMP3331,Jason Hernandez,Finance,6.5,3.7,2,12,Hybrid,77,136023.0,3,Low
EMP1099,Morgan Dunn,Support,10.5,,4,4,Hybrid,85,99112.0,22,Low
EMP2487,George Rogers,Support,6.7,8.5,10,10,Hybrid,48,183740.0,8,Medium
EMP2374,Brian Smith,Sales,13.8,8.8,7,10,Onsite,68,200173.0,3,Low
EMP5148,Juan Quinn,IT,11.2,3.6,2,9,Hybrid,80,211060.0,5,Medium
EMP4358,Kevin Moran,HR,10.3,4.8,6,0,Hybrid,51,63625.0,25,Medium
EMP4625,Maria Hall,Finance,6.7,6.2,3,2,Remote,44,91421.0,1,Low
EMP2721,Nicholas Clark,Sales,8.7,4.2,1,6,Hybrid,58,127176.0,28,Medium
EMP1366,Mary Davies,HR,14.2,3.9,8,0,Onsite,67,78036.0,22,Medium
EMP4585,,Operations,14.0,3.5,4,12,Hybrid,73,93343.0,25,Low
EMP4402,Jason Barrett,Operations,11.8,3.9,5,2,Hybrid,83,124578.0,21,Low
EMP3732,Samantha Rogers,Operations,10.9,6.9,high,8,Hybrid,88,30417.0,24,High
EMP1949,Steven Garcia,IT,11.8,7.4,5,1,Hybrid,46,171014.0,1,Low
EMP5104,Desiree Farmer,Marketing,8.6,7.7,6,6,Onsite,47,43325.0,11,Medium
EMP1019,Brandon Brown,HR,4.9,5.9,2,12,Onsite,74,225758.0,4,Medium
EMP3439,Edward Woods,Support,8.4,7.1,2,7,Onsite,97,102796.0,6,Medium
EMP1668,Deborah Lee,HR,,5.1,3,4,Hybrid,63,177608.0,7,Medium
EMP1218,David Donovan,Marketing,14.4,3.2,3,10,Remote,68,122246.0,11,High
EMP2268,Grant Potter,HR,10.3,8.7,3,10,Remote,58,30517.0,9,Medium
EMP5577,Daniel Allen,IT,9.2,6.7,6,4,Remote,93,178232.0,4,Low
EMP4547,Katie Navarro DDS,Sales,8.8,4.6,10,11,Remote,87,73301.0,10,High
EMP4703,Linda Davis,Finance,9.3,5.2,3,9,Remote,83,205353.0,8,Medium
EMP5974,Michael Lowe,Marketing,15.0,7.5,5,4,Remote,92,157918.0,15,Low
EMP5804,Derek Wright,Marketing,,8.6,4,1,Hybrid,41,187459.0,0,Low
EMP5017,Katherine Hoffman,Support,12.2,3.8,6,4,Hybrid,81,85885.0,9,Medium
EMP4000,Gabriella Becker,Operations,,8.8,10,2,Hybrid,81,194566.0,14,Low
EMP2018,Jamie Williams,Support,8.1,6.2,10,8,Hybrid,73,229164.0,12,High
EMP3420,Regina Huber,HR,5.0,7.3,7,2,Remote,67,94801.0,5,High
EMP4912,Patricia Guerrero,Sales,7.0,5.8,3,7,Hybrid,60,198380.0,15,Low
EMP1517,Nicholas Fisher,Sales,10.4,7.4,3,1,Hybrid,64,197365.0,19,High
EMP5020,Christopher Roth,Sales,13.5,7.4,8,12,Hybrid,78,209560.0,25,Medium
EMP2505,Bailey Rivas,Finance,12.2,4.3,2,5,Hybrid,50,157922.0,10,High
EMP3413,,IT,14.9,7.0,8,12,Hybrid,79,44044.0,11,High
EMP2652,Kirk Holden,it,11.9,4.1,10,4,Remote,75,97738.0,2,High
EMP5813,Jennifer Fletcher MD,IT,4.8,,10,0,Onsite,54,142944.0,29,High
EMP2406,,IT,14.5,7.3,3,11,Hybrid,52,138259.0,18,Low
EMP2392,Renee Mendez,IT,13.7,4.0,1,9,Hybrid,62,149211.0,18,Low
EMP3533,Brandon Salazar,HR,12.0,3.4,3,5,Remote,69,198688.0,27,Medium
EMP3753,Patrick Miller,Support,9.9,8.1,10,8,Hybrid,69,225608.0,8,Medium
EMP2052,Katie Cooper,Finance,10.9,7.9,4,3,Hybrid,71,120158.0,1,High
EMP5966,,HR,14.7,8.6,8,7,Hybrid,90,146576.0,14,Medium
EMP1759,Mr. Kevin Nelson,Sales,13.7,4.8,5,6,Remote,85,115246.0,2,High
EMP3874,Jennifer Griffin,Finance,6.2,8.0,8,1,Onsite,63,125735.0,25,Medium
EMP2090,,Support,13.8,6.4,6,4,Remote,75,47219.0,4,Medium
EMP1214,Amanda French,Marketing,7.5,3.5,5,4,Remote,68,182973.0,22,High
EMP2224,Michael Ellis,Sales,14.3,3.8,8,8,Onsite,83,202412.0,28,Low
EMP4878,Gregory Williams,Support,4.9,4.8,7,0,Hybrid,62,200331.0,19,Medium
EMP5753,Jody Browning,Marketing,5.3,4.4,5,2,Remote,61,228317.0,12,Low
EMP2413,,Finance,12.3,6.7,5,12,Remote,55,177128.0,16,High
EMP1196,Mr. Christopher Barber,Support,13.6,3.3,8,5,Onsite,75,51893.0,22,Low
EMP2545,Heather Murphy,IT,9.9,5.0,1,9,Hybrid,69,180832.0,5,High
EMP2752,John Thompson,Sales,11.1,4.3,1,4,Hybrid,55,30445.0,27,Medium
EMP2379,Benjamin Padilla,Finance,11.8,6.9,9,1,Hybrid,98,59094.0,7,Medium
EMP2056,Maria Lee,Marketing,,7.1,9,9,Remote,56,203436.0,17,Medium
EMP3209,Jessica Willis,Finance,9.6,8.8,1,11,Remote,81,140711.0,2,Low
EMP1887,Lisa Smith,Marketing,8.7,6.1,7,1,Remote,88,107386.0,3,High
EMP5810,Jacob Howell,Support,14.6,5.1,2,3,Remote,96,91763.0,26,High
EMP3801,,,4.1,7.8,6,4,Onsite,74,245894.0,30,Medium
EMP3671,Adrian Sanchez,Marketing,7.3,3.8,10,0,Remote,68,95285.0,20,High
EMP1568,Hannah Rodriguez,Support,9.7,5.3,4,8,Hybrid,65,117510.0,26,Medium
EMP5307,Matthew Mendoza,Operations,5.8,3.8,10,12,Remote,91,94517.0,1,Low
EMP4509,Autumn Zuniga,Marketing,11.1,7.2,4,11,Onsite,64,182347.0,0,High
EMP1139,Joseph Howell,IT,6.4,,8,11,Remote,59,195194.0,13,Low
EMP4529,Beverly Wilson,Marketing,8.1,8.6,3,9,Remote,46,46484.0,17,Low
EMP2632,Michelle Hinton,Marketing,9.1,8.8,1,11,Onsite,42,203788.0,21,Medium
EMP4980,Barbara Hancock,Operations,9.9,4.5,3,2,Remote,67,70329.0,6,Low
EMP1463,Margaret Stevens,Support,6.3,6.9,9,0,Onsite,95,229551.0,30,Low
EMP4032,Erica Owens,Sales,13.7,3.5,6,3,Hybrid,80,fifty thousand,14,Medium
EMP1594,Amanda Olsen,IT,12.6,5.1,7,6,Onsite,77,77510.0,16,High
EMP3333,Chelsea Buck,Marketing,10.1,5.0,7,5,Onsite,46,229218.0,29,High
EMP1450,Katherine Case,IT,8.6,3.9,10,9,Onsite,88,51267.0,29,Low
EMP2728,Mark Larson,IT,8.8,7.9,9,11,Onsite,79,144109.0,4,Medium
EMP2480,Kyle Kim,HR,12.9,6.1,9,12,Hybrid,77,211866.0,11,High
EMP2818,Anna Smith,Support,5.1,3.4,1,0,Remote,98,38828.0,10,Medium
EMP5685,Mary Hill,Support,13.5,7.7,8,10,remote,100,89053.0,23,Low
EMP5521,Erica Lynch,HR,4.9,6.1,7,7,Remote,95,205395.0,19,Low
EMP5924,Corey Carr,Support,8.9,4.9,2,12,Remote,49,234447.0,27,High
EMP5366,Tiffany Hunt,IT,5.4,8.4,10,0,Remote,100,80222.0,6,Low
EMP1451,Amy Aguilar,Marketing,12.6,8.2,6,6,Onsite,56,125412.0,20,High
EMP5367,Diana Castillo,Marketing,6.0,,6,4,Remote,75,35736.0,29,Medium
EMP4215,Anthony Livingston,Finance,11.6,4.8,4,2,Onsite,62,49325.0,3,High
EMP4149,Brian Smith,Finance,8.0,8.7,5,1,Onsite,72,136505.0,23,High
EMP4483,Gregory King,Operations,10.8,6.5,3,2,Hybrid,98,202518.0,22,Medium
EMP4292,Brittany Drake,IT,10.6,7.0,2,7,Hybrid,48,165587.0,4,Medium
EMP5853,Kelly Brown,Marketing,14.0,5.2,9,6,Remote,79,210408.0,10,Low
EMP1999,Xavier Yates,Support,8.9,6.0,2,2,Remote,81,120351.0,10,Low
EMP5845,Michelle Montgomery,Support,8.7,6.4,3,6,Remote,64,173259.0,24,Low
EMP4426,Kyle Reese,Support,12.6,8.4,5,12,Hybrid,69,246984.0,0,High
EMP1192,Robert Holmes,Finance,12.5,7.9,3,11,Onsite,68,36453.0,13,High
EMP5039,Randy Green,HR,12.4,6.6,5,12,Hybrid,53,,20,Medium
EMP5335,Makayla Jackson,Support,7.8,7.5,high,0,Onsite,73,109155.0,23,High
EMP4622,Nicole Grimes,IT,8.1,3.8,7,5,Onsite,78,178660.0,11,High
EMP5386,Kathryn Wilcox,it,14.6,6.9,5,2,Remote,67,231208.0,15,Low
EMP5589,Jennifer Maxwell,Marketing,4.9,4.1,3,2,Hybrid,58,190965.0,3,Medium
EMP3172,Jonathan Braun,Operations,14.2,4.3,9,7,Onsite,91,,3,Low
EMP3750,Stacy Bowers,Sales,6.9,4.6,5,7,Remote,47,fifty thousand,24,High
EMP3127,Peter Phillips,Operations,12.3,8.2,1,2,Onsite,65,231742.0,7,Medium
EMP2907,,HR,10.0,6.1,10,0,Onsite,56,169296.0,21,Low
EMP4910,Jason Robinson,IT,4.0,7.5,1,12,Hybrid,97,126290.0,14,High
EMP5348,Kara Warren,HR,8.6,,5,8,Onsite,73,164771.0,4,Medium
EMP3314,Michelle Barnett,Marketing,10.1,4.8,7,6,Hybrid,46,63912.0,6,Low
EMP4897,Andrea Brown,Support,12.5,5.9,10,0,Remote,77,,12,Medium
EMP4200,Valerie Clark,Sales,5.3,8.3,7,6,Onsite,68,145502.0,3,Medium
EMP3609,Krystal Miller,Marketing,6.4,7.3,3,0,Remote,48,166605.0,9,High
EMP2822,Richard Blake,Operations,10.2,6.8,5,11,Remote,94,90376.0,3,Medium
EMP5672,Jonathon Lewis,Support,ten,4.8,1,7,Hybrid,55,60285.0,9,High
EMP5608,Pamela Bernard,Marketing,6.7,8.0,5,2,Remote,55,165744.0,13,Medium
EMP5740,,,9.4,5.3,4,4,Hybrid,78,77740.0,27,Low
EMP1191,Amanda Gaines,HR,11.3,8.3,10,2,Remote,78,123754.0,4,High
EMP2879,Brian Mcneil,Finance,4.5,4.3,4,2,Hybrid,95,61090.0,16,Medium
EMP4127,Sara Foley,Marketing,9.7,7.1,10,4,Remote,76,228173.0,25,High
EMP3890,Benjamin Cruz,IT,6.0,7.2,3,10,Remote,49,151391.0,3,Medium
EMP5089,Kevin Freeman,Operations,13.0,3.5,6,9,Remote,66,55876.0,16,Low
EMP3915,Dr. Mark Bruce,Support,13.3,5.4,3,9,Onsite,67,59671.0,0,Low
EMP5606,Aaron Luna,,14.3,8.8,3,2,Hybrid,96,215454.0,28,Medium
EMP2942,Kristin Reynolds,Support,7.6,4.8,8,8,Onsite,71,126212.0,24,High
EMP5665,Lucas Morrison,HR,14.7,7.8,1,11,Onsite,42,144414.0,24,High
EMP3029,Joseph English,Marketing,14.1,6.7,4,5,Hybrid,93,179899.0,7,Medium
EMP4932,Isaac Hicks,HR,11.6,3.9,9,7,Onsite,85,214470.0,4,High
EMP5448,Brian Robinson,HR,11.5,4.4,2,5,Hybrid,94,47189.0,17,Low
EMP4668,Paul Frost,IT,13.9,3.5,10,9,Remote,40,81182.0,16,Medium
EMP1312,Connor Hale,IT,13.9,6.4,1,2,Remote,99,247934.0,10,High
EMP2871,Jesse Thompson,Marketing,5.8,3.8,1,1,Hybrid,43,110599.0,17,Low
EMP1166,Catherine Gray,Support,8.9,5.5,10,7,Onsite,66,96609.0,6,Low
EMP3104,Luis Green,Marketing,5.0,4.6,9,2,Hybrid,92,71742.0,1,Low
EMP2420,Daniel Bryant,IT,5.1,3.1,9,7,Hybrid,65,39589.0,29,Medium
EMP2024,Kimberly Guzman,IT,6.4,7.9,8,0,Remote,47,168533.0,11,Medium
EMP4565,Michael Franco,Operations,4.4,4.9,3,4,Onsite,93,110141.0,2,High
EMP5768,Amber Cox,Finance,9.1,7.9,4,2,Onsite,82,207462.0,0,Medium
EMP2615,,HR,14.2,3.1,6,5,Hybrid,62,240647.0,14,High
EMP3417,Jennifer Hammond,Sales,8.1,3.8,2,12,Hybrid,69,119688.0,10,Low
EMP5645,Teresa Martin,IT,12.0,4.8,3,1,Remote,42,132835.0,11,Low
EMP3053,Kari Baldwin,Finance,10.6,8.1,6,1,Hybrid,46,94258.0,24,Low
EMP4557,Amanda Cooper,HR,11.2,7.2,1,11,Onsite,98,72253.0,9,Low
EMP2200,Alexis Barrera,Marketing,14.0,7.8,3,6,Onsite,92,208695.0,0,High
EMP3497,Lisa Morales,Finance,10.4,8.7,4,1,Remote,100,230824.0,0,High
EMP2212,Christopher Burnett,IT,8.2,8.8,4,1,Onsite,57,57668.0,17,High
EMP4864,James Harris,Marketing,8.9,8.3,5,3,Remote,83,81563.0,22,High
EMP1152,Christopher Smith,IT,9.4,8.5,2,1,Remote,60,184461.0,4,Medium
EMP2876,Donald Wang,Support,12.3,6.0,9,0,Hybrid,73,134144.0,20,High
EMP3726,Melinda West DVM,Marketing,12.7,4.2,8,12,Onsite,95,66910.0,16,Low
EMP5860,Yesenia Green,it,11.5,4.7,1,9,Hybrid,75,71513.0,2,Low
EMP5863,Katelyn Lee MD,IT,8.4,6.5,1,0,Onsite,84,26495.0,22,High
EMP1065,,Finance,12.4,6.1,4,4,Remote,68,45311.0,22,Medium
EMP5765,Anthony Arroyo,Marketing,6.8,7.4,10,8,Remote,72,148240.0,5,High
EMP2837,Melissa Jones,HR,13.6,7.7,2,9,Remote,47,39723.0,22,High
EMP4082,Teresa Thompson,HR,7.3,8.2,3,12,Remote,66,131457.0,0,Medium
EMP2231,Benjamin Johnson,Finance,13.3,3.3,1,9,Remote,69,111127.0,9,Low
EMP5998,David Johnson,Sales,6.9,5.2,2,8,Hybrid,49,122830.0,12,Low
EMP2539,Shelby White,Sales,13.6,3.7,7,7,Hybrid,50,189145.0,25,Low
EMP3067,Kimberly Baker,Finance,10.3,6.9,2,11,Remote,40,133358.0,3,Medium
EMP1031,Christopher Davis,Sales,11.9,3.9,5,3,Remote,43,176828.0,23,High
EMP1937,Daniel Duncan,HR,11.6,7.6,3,10,Remote,68,232360.0,20,Medium
EMP3414,Brandy Chandler,Operations,8.7,5.2,2,9,Onsite,69,123842.0,0,Low
EMP1752,Nancy Carter,Marketing,9.1,6.5,4,9,Hybrid,55,168641.0,5,Low
EMP4366,Thomas Gonzales,Support,7.2,8.5,3,6,Onsite,92,91355.0,24,Low
EMP1309,Alexis Mathews,Operations,12.4,3.6,7,6,Remote,75,149781.0,1,High
EMP3640,Frederick Stout,Support,8.1,4.8,2,11,Hybrid,63,166119.0,4,High
EMP3458,Tracy Rose,HR,13.9,3.7,5,5,Hybrid,48,33239.0,28,Low
EMP4360,Andrea Hall,IT,13.4,3.8,2,8,Hybrid,58,208006.0,20,Low
EMP3266,Kevin Johnson,Operations,5.6,7.9,2,2,Onsite,90,120500.0,12,Low
EMP1495,Christina Walker,Finance,5.1,4.0,1,4,Hybrid,63,235133.0,21,High
EMP4273,Michael Fowler,IT,4.6,4.9,8,1,Hybrid,94,208996.0,28,Low
EMP1205,Rebecca Hardy,,11.3,3.5,6,1,Onsite,73,167627.0,16,High
EMP2135,Erik Waters,Sales,12.3,3.7,4,11,Remote,67,223507.0,7,Low
EMP3877,Mark Martinez,Marketing,13.2,6.0,6,11,Remote,69,201087.0,5,Low
EMP4621,Amy Roth,Sales,8.5,7.0,7,8,Remote,96,63603.0,22,High
EMP1701,Matthew Green,Sales,12.2,8.9,4,1,Hybrid,51,140155.0,27,High
EMP1305,Anthony Thomas,Support,8.5,3.1,5,8,Onsite,58,29493.0,16,High
EMP2192,Michael Hunter,IT,12.8,4.2,1,5,Onsite,86,249432.0,18,Low
EMP5094,Ian Smith,Sales,13.4,7.8,8,10,Hybrid,56,184606.0,23,Medium
EMP4254,Angela Rivas,HR,7.0,4.2,3,1,Onsite,58,129394.0,25,Medium
EMP2061,Christopher Jensen,Operations,10.9,3.2,7,12,Hybrid,41,180328.0,25,Medium
EMP1843,Linda Washington,HR,7.2,8.7,2,2,Hybrid,57,54366.0,22,Low
EMP4433,Ricky Martinez,Marketing,9.8,7.0,6,0,Onsite,45,216026.0,20,Low
EMP3422,Deborah Morris,Operations,12.0,4.6,3,1,Hybrid,92,170110.0,11,Medium
EMP1211,David Kim,Support,7.1,8.2,1,10,Hybrid,61,96622.0,3,Medium
EMP2108,Cathy Rhodes,Marketing,9.3,3.4,4,2,Onsite,95,78916.0,9,High
EMP5008,Jeffrey Beard,IT,4.1,8.9,8,4,Onsite,64,52742.0,23,Low
EMP1679,Margaret Brooks,Support,8.7,5.1,6,5,Hybrid,78,196811.0,0,Low
EMP1565,Julie Baker,Marketing,8.1,3.3,4,8,Hybrid,98,232476.0,11,Medium
EMP4383,Danny Crawford,Finance,11.3,4.0,2,7,Remote,95,35927.0,23,Medium
EMP4861,Anthony Roberts,Finance,12.2,3.8,2,10,Onsite,82,165626.0,21,Medium
EMP1680,Yesenia Wheeler,Support,14.9,6.7,8,9,Remote,49,140464.0,1,Low
EMP1180,Amber Peters,Sales,13.5,8.1,10,9,Onsite,72,125789.0,14,High
EMP4168,Patrick Shepherd,IT,11.0,5.0,2,8,Remote,96,236623.0,17,High
EMP5111,Erin Hansen,Finance,12.3,3.3,7,6,Hybrid,44,108610.0,22,High
EMP3492,Kevin Wade,HR,13.6,4.5,4,0,Onsite,97,228645.0,24,Low
EMP5431,Amy Dudley,Support,6.5,6.1,6,7,Hybrid,53,138471.0,29,High
EMP1278,Angela Edwards,IT,4.2,4.5,1,11,Hybrid,53,176600.0,2,Medium
EMP2723,Troy Davis,HR,6.3,7.4,10,1,Remote,43,222963.0,13,Medium
EMP2204,Mark Tran,Sales,6.8,7.5,2,1,Remote,72,103270.0,11,Medium
EMP2448,Katie Baxter,IT,13.8,5.9,3,4,Hybrid,86,35942.0,3,High
EMP1432,Priscilla Buchanan,Support,13.7,5.1,7,1,Onsite,93,150695.0,25,High
EMP1289,Robert Sanchez,Marketing,9.5,8.8,7,12,Hybrid,73,108554.0,22,Low
EMP2027,Mary Smith,Marketing,5.0,6.7,10,6,Hybrid,64,86032.0,28,High
EMP1535,Darlene Robinson,Marketing,14.5,6.1,9,2,Remote,66,167365.0,17,Medium
EMP4700,Michelle Holland,,8.2,5.5,4,9,Onsite,63,129245.0,15,Medium
EMP2187,Carrie Davis,Support,12.1,8.5,3,7,Onsite,86,127710.0,9,Low
EMP1188,Janice Osborne,Sales,11.7,8.7,9,1,Hybrid,81,200756.0,13,Low
EMP4024,,,7.2,3.3,8,6,Onsite,49,,19,Low
EMP1706,Melanie Shields,Support,5.8,4.8,1,11,Onsite,73,62287.0,14,Medium
EMP4527,Steven Watson,Operations,10.3,4.1,3,12,Onsite,85,180676.0,3,Low
EMP1270,Tyler Brown,IT,12.0,3.1,6,11,Hybrid,55,41285.0,21,Medium
EMP3865,Michael Hill,Support,12.4,7.3,7,11,Remote,58,130979.0,22,Low
EMP5236,Adam Newman,Finance,8.5,3.4,8,12,Hybrid,58,201474.0,27,Medium
EMP3316,Ronald Fernandez,Sales,6.3,7.1,9,10,Onsite,77,181007.0,9,Low
EMP4986,Barbara Stephens,Finance,7.1,4.5,1,6,Onsite,46,139267.0,12,Medium
EMP1111,Larry Flynn,IT,4.3,6.8,4,11,Onsite,50,106461.0,17,Medium
EMP2170,Donald Fisher,IT,11.5,4.4,8,6,Hybrid,87,185587.0,25,Medium
EMP5195,Donald Long,Support,5.9,5.4,4,6,Remote,72,222410.0,8,Medium
EMP1220,Emily Molina,Operations,6.0,6.1,9,1,Hybrid,56,228152.0,8,Low
EMP2272,Carla Cole,Support,10.6,7.8,1,12,Hybrid,46,167179.0,23,High
EMP1627,Lori Turner,Operations,9.1,8.2,5,8,Onsite,68,60419.0,30,Low
EMP2338,,HR,4.3,7.7,9,11,Onsite,78,108223.0,10,Medium
EMP4620,Matthew Smith,Marketing,12.4,5.5,8,10,Onsite,40,98574.0,23,High
EMP3605,Kelly Garner,,6.8,5.8,2,11,Hybrid,84,57205.0,21,Medium
EMP1790,Christina Brady,IT,13.9,7.2,5,4,Onsite,69,198140.0,29,Medium
EMP5442,Hannah Kelley,Finance,9.1,8.5,1,1,Remote,49,189614.0,19,Low
EMP1461,Jeffrey Shea,IT,10.5,5.1,3,4,remote,87,242807.0,22,Low
EMP5916,Ian Chavez,Sales,6.8,7.4,6,3,Hybrid,81,187993.0,19,Medium
EMP1551,Jamie Reese,Sales,6.3,8.4,9,2,Hybrid,50,73232.0,7,Low
EMP4788,Guy Andrews,HR,4.4,6.9,10,9,Hybrid,97,241377.0,13,Low
EMP5512,John Lopez,IT,13.9,7.3,2,3,Onsite,42,,2,Low
EMP1198,Daniel Wilson,IT,14.4,4.3,8,5,Hybrid,99,31991.0,13,High
EMP5717,Mia Horton,Finance,9.3,4.6,4,9,Remote,53,108452.0,22,Low
EMP3167,Kelsey Sellers,Operations,10.2,9.0,4,8,Onsite,78,82775.0,10,High
EMP1402,Rachael Phillips,IT,9.0,4.4,4,2,Remote,89,226889.0,18,Low
EMP4295,Sharon Everett,Finance,7.6,3.9,4,5,Remote,78,179941.0,19,Low
EMP3292,Lindsey Cline,IT,10.9,3.0,5,0,Onsite,55,40374.0,3,Medium
EMP5939,Alison Hopkins,Support,7.5,7.6,4,9,Hybrid,43,86966.0,10,High
EMP5684,,Finance,4.6,3.2,3,2,Remote,44,201920.0,9,High
EMP3378,Betty Gordon,Operations,12.1,8.2,2,1,Hybrid,48,75737.0,4,Medium
EMP5628,,Marketing,4.4,5.0,2,5,Remote,58,50235.0,18,High
EMP1650,Jason Ramirez,,9.2,8.2,10,8,Hybrid,50,43055.0,16,Medium
EMP5490,Donna Monroe,Marketing,14.3,7.8,5,12,Onsite,77,126869.0,12,High
EMP1708,Megan Allen,HR,7.6,3.1,8,9,Hybrid,97,211812.0,28,Low
EMP2055,,Sales,5.4,3.4,5,9,Onsite,94,84759.0,28,Medium
EMP5578,Dillon Daniel,Marketing,13.4,7.8,9,8,Onsite,96,192870.0,19,High
EMP2629,Kevin Savage,HR,12.0,4.4,high,11,Hybrid,98,77372.0,10,Low
EMP2992,Matthew Gardner,IT,7.8,5.0,6,0,Hybrid,91,160527.0,18,Medium
EMP3399,Matthew Allen,IT,11.6,5.3,7,6,Onsite,47,36877.0,29,High
EMP3015,Matthew Morris,Support,,5.7,9,4,Hybrid,58,196308.0,22,Medium
EMP1314,Michelle Gomez,Operations,ten,6.2,7,12,Onsite,87,61687.0,25,Low
EMP4717,Amy Thompson,Support,10.4,8.8,6,7,Hybrid,87,181710.0,9,Medium
EMP2361,William Williams,HR,11.6,7.3,4,7,Onsite,76,233467.0,10,Low
EMP5640,John Green,IT,7.3,8.7,2,10,Onsite,42,36673.0,4,Low
EMP1113,Richard Lutz,HR,14.3,4.8,5,6,Hybrid,93,151484.0,15,High
EMP1960,Sarah Adams,Operations,9.8,6.4,7,1,Remote,55,,15,Medium
EMP4134,Michael Townsend,HR,7.9,5.5,6,4,Hybrid,60,52921.0,4,Medium
EMP5304,Dr. Jessica Bryant,Support,10.7,3.9,4,11,Onsite,50,221926.0,26,High
EMP5449,Robert Hernandez,HR,13.5,4.1,9,2,Onsite,67,96955.0,27,Medium
EMP5992,Amanda Smith,IT,12.4,7.5,8,10,Hybrid,97,156628.0,10,High
EMP2741,Thomas Morris,Finance,7.8,8.8,4,4,Hybrid,68,230444.0,1,High
EMP3704,Caitlyn Rodriguez,HR,8.9,4.8,8,3,Hybrid,88,120976.0,20,Low
EMP5503,Raymond Brown,,12.8,5.5,2,3,Onsite,54,107994.0,28,Medium
EMP2616,Samantha Hill,IT,9.5,6.2,3,10,Onsite,64,92028.0,12,High
EMP4684,Kevin Diaz,Finance,8.7,5.0,5,9,REMOTE,66,118216.0,25,Medium
EMP5694,Alyssa Monroe,Support,10.4,8.3,8,12,Hybrid,53,119558.0,8,Low
EMP4545,Anna Christian,Support,11.6,8.4,4,10,Remote,78,178615.0,17,Low
EMP3119,Jonathan Weeks,Finance,14.5,8.1,9,2,Remote,48,41912.0,1,Low
EMP4396,Kurt Sullivan,Support,,3.5,2,0,Hybrid,92,62108.0,22,Low
EMP1326,Zachary Bowman,Support,8.2,8.2,8,5,Onsite,67,238772.0,26,High
EMP1604,Jennifer Baldwin,IT,6.3,4.2,4,9,Remote,62,,24,Low
EMP5345,Thomas Knight,Marketing,4.9,3.7,1,0,Remote,91,203537.0,18,Medium
EMP4252,Jason Garcia,IT,5.4,3.4,3,12,Hybrid,93,227707.0,0,High
EMP3776,Kristen Williams,IT,9.6,8.3,7,7,Hybrid,49,73663.0,3,Medium
EMP5494,Katherine Campbell,Sales,11.8,4.2,7,7,Hybrid,98,103853.0,22,Medium
EMP5036,Rebecca Brown,Marketing,11.1,6.9,1,5,Onsite,64,102605.0,9,High
EMP4078,,,5.3,6.3,7,5,Hybrid,80,116852.0,16,Medium
EMP2499,Brian Odom,Finance,10.3,6.7,2,5,Hybrid,58,68409.0,3,Medium
EMP4080,Brandon Martinez,Marketing,5.6,6.0,8,0,Remote,60,208346.0,13,Low
EMP4574,Linda Simmons,Operations,6.3,5.2,9,6,Remote,67,185509.0,8,High
EMP4585,,Operations,14.0,3.5,4,12,Hybrid,73,93343.0,25,Low
EMP2815,Veronica Wallace,Support,6.3,6.4,3,4,Remote,87,203423.0,18,High
EMP5434,Daniel Duran,,12.8,4.5,2,6,Onsite,71,220089.0,16,High
EMP4089,William Prince,Marketing,8.8,7.5,5,11,Hybrid,65,177236.0,6,Medium
EMP1789,Steven Brewer,Operations,11.8,3.7,10,2,Onsite,64,197069.0,24,Low
EMP3438,Andrea Williams,Sales,,3.2,6,0,Onsite,49,117220.0,24,High
EMP3968,Linda Baker,HR,6.8,5.5,8,2,Hybrid,83,126633.0,24,High
EMP3251,Dana Adkins,HR,12.4,5.4,2,10,Hybrid,69,71384.0,25,Medium
EMP1871,Stephanie Evans,Operations,8.6,8.5,6,0,Remote,58,101457.0,16,High
EMP2932,Adrian Shaw,Operations,8.3,5.2,9,12,remote,40,54557.0,16,High
EMP2501,,IT,,4.2,9,12,Onsite,50,32169.0,19,High
EMP5574,Julie Payne,Finance,,8.0,8,0,Hybrid,91,,17,Low
EMP5440,Jessica Long,IT,14.0,5.1,7,5,Hybrid,56,25843.0,7,High
EMP1073,Tara Adams,Support,7.6,5.7,6,12,Hybrid,96,124385.0,8,Medium
EMP2995,Brooke Christensen,HR,8.2,5.4,1,0,Remote,59,28175.0,30,Medium
EMP2831,Jeffrey House,Operations,7.3,4.2,8,6,Hybrid,64,34432.0,22,High
EMP5727,Michael Walker,IT,13.1,7.2,9,2,Remote,66,167635.0,22,High
EMP4245,Stacey Hernandez,Finance,6.2,8.5,7,7,Remote,99,180291.0,4,Medium
EMP1092,Jill Stevenson,HR,9.9,4.6,1,8,Onsite,58,207823.0,30,Medium
EMP5741,Robert Houston,Sales,8.7,8.3,7,7,Onsite,56,33785.0,14,High
EMP5101,Katherine Anderson,Finance,14.3,8.9,4,6,Onsite,96,25854.0,22,Medium
EMP3413,,IT,14.9,7.0,8,12,Hybrid,79,44044.0,11,High
EMP4107,Heather Braun,Finance,4.0,6.4,1,3,Onsite,64,234078.0,1,Medium
EMP2965,John Johnson,HR,11.7,6.6,7,2,Hybrid,90,130907.0,6,Medium
EMP1494,Andrew George,Finance,12.0,3.6,5,10,Hybrid,54,144734.0,9,Low
EMP4378,Robert Barrett,Marketing,14.2,5.3,8,1,Onsite,71,245409.0,26,Medium
EMP5902,Sara Leonard,Sales,10.3,5.4,7,3,Hybrid,85,183971.0,25,Medium
EMP2432,Timothy Buchanan,HR,10.8,5.4,1,0,Remote,94,217119.0,5,High
EMP2164,Dr. Rebekah Mcdowell,Support,12.7,5.3,9,12,Hybrid,57,152382.0,15,High
EMP3111,Terri Gutierrez,Operations,12.3,4.6,2,8,Onsite,92,63782.0,19,High
EMP2270,Zachary Moore,IT,12.0,3.8,1,9,Remote,46,124057.0,12,Low
EMP2971,Joanne Williams,IT,11.8,4.0,10,11,Onsite,75,38124.0,8,Medium
EMP2988,Margaret Branch,,7.2,3.3,8,6,Remote,96,,27,High
EMP4370,Michael Dawson,Support,5.5,6.4,6,6,Remote,57,173965.0,22,Low
EMP3426,Derrick Graham,Finance,7.1,8.2,3,8,Onsite,50,171798.0,19,Medium
EMP1618,Christopher Brown,Operations,14.8,4.7,6,10,Hybrid,72,152793.0,24,Low
EMP4985,Kimberly Blackwell,IT,8.2,6.3,5,0,Hybrid,55,79091.0,27,Medium
EMP2934,Monica Taylor,Operations,11.3,5.9,4,1,Onsite,51,126674.0,17,High
EMP4016,Sarah Mcintosh,Marketing,14.0,3.8,1,4,Remote,51,183553.0,16,Low
EMP5936,Phillip Morris,Sales,9.5,6.6,1,5,Hybrid,60,155786.0,15,High
EMP5281,Kelly Campbell,HR,7.0,5.6,10,4,Onsite,56,154435.0,25,Low
EMP2718,Elizabeth Davis,Sales,12.1,5.1,10,12,Onsite,49,172556.0,27,Low
EMP3225,Angela Summers,Finance,7.5,5.9,5,4,Onsite,54,26992.0,6,High
EMP4680,Samantha Strickland,Finance,4.9,5.1,4,1,Onsite,100,150193.0,10,High
EMP1869,Leslie Johnson,IT,11.5,8.8,2,5,Hybrid,72,217140.0,18,Low
EMP3925,Nicole Hansen,IT,5.7,,9,4,Remote,60,61026.0,8,Low
EMP2042,Cassandra Patterson,Support,11.2,4.0,1,7,Onsite,57,181727.0,8,Medium
EMP2536,Robin Kennedy PhD,Operations,11.6,7.5,8,8,Remote,71,107055.0,30,Medium
EMP1356,Angela Mccullough,Operations,8.8,9.0,4,3,Hybrid,91,218360.0,18,High
EMP2162,William Johnson,Support,7.0,5.1,10,3,Remote,70,152190.0,21,Low
EMP5421,Dorothy Riley,Finance,5.0,4.5,6,7,Onsite,95,196783.0,11,Medium
EMP3978,Michael Martinez,HR,9.2,4.2,7,3,Onsite,59,203189.0,26,High
EMP5356,Jordan Massey,IT,5.5,3.8,1,7,Hybrid,93,102472.0,22,Medium
EMP2434,Misty Mcdonald,Sales,5.2,8.3,7,12,Hybrid,66,41874.0,1,Low
EMP5776,Robert Bennett,Finance,9.8,6.6,9,7,Onsite,49,147688.0,11,Medium
EMP3765,Alyssa Cherry,Marketing,10.8,3.6,3,2,Remote,88,97626.0,17,High
EMP5715,Brianna Olson,Operations,9.9,6.6,1,7,Onsite,89,195354.0,9,Medium
EMP4824,Wendy Thornton,Sales,8.5,5.3,6,9,Remote,45,160562.0,29,High
EMP4927,Sara Russell,Marketing,6.6,7.0,9,4,Onsite,82,173018.0,23,Medium
EMP2419,Julie Navarro,IT,11.6,3.7,1,2,Remote,78,56728.0,16,Low
EMP5110,Douglas Chen,Sales,10.9,4.3,1,7,Hybrid,74,247150.0,5,High
EMP1332,Frank Bishop,Support,8.9,6.6,10,6,Onsite,74,157805.0,29,Medium
EMP3583,Herbert Patrick,Finance,13.2,7.2,3,2,Onsite,54,37515.0,18,Medium
EMP3948,Melissa Green,Operations,9.1,7.0,6,6,Onsite,57,129918.0,3,Medium
EMP4129,Michael Dennis,HR,13.2,3.4,3,6,Remote,45,125713.0,12,Low
EMP2258,Barbara Baird DDS,HR,10.2,5.3,10,4,Onsite,53,73251.0,0,Low
EMP4956,John Arnold,Marketing,13.7,6.8,7,12,Onsite,69,51659.0,5,Low
EMP2859,Daniel Moreno,Marketing,8.6,4.3,6,11,Hybrid,54,106929.0,20,High
EMP2116,Christine Smith,IT,14.0,5.5,9,1,Onsite,63,45062.0,24,Medium
EMP3887,Amanda Carrillo,Operations,7.5,,8,8,Hybrid,78,146470.0,15,Medium
EMP4833,James Rosales,Marketing,13.2,3.8,5,9,Onsite,49,33664.0,7,Low
EMP3803,Mandy Mayer,,7.1,4.3,7,1,Remote,96,50370.0,23,Medium
EMP3655,Lauren Moore,Support,10.1,4.0,7,12,Onsite,79,69804.0,21,High
EMP4523,Dustin Benton,Marketing,6.5,6.6,9,11,Hybrid,66,79318.0,28,Medium
EMP2553,,Finance,8.3,7.6,8,5,Onsite,59,244846.0,16,Low
EMP1445,Laura Elliott MD,Sales,4.9,8.4,1,8,Onsite,76,160480.0,25,High
EMP4289,James Melendez,Support,8.2,3.0,1,10,Onsite,42,46758.0,9,Medium
EMP5385,Courtney Davis,Support,9.3,9.0,2,9,Onsite,62,82687.0,24,Low
EMP1452,Steven Rice,Operations,9.2,4.0,7,2,Hybrid,79,184555.0,21,Low
EMP5010,Keith Gutierrez,Support,11.0,8.6,7,0,Remote,98,230296.0,27,Low
EMP5599,Richard Myers,Sales,4.3,5.7,1,2,Onsite,43,187340.0,28,Medium
EMP4182,Robert Williams,Operations,13.7,5.7,8,8,Hybrid,43,62256.0,7,High
EMP1014,Daniel Johnson,Sales,6.8,6.3,1,10,Hybrid,86,55029.0,21,High
EMP5373,Teresa Duke,HR,12.4,3.8,5,11,Remote,90,81490.0,19,Low
EMP1945,Nathan Mcbride,HR,14.4,7.9,5,4,Hybrid,87,154543.0,12,Low
EMP1247,Bryan Williams,Marketing,7.7,8.0,9,7,Remote,85,172567.0,9,Medium
EMP5849,Zachary Ruiz,Finance,6.8,,7,6,Remote,65,52618.0,1,Medium
EMP1360,Carl Rios,HR,5.4,8.2,4,2,Onsite,85,109435.0,26,Medium
EMP5826,Theresa Johnson,Support,7.0,5.5,4,3,Hybrid,51,211577.0,9,Medium
EMP2769,Ashley Torres,Sales,7.9,6.9,2,5,Hybrid,68,222083.0,3,Low
EMP4688,Sara Bell,Support,11.2,3.9,5,2,Onsite,48,162448.0,8,High
EMP3478,Jonathan Bryan,HR,11.9,6.3,3,3,Remote,67,208611.0,30,High
EMP2456,William Mayo,Support,11.2,3.5,9,3,Hybrid,71,209878.0,23,Low
EMP4418,Linda Tucker,HR,12.0,8.9,6,6,Hybrid,94,,29,High
EMP3364,Mary Stephens,Finance,12.8,8.3,3,10,Onsite,51,226962.0,13,Medium
EMP4765,Rachel Calhoun,Finance,13.1,4.2,10,10,Hybrid,45,26117.0,13,Low
EMP2513,Shelly Reyes,IT,9.4,6.8,10,5,Remote,74,151080.0,9,Low
EMP5257,,HR,10.8,3.9,5,0,Onsite,60,79069.0,22,Medium
EMP4071,Deborah West,Support,4.1,4.3,1,9,Onsite,47,68229.0,1,Low
EMP1490,Carrie Koch,Finance,10.7,,2,8,Remote,86,186925.0,3,Low
EMP1862,Elizabeth Williams,Support,5.5,6.5,2,2,Onsite,53,104490.0,15,Medium
EMP4425,Jennifer Hopkins,Support,14.8,7.0,7,8,Onsite,44,116433.0,27,Medium
EMP3379,Sara Madden,Support,12.5,6.7,8,10,Remote,100,187736.0,23,Medium
EMP2383,Leslie Hamilton,Marketing,14.2,3.5,7,3,Onsite,49,129052.0,16,Medium
EMP3093,Adam Howard,IT,,3.4,8,3,Onsite,79,60262.0,1,High
EMP1199,Rodney Lopez,IT,8.1,5.3,2,5,Onsite,54,32389.0,10,High
EMP2849,Samuel Young,Support,10.5,3.3,6,6,Hybrid,69,146016.0,10,Medium
EMP2362,Christopher Lambert,Operations,8.2,6.6,9,3,Onsite,46,172051.0,8,High
EMP4888,Mrs. Heather Miller,Finance,12.5,3.4,1,9,Remote,45,101296.0,7,High
EMP1506,Alexander Matthews,,12.3,4.9,6,4,Onsite,43,157888.0,7,Medium
EMP2417,Brian Pham,Sales,12.1,7.0,1,11,Onsite,53,160335.0,4,Medium
EMP3881,Brian Butler,HR,14.4,4.2,9,6,Hybrid,70,134463.0,22,High
EMP1025,Martha Garza,Operations,5.0,7.0,6,6,Remote,66,,27,High
EMP3138,,Sales,5.0,8.8,7,12,Remote,75,213818.0,27,Low
EMP2222,Gina Smith,Sales,13.3,6.8,2,11,Remote,55,49545.0,5,Low
EMP2113,Patrick Dean,Marketing,13.1,8.1,7,3,Hybrid,51,186935.0,23,Medium
EMP5445,Jacob Garcia,Finance,13.6,7.7,1,9,Hybrid,55,39657.0,29,High
EMP4693,Rachel Lyons,HR,5.1,5.1,5,4,Onsite,66,29134.0,11,Low
EMP3231,Jeremy Jackson,IT,14.6,4.6,3,11,Hybrid,95,193640.0,25,Low
EMP4143,Alvin Boyle,Sales,,5.1,7,12,Remote,84,154012.0,9,High
EMP5928,Julia Herring,Support,5.8,8.6,10,8,Onsite,66,231884.0,30,Low
EMP1433,Laura Mcdonald,Finance,12.3,4.4,8,1,Remote,91,246711.0,1,Medium
EMP3218,Kiara Romero,HR,10.5,4.2,6,9,Onsite,58,73677.0,20,Low
EMP4404,Ashley Bell,Marketing,14.8,7.2,8,0,Onsite,63,206739.0,9,Low
EMP5522,John Blair,HR,8.0,7.8,10,12,Remote,54,224292.0,22,High
EMP3244,Sarah Ferguson,Support,10.8,5.3,10,11,Onsite,71,62767.0,15,Low
EMP1240,,Sales,14.6,4.3,6,0,Onsite,43,98755.0,15,High
EMP4412,Nicholas Cruz,Marketing,5.0,9.0,8,11,Hybrid,48,239246.0,21,Medium
EMP3287,Stephanie Adams,HR,14.3,6.3,9,5,Remote,64,105463.0,24,Low
EMP5950,Ronnie Silva,Support,4.9,6.0,6,12,Hybrid,50,248372.0,5,High
EMP5690,Jimmy Jones,Support,10.9,3.4,2,4,Onsite,94,185442.0,18,Medium
EMP2102,Amanda Lindsey,HR,9.9,5.0,1,9,Remote,90,33443.0,29,Medium
EMP4204,Calvin Perkins,IT,14.7,6.3,7,7,Remote,62,186794.0,23,Medium
EMP4362,Michael Martinez,Operations,ten,4.2,3,11,Hybrid,43,173736.0,22,Medium
EMP3295,Stacey Huffman,HR,7.1,8.1,4,4,Hybrid,70,245614.0,3,Medium
EMP5119,Sonya Miller,HR,14.8,3.8,8,11,Hybrid,70,167905.0,12,High
EMP1156,Lindsay Anderson,IT,7.4,4.5,3,10,Remote,99,149326.0,2,Low
EMP4210,Michael Archer,Sales,6.0,7.1,7,4,Remote,91,49295.0,9,Low
EMP3748,Brandon Anderson,IT,14.7,8.8,1,3,Remote,82,171857.0,17,Medium
EMP1615,Omar Davis,HR,10.2,6.4,7,1,Hybrid,84,67819.0,1,Medium
EMP1643,Sarah Lopez,Finance,8.0,3.3,4,1,Remote,55,190913.0,13,Low
EMP5054,Grace Wilson,Sales,7.6,7.4,5,7,Hybrid,66,28444.0,27,High
EMP4269,Hayley Stanton,Finance,14.1,9.0,2,9,Remote,78,35369.0,7,Low
EMP2068,Tina Simmons,Operations,9.0,5.0,4,1,Remote,46,28221.0,19,High
EMP4543,,,10.4,7.5,1,4,Remote,84,182824.0,26,Medium
EMP3846,,Marketing,11.9,4.6,10,10,Onsite,58,246616.0,20,Medium
EMP5395,,Operations,10.2,8.9,5,5,Onsite,79,147938.0,3,Medium
EMP2538,Blake Williams,HR,4.9,3.8,1,2,Remote,73,221122.0,3,Medium
EMP1330,Jacob Page,IT,9.1,7.3,8,12,Hybrid,58,242915.0,22,High
EMP3337,David Davidson,Operations,8.2,4.0,6,9,Hybrid,good,88742.0,26,Medium
EMP3847,Terry Howell,HR,13.5,8.5,2,1,Hybrid,53,139700.0,10,High
EMP5693,Nancy Howard,Operations,9.7,5.0,8,5,REMOTE,42,155305.0,22,Low
EMP1622,Anthony Lee,HR,10.5,8.8,7,2,Onsite,51,248926.0,0,Low
EMP5012,Julie Williams,Operations,8.0,6.9,9,9,Remote,72,128956.0,16,High
EMP4166,Samantha Bautista,IT,6.3,3.1,3,0,Remote,83,150563.0,12,Low
EMP4689,Andrew Hines,Sales,,7.6,10,2,Remote,70,125026.0,13,High
EMP4982,Alan Adkins,Support,ten,4.4,4,10,Onsite,57,203992.0,4,Medium
EMP5078,Christine Jackson,Finance,11.4,4.0,5,1,Onsite,65,99504.0,3,Low
EMP4096,April Adams,Sales,7.5,7.6,7,12,Onsite,97,145635.0,12,High
EMP3916,Anna Parks,Support,7.8,7.5,9,10,Hybrid,54,57099.0,4,Medium
EMP1755,Christopher Roberts DDS,Finance,10.5,5.8,9,1,Hybrid,92,141710.0,5,Low
EMP1518,Michael Schwartz,Marketing,13.7,5.5,10,11,Hybrid,88,90074.0,8,Medium
EMP5190,Brandon Knapp,IT,4.4,4.6,9,4,Onsite,40,159446.0,3,Medium
EMP1032,Laura Wilcox,HR,7.4,3.3,8,8,Remote,98,248535.0,16,High
EMP4162,Ms. Karen Morris MD,Support,9.5,4.9,10,8,Onsite,44,239576.0,28,High
EMP3723,Kristin Flores,Operations,6.0,3.4,10,7,Onsite,86,166246.0,19,High
EMP2157,Kelly Schroeder,Support,7.0,4.3,7,11,Hybrid,59,26683.0,5,Low
EMP2592,Richard Carr,IT,8.0,6.0,1,9,Onsite,78,222049.0,12,Low
EMP1744,Oscar Lewis,IT,9.9,3.3,1,7,Hybrid,97,202077.0,1,Low
EMP2626,Brittney Mays,Sales,4.3,4.3,10,9,Onsite,72,46104.0,19,Medium
EMP3584,Nicholas Vincent,Operations,5.4,7.3,4,9,Onsite,82,239321.0,17,High
EMP2867,Brittany Kennedy,it,13.7,6.1,9,4,Onsite,55,232279.0,12,Low
EMP3788,Mrs. Stephanie Robinson MD,Sales,8.6,4.3,7,0,Hybrid,98,27535.0,16,Medium
EMP1783,Jennifer Reid,Finance,14.6,7.1,high,1,Hybrid,98,164275.0,20,High
EMP3018,Peter Mcgrath,Marketing,,7.6,6,9,Hybrid,55,213387.0,15,Low
EMP3696,Kevin Smith,Support,13.3,7.9,9,3,Remote,60,26600.0,15,Low
EMP1229,Travis Martin,Finance,7.3,4.0,4,5,Remote,100,161025.0,28,Medium
EMP1857,Rita Williams,Support,9.8,7.7,5,3,Hybrid,41,46912.0,17,High
EMP2694,Bryan Rivera,Support,8.0,4.5,2,7,Hybrid,41,26902.0,12,Medium
EMP2401,Erica Nelson,Support,7.8,6.7,7,12,Hybrid,69,173547.0,30,Medium
EMP3794,Shannon Monroe,Operations,7.0,4.1,1,2,Onsite,44,68646.0,6,Medium
EMP1408,Tracy Dudley,Sales,5.4,7.9,6,10,Onsite,80,194000.0,2,Medium
EMP1170,Valerie Franklin,Marketing,10.1,7.0,6,1,Remote,65,219521.0,1,Medium
EMP1540,Kayla Melton,IT,9.4,4.8,4,5,Remote,72,46586.0,30,High
EMP3377,,Operations,4.3,8.7,5,4,Hybrid,81,121318.0,9,Medium
EMP2962,,Operations,6.6,8.1,7,11,Hybrid,68,141005.0,4,High
EMP5152,Amanda Lara MD,HR,14.3,7.7,5,4,Onsite,40,218143.0,22,Low
EMP1613,Mary Stanley,Marketing,5.6,8.8,3,7,REMOTE,91,27553.0,5,Low
EMP3962,Taylor Gomez,IT,9.7,7.4,5,1,Onsite,81,28168.0,30,Medium
EMP5473,Shannon Bishop,Marketing,11.5,6.4,3,1,Onsite,80,213271.0,18,Low
EMP5641,Heather Wood,HR,7.4,7.2,1,8,Onsite,45,142372.0,1,Medium
EMP2161,Sophia Lewis,IT,8.8,8.5,2,10,Hybrid,50,45921.0,9,Low
EMP4313,Natasha Schneider,Finance,13.9,3.4,6,3,Remote,80,30372.0,16,Medium
EMP3543,Nicholas Solis,Finance,8.2,3.6,8,1,Onsite,49,128920.0,3,High
EMP5874,Amy Andrews,Marketing,5.8,5.3,1,1,Hybrid,87,223563.0,2,High
EMP5292,William Dickson,Sales,6.3,5.4,8,4,Remote,69,137803.0,23,High
EMP5897,Bradley Adams,Support,6.3,3.0,6,3,Remote,59,143519.0,16,Medium
EMP1964,Fernando Estrada,it,6.3,3.3,5,5,Onsite,91,39558.0,23,High
EMP1564,Mitchell Bruce,HR,12.1,5.9,6,0,Remote,54,224615.0,15,Medium
EMP5710,Wesley Gonzalez,HR,13.6,7.1,3,7,Remote,86,52910.0,16,Low
EMP5404,John Wiley,IT,8.2,4.6,10,10,Hybrid,56,141029.0,23,Medium
EMP3232,Joseph King,IT,4.4,5.1,8,6,Onsite,79,163729.0,30,High
EMP2665,Christian Meadows,Support,10.5,5.5,5,3,Hybrid,99,93905.0,15,Medium
EMP2578,Andrew Fitzgerald,Marketing,10.9,5.9,8,9,Onsite,60,122591.0,18,High
EMP3157,Nicole Lowe,Finance,11.3,5.7,1,9,Onsite,92,37449.0,16,High
EMP2335,,Marketing,10.1,3.7,8,1,Hybrid,62,233077.0,29,High
EMP4749,Stephanie Brown,HR,5.2,5.7,9,3,Remote,98,,0,High
EMP4306,Walter Huang,Finance,5.6,4.3,10,11,Remote,97,213409.0,14,High
EMP3092,Cole Woods,HR,13.0,4.4,1,11,Remote,51,76342.0,26,Low
EMP3574,Alicia Malone,IT,8.2,4.6,7,9,Remote,51,146740.0,14,High
EMP3673,Mark Edwards,Marketing,4.2,3.0,10,7,Hybrid,59,204831.0,21,High
EMP2564,Anita Adams,Operations,7.1,8.1,10,11,Hybrid,good,112206.0,26,High
EMP2172,Alexis Howard,Support,7.2,4.2,3,8,Onsite,96,174918.0,25,High
EMP2611,Steven Lewis,Finance,7.0,7.0,10,6,Hybrid,98,72516.0,21,Low
EMP1325,Michael Lawson,Marketing,9.5,6.7,8,1,Hybrid,48,104864.0,0,High
EMP2051,Michael Duarte,HR,6.4,3.1,5,10,Remote,98,210911.0,11,High
EMP4039,Katherine Graham,Finance,10.5,6.1,4,3,Onsite,69,35568.0,6,Low
EMP4652,Joshua Keller,HR,14.2,5.4,7,9,Remote,76,229235.0,12,High
EMP5959,Raymond Anderson,HR,9.8,6.0,8,3,Onsite,68,62728.0,16,Medium
EMP2634,Chelsea Best,IT,11.1,6.2,1,7,Hybrid,70,241990.0,23,Medium
EMP3651,Luis Jones,Marketing,6.2,7.4,1,0,Remote,54,138243.0,13,High
EMP2196,Ryan Harding,Marketing,14.9,7.0,2,12,Hybrid,69,239484.0,20,High
EMP1620,Clinton White,Finance,10.7,5.4,2,1,Hybrid,50,115079.0,7,High
EMP2550,Mitchell Meyers,HR,13.6,7.0,8,3,Remote,50,25700.0,25,Low
EMP4100,Christopher Morris,Sales,7.1,3.8,5,7,Onsite,82,43507.0,19,Low
EMP2482,Anthony Lindsey,IT,9.5,6.4,9,11,remote,66,166287.0,23,Low
EMP2189,Julie Gonzales,Support,4.8,7.4,5,11,Onsite,99,76142.0,22,Medium
EMP1328,Matthew Sampson,Finance,12.1,6.8,10,12,Hybrid,55,110429.0,12,Medium
EMP1648,Laura Ewing,IT,6.1,7.1,6,11,Hybrid,48,90718.0,28,High
EMP1897,Tabitha Ross,Finance,13.1,6.0,1,2,REMOTE,64,183488.0,21,Medium
EMP2662,Madison Espinoza,Support,12.6,7.6,4,4,Onsite,72,105054.0,10,Medium
EMP2123,Ruth Silva,Support,13.8,6.2,8,11,Onsite,43,244283.0,20,High
EMP3101,Stephen Davis DDS,Operations,11.7,8.7,2,8,Onsite,70,128443.0,29,High
EMP5812,Joseph Rodriguez,HR,13.7,6.0,5,12,Onsite,68,149034.0,6,High
EMP4456,,Finance,13.0,5.1,9,3,Onsite,82,220962.0,27,Low
EMP5587,Nicholas Smith,IT,11.3,5.5,4,9,remote,73,248669.0,2,High
EMP5444,Andrea Carpenter,IT,5.5,3.2,7,8,Hybrid,48,236746.0,29,High
EMP3118,Paul Jackson DDS,Support,10.6,6.7,8,9,Onsite,62,231182.0,0,High
EMP2881,Lauren Dodson,,11.7,6.3,1,3,Onsite,77,34438.0,6,Medium
EMP4571,Brian Forbes,Finance,11.4,8.0,4,12,Onsite,90,105096.0,4,High
EMP3305,Andrea Watson,Marketing,8.4,7.9,8,4,Hybrid,93,139681.0,28,Low
EMP2519,Jeffrey Brown,Sales,6.4,8.3,9,3,Onsite,89,188915.0,3,Medium
EMP5969,Kevin Woods,Marketing,7.9,7.4,2,1,Onsite,97,38244.0,4,Low
EMP4008,Mr. Jason Adams MD,Marketing,14.0,6.4,7,11,Onsite,43,90516.0,19,Medium
EMP2023,Dylan Reed,IT,7.2,3.2,3,2,Hybrid,90,179566.0,13,Medium
EMP5595,Linda Mcbride,Operations,6.0,3.5,10,1,Hybrid,81,204719.0,3,Low
EMP3572,Fernando Olson,Support,13.0,5.3,6,6,Hybrid,84,33853.0,8,Low
EMP3910,Laurie Adams,HR,4.4,4.6,10,0,Hybrid,77,84027.0,5,Low
EMP4365,Alexander Warren,Operations,4.7,3.8,3,0,Onsite,92,245466.0,1,High
EMP2580,Robert Jenkins,Sales,7.7,8.4,3,5,Remote,59,67662.0,14,Low
EMP2672,Mark Levine,Finance,7.1,6.6,7,0,Hybrid,46,39710.0,20,High
EMP1809,James Dunn,Sales,7.7,8.0,7,5,Remote,47,204329.0,18,Medium
EMP5734,Mr. John Guerrero,Operations,14.3,3.3,9,10,Hybrid,74,135938.0,15,High
EMP1978,Wanda Preston PhD,Support,11.6,8.2,10,11,Onsite,71,104377.0,19,Medium
EMP3649,Shane Lee,Marketing,13.5,3.5,10,7,Onsite,49,241369.0,24,High
EMP4628,Deborah Adams,Finance,9.0,8.2,3,0,remote,52,110803.0,19,Low
EMP2919,Joshua Craig,Sales,8.2,5.0,10,7,Onsite,42,109639.0,9,Medium
EMP3876,Justin Lane,Marketing,7.5,,9,0,Hybrid,89,73683.0,28,Low
EMP3680,Tyler Hoffman,Support,13.2,4.1,9,4,Remote,62,161336.0,3,Low
EMP2084,,HR,7.5,5.6,4,0,Onsite,88,,18,Medium
EMP3275,Cameron Jackson,HR,10.5,3.6,2,2,Onsite,65,37692.0,20,Low
EMP3585,Deborah Kelly,Support,13.4,4.6,4,2,Onsite,46,27090.0,28,Medium
EMP4813,Katherine Schultz,Sales,14.0,5.0,9,12,Hybrid,52,77864.0,0,High
EMP3836,Amanda Spears,HR,6.5,7.1,5,8,Onsite,95,156777.0,25,Low
EMP4552,Joshua Ballard MD,Sales,10.6,6.1,6,12,remote,79,37095.0,20,High
EMP1174,Curtis Hutchinson,Sales,12.2,4.3,3,1,Onsite,72,190996.0,3,Low
EMP5852,Brad Higgins,Support,14.7,6.6,5,0,Onsite,88,89437.0,21,High
EMP5311,Lindsay Gibson,Marketing,8.7,5.9,2,2,Remote,47,55901.0,17,High
EMP2700,David Acosta,Marketing,13.7,3.7,3,0,Onsite,71,78497.0,9,Medium
EMP5627,Hannah Riley,Support,5.8,5.2,6,5,Remote,46,76418.0,26,High
EMP1217,Paul Espinoza,Finance,11.5,5.6,3,1,Hybrid,55,229083.0,20,Medium
EMP5607,Philip Spears,IT,,5.4,2,10,Remote,55,,5,Medium
EMP5868,Kathleen Whitaker,Operations,14.0,8.1,1,0,Onsite,79,87237.0,21,High
EMP2444,Michael Thompson,Marketing,9.5,5.4,1,8,Hybrid,84,54065.0,18,High
EMP1690,Amy Anderson,HR,10.9,8.3,1,8,Hybrid,100,98451.0,7,Medium
EMP4539,Stephanie Williams,Marketing,13.2,4.3,10,10,Onsite,77,178419.0,1,Low
EMP3992,Michael Decker,Support,13.0,3.5,9,1,Remote,66,148594.0,16,Medium
EMP3402,Mr. Steven Perry,Support,11.1,6.8,2,9,Hybrid,72,222949.0,1,Medium
EMP3407,Cindy Howard,Finance,8.3,4.6,2,0,Hybrid,97,194687.0,12,Low
EMP2106,James Anderson,IT,14.0,5.3,4,3,Hybrid,58,197902.0,16,Low
EMP4543,,,10.4,7.5,1,4,Remote,84,182824.0,26,Medium
EMP1818,Benjamin Curtis,IT,13.3,8.5,8,2,Remote,50,200673.0,29,High
EMP4488,John Rubio,,8.9,5.8,10,9,Hybrid,44,53888.0,22,High
EMP1611,Sarah Kelly,Sales,8.6,7.5,6,6,Remote,57,,5,High
EMP4097,Aaron Gillespie,HR,6.1,,8,3,Onsite,79,210888.0,5,High
EMP4499,Christopher Knight,Support,12.9,4.1,3,12,Onsite,81,123902.0,23,Low
EMP5003,Dr. Tara Alvarado,Support,12.3,5.8,3,7,Onsite,95,90565.0,10,Low
EMP1576,Christian Cervantes,Finance,,4.1,9,4,Hybrid,50,214841.0,21,High
EMP3215,,Support,10.9,4.4,1,11,Hybrid,57,32837.0,21,Medium
EMP5601,Jeffrey Williams,IT,10.0,7.1,3,7,Remote,good,234529.0,19,High
EMP2180,Ashley Collins,IT,14.4,,3,5,Hybrid,64,176235.0,23,Low
EMP1888,Stephanie Hudson,Finance,5.5,7.6,5,8,Hybrid,86,35645.0,2,Low
EMP4375,Alejandro Morrison,IT,7.0,3.4,7,6,Onsite,97,158423.0,10,Low
EMP2973,Tanner Watkins,Support,9.7,4.4,2,9,Onsite,43,175106.0,20,Low
EMP3867,Christopher Ross,HR,4.2,3.7,5,7,Hybrid,66,93046.0,24,High
EMP1817,Steven Hayes,Support,6.4,7.6,4,4,Remote,43,75782.0,3,High
EMP4535,Mary Chen,,9.9,3.6,1,6,Onsite,44,154110.0,6,High
EMP3569,Candace Kelly,Finance,9.3,5.3,5,9,Hybrid,80,144562.0,25,Low
EMP1208,Marissa Velasquez,Marketing,7.9,5.0,3,12,Onsite,83,146798.0,22,Low
EMP1293,Jane Thomas,Support,4.6,5.3,10,9,Onsite,42,44079.0,6,High
EMP2119,Erin Conway,Marketing,6.8,7.3,3,5,Hybrid,82,221260.0,14,Low
EMP3380,Connie Roth,Operations,8.8,7.6,4,3,Onsite,82,101931.0,20,High
EMP2833,Adam Wilson,Marketing,11.9,6.3,8,4,Onsite,57,46838.0,29,Low
EMP2264,Aaron Valdez,Support,6.4,8.8,3,4,Onsite,41,165873.0,21,Low
EMP1990,Andrew Davis,Operations,13.7,7.3,7,6,Hybrid,93,201451.0,20,Medium
EMP3447,Thomas Serrano,IT,4.5,6.8,5,11,Remote,41,199609.0,19,Low
EMP2614,Amber Knight,Sales,11.8,8.0,10,6,Hybrid,80,181036.0,10,Medium
EMP4606,Kelly Dawson,Finance,10.7,7.1,4,4,Remote,93,156710.0,22,High
EMP5352,Timothy Anderson,Marketing,9.6,5.8,1,4,Hybrid,68,128995.0,15,Medium
EMP3282,Thomas Boyer,Finance,7.1,7.7,7,10,Remote,73,61860.0,29,High
EMP1353,Marie Evans,IT,12.6,6.4,8,8,Hybrid,72,54677.0,18,High
EMP4837,Daniel Barnett,Sales,9.7,3.8,10,12,Onsite,54,81997.0,10,High
EMP3940,,Sales,12.3,8.9,8,2,Hybrid,75,132790.0,6,Low
EMP4282,Richard Fox,Support,4.7,6.3,6,5,Onsite,50,109718.0,5,Medium
EMP2489,Laurie Morris,Operations,13.6,3.1,2,6,Hybrid,56,225673.0,17,High
EMP3749,Paul Johnson,HR,14.8,3.0,3,7,Onsite,66,79665.0,13,Low
EMP3986,Erik Burgess,Marketing,ten,3.0,7,4,Onsite,79,93790.0,5,Medium
EMP4288,Emma Keller,Finance,9.0,5.3,3,12,Remote,81,119797.0,12,Medium
EMP2228,Wendy Gilbert,Operations,14.5,5.5,7,2,Remote,63,54683.0,10,High
EMP1259,Brenda Moore,Sales,7.0,3.7,10,3,Remote,55,38307.0,21,High
EMP3927,Melissa Snyder,Operations,11.9,3.8,10,10,Remote,46,103515.0,7,High
EMP3025,Shannon Castaneda,Support,7.8,6.7,6,0,Onsite,46,151562.0,24,Low
EMP5914,Leah Hickman,Support,13.9,3.4,10,1,Hybrid,47,,8,High
EMP3016,Christopher Hayes,Marketing,12.9,4.4,5,10,Remote,60,80193.0,7,High
EMP5001,Mariah Carter,Sales,12.1,5.1,7,7,Onsite,60,141632.0,15,Low
EMP1052,Vanessa Boyd,Operations,6.8,7.3,1,8,Onsite,99,236421.0,17,High
EMP4263,Kristina Cochran,Support,6.5,4.6,5,3,Hybrid,70,199557.0,13,High
EMP1411,Andrew Green PhD,Finance,13.0,,1,6,Remote,83,136847.0,5,Low
EMP3357,Michael Ruiz,Finance,14.7,6.9,2,8,Onsite,77,93132.0,10,Low
EMP5414,Dr. Tyler Brown DDS,HR,8.0,4.4,9,7,Remote,80,fifty thousand,13,Medium
EMP4002,Stacey Watts,Sales,5.9,5.8,7,2,Remote,40,171137.0,1,Low
EMP4753,Michael Schneider,Sales,8.6,8.8,8,2,Onsite,42,98908.0,17,Medium
EMP3775,Joseph Rice,Sales,9.0,4.0,2,3,Remote,74,238122.0,12,High
EMP2767,Ivan Vasquez,IT,12.9,5.3,8,2,Hybrid,94,114992.0,5,Medium
EMP2479,Devon Jenkins,IT,4.3,5.2,5,2,Onsite,98,179986.0,0,Low
EMP2507,Jason Taylor,Support,14.3,7.8,6,3,Onsite,93,171320.0,21,Low
EMP2033,Mrs. Michelle Collins,,8.8,5.5,9,5,Remote,64,92417.0,2,High
EMP2097,Amanda Mason,HR,14.4,7.9,1,7,Hybrid,81,159387.0,24,Low
EMP2469,Christine Delgado,Sales,10.8,5.2,5,12,Remote,81,237404.0,24,Low
EMP1543,Jillian Alvarez,Finance,9.1,5.0,2,1,Onsite,43,71659.0,25,Low
EMP2046,Sarah Shelton,Finance,6.9,7.5,8,4,Remote,55,198611.0,10,Medium
EMP3103,Melissa Raymond,Finance,9.6,6.6,2,3,Onsite,74,169776.0,2,High
EMP2788,Danielle Oneill,Finance,11.3,,6,2,Hybrid,64,241680.0,7,Low
EMP1030,John Silva,Operations,6.9,7.7,8,4,Onsite,67,207607.0,30,High
EMP1725,Yvonne Edwards,IT,7.2,4.2,2,0,Onsite,69,188960.0,25,Low
EMP4759,James Stevens,Sales,15.0,7.2,high,7,Remote,83,38914.0,3,High
EMP3570,,Finance,11.8,3.0,7,8,Onsite,69,128715.0,9,High
EMP5439,,IT,10.7,6.6,10,6,Onsite,64,76336.0,7,Low
EMP2426,Elizabeth Shah,HR,11.2,6.9,8,0,Hybrid,98,117989.0,30,High
EMP2888,Randall Boyd,IT,10.9,6.4,5,3,Remote,72,31242.0,9,Low
EMP3686,Thomas Mcdonald,Operations,5.1,4.6,10,3,Hybrid,92,139891.0,17,Medium
EMP1436,Leslie Johnson,HR,5.8,8.3,3,0,Hybrid,46,111794.0,6,High
EMP3658,Jeffrey Powers,Operations,6.4,5.9,2,8,Onsite,61,191461.0,3,Medium
EMP1912,Karina Tyler,Operations,7.2,3.3,10,6,Remote,91,84214.0,19,High
EMP5377,Robert Curtis,Finance,7.0,8.3,9,1,Hybrid,47,161538.0,21,Medium
EMP2588,Jamie Nguyen,HR,9.3,5.1,8,8,Hybrid,83,128297.0,22,High
EMP5318,Brittany Sosa,IT,4.7,7.5,4,12,Hybrid,67,26542.0,16,Medium
EMP5678,Michael Williams,Finance,8.2,5.2,9,12,Onsite,47,68529.0,14,Low
EMP4711,Troy Holden,Finance,9.1,3.7,1,10,Onsite,43,53780.0,3,Medium
EMP5004,Ashlee Murphy,Sales,5.0,5.3,9,9,Onsite,97,247525.0,11,Medium
EMP2590,Traci Cruz,Marketing,8.4,5.0,5,10,Onsite,86,136304.0,19,Low
EMP3630,Cory Morris,Finance,6.3,8.7,10,11,Remote,60,133557.0,7,Medium
EMP2803,Mary Duncan,Support,4.1,3.0,1,6,Remote,89,173623.0,3,High
EMP2238,Steven Young,Marketing,9.5,7.1,3,5,Onsite,88,225380.0,24,High
EMP1903,Gary Cooper,Sales,10.1,,8,7,Remote,75,248963.0,5,Medium
EMP3792,Jordan Brown,Sales,5.4,4.2,6,3,Hybrid,57,166644.0,8,Medium
EMP4393,Rebecca Roberts,HR,13.3,,4,8,Hybrid,95,212439.0,27,Medium
EMP4505,Melissa Rodriguez,HR,5.1,4.5,7,0,Remote,46,167997.0,9,Low
EMP1507,Erica Martinez,IT,8.4,4.4,8,7,Hybrid,91,175217.0,14,Medium
EMP5257,,HR,10.8,3.9,5,0,Onsite,60,79069.0,22,Medium
EMP1183,Michael Chapman,Finance,11.8,8.9,9,8,Hybrid,79,66614.0,11,Medium
EMP2779,Mr. Brandon Ruiz,Sales,5.1,6.1,6,8,Onsite,76,175755.0,22,Medium
EMP2497,Courtney Caldwell,Finance,10.2,8.4,10,8,Hybrid,94,,9,Medium
EMP1449,William Long,Sales,9.7,8.5,1,12,Hybrid,84,188330.0,18,Low
EMP1321,Mr. David Porter,Support,8.5,3.2,6,8,Hybrid,45,181480.0,19,Medium
EMP3024,Robert Newman,Operations,14.5,8.4,3,6,Hybrid,42,227076.0,0,High
EMP3685,Daniel Walker,Finance,13.8,7.7,6,10,Hybrid,53,29531.0,29,Medium
EMP5355,Elizabeth Goodman,IT,13.3,4.3,7,8,Hybrid,63,183381.0,6,High
EMP3005,Henry Thomas,Finance,8.8,7.9,3,6,Remote,70,33020.0,10,Medium
EMP4298,Tanya Mitchell,Sales,7.5,7.7,8,2,Onsite,50,225839.0,20,Low
EMP4827,Margaret Duke,Marketing,7.4,6.8,6,4,Remote,79,146225.0,16,High
EMP5161,Jerry Cunningham,Support,11.8,6.0,4,0,Hybrid,45,101021.0,18,High
EMP4734,Eric Freeman,IT,11.8,7.4,7,7,Onsite,89,fifty thousand,28,Medium
EMP4941,Ms. Shelby Watson,HR,11.7,8.9,9,6,Hybrid,65,220916.0,18,Medium
EMP2551,Valerie Fletcher,IT,14.2,6.7,3,2,Remote,70,25064.0,10,Low
EMP5603,Lisa Mullen,IT,11.6,6.5,6,3,Onsite,90,64199.0,23,High
EMP2146,Robert Phillips,Marketing,10.5,3.9,3,4,Hybrid,64,146543.0,9,Medium
EMP3221,William Chavez,Finance,14.1,4.1,6,11,Hybrid,99,151694.0,5,Low
EMP3505,Amber Smith,Marketing,13.7,3.7,5,2,Onsite,56,81739.0,25,Low
EMP1044,Mike White,Finance,8.7,3.3,6,12,Remote,95,35458.0,28,High
EMP3943,Peter Rowland,Finance,5.9,7.2,1,2,Hybrid,66,129464.0,0,Low
EMP4871,Amanda Davis,Support,5.9,3.2,8,2,Remote,85,152998.0,5,High
EMP3515,,Support,8.8,6.4,5,6,Onsite,64,215875.0,19,Medium
EMP3063,George Singleton,Sales,5.5,8.8,7,9,Remote,58,95611.0,7,High
EMP4611,William Austin DDS,IT,12.7,6.9,1,9,Hybrid,94,97813.0,23,Medium
EMP2378,Steven Moore,Support,6.1,3.6,4,9,Hybrid,88,163318.0,16,Medium
EMP3011,Maurice Griffith,HR,5.1,9.0,2,0,Remote,79,25055.0,26,Medium
EMP4248,James Nunez,Marketing,9.5,5.6,10,0,Onsite,66,230728.0,3,High
EMP1413,Amber Brown,HR,9.5,8.3,8,0,Hybrid,45,98341.0,12,Low
EMP3317,Dr. Shane Reyes II,Finance,15.0,5.7,1,1,Remote,85,240625.0,29,Medium
EMP2407,Daniel Bailey,Marketing,4.4,,4,12,Hybrid,83,191997.0,12,Low
EMP2891,Megan Juarez,Operations,4.6,3.1,5,0,Onsite,59,141669.0,12,Low
EMP1801,Susan Delacruz,IT,7.3,5.3,2,10,Onsite,84,119178.0,15,Medium
EMP2288,Greg Morris,Marketing,5.5,8.8,3,6,Hybrid,86,31906.0,22,Low
EMP2558,Krista Pope,Finance,8.9,6.2,1,9,Hybrid,59,111101.0,3,High
EMP5076,Christopher Marshall,Operations,6.5,,6,9,Hybrid,95,221207.0,14,Medium
EMP5322,Brandon Jones,HR,10.5,,6,8,Onsite,42,133519.0,26,Medium
EMP5435,Mr. Richard Jackson,Sales,9.5,4.6,5,4,Onsite,96,35917.0,17,High
EMP3868,Jessica Acevedo,Sales,13.0,6.5,7,1,Hybrid,60,148852.0,7,Medium
EMP2699,Christopher Roberts,Operations,8.6,4.0,9,2,Remote,87,237183.0,25,Medium
EMP1256,Chase Monroe,Sales,7.5,5.1,5,4,Hybrid,47,175333.0,21,Medium
EMP3045,Aaron Mendez,Finance,13.2,8.6,8,8,Onsite,89,145023.0,12,Medium
EMP2924,Angela Hale,HR,9.3,4.5,7,12,Hybrid,87,236498.0,20,Low
EMP2151,Patrick Webb,HR,9.4,7.1,1,10,Remote,64,136159.0,23,Medium
EMP3476,Melanie Powell,Marketing,5.6,5.2,9,2,Remote,44,,14,High
EMP1647,Jesse Harvey,Support,5.4,4.4,9,12,Hybrid,81,223363.0,11,High
EMP4132,Jason Allen,IT,5.1,8.8,5,7,Remote,67,96984.0,0,Medium
EMP2739,Darren Richards,Operations,12.6,7.0,1,3,Hybrid,76,72379.0,0,Low
EMP3328,Erika Mata,Support,12.4,7.0,3,8,Onsite,97,155989.0,21,Medium
EMP5028,Mary Figueroa,Finance,7.5,4.0,4,5,Remote,84,200891.0,22,Medium
EMP5507,Sean Olson,Marketing,4.4,8.9,9,9,Remote,44,218115.0,26,Low
EMP5068,Derek Michael,,13.6,3.6,3,0,Onsite,70,147510.0,20,Low
EMP2315,Steven Woods,Sales,8.3,5.8,2,5,Hybrid,69,147811.0,20,Low
EMP2088,Shane Navarro,Operations,8.1,7.2,8,7,Onsite,57,177354.0,12,High
EMP5568,Scott Richards,,12.9,5.6,1,5,Hybrid,60,151446.0,22,High
EMP3653,,Finance,9.9,4.2,7,3,Onsite,95,50260.0,0,Low
EMP2937,Charles James,Operations,12.3,3.3,6,12,Onsite,65,32252.0,6,Medium
EMP2350,Carol Sanchez,Sales,10.2,6.6,1,1,Onsite,61,,15,High
EMP3689,Jeffrey Smith,Finance,13.8,3.7,4,4,Remote,98,102496.0,9,High
EMP1112,Kayla Schwartz,Support,5.0,9.0,2,7,Remote,100,55793.0,20,Medium
EMP4381,Alexandra Gibson,IT,5.0,5.2,7,6,Remote,91,160622.0,13,High
EMP1263,Marie Baird,Marketing,14.0,4.1,3,0,Remote,93,129069.0,25,High
EMP2393,Sara Stevens,HR,9.2,3.3,1,9,Onsite,83,101194.0,26,High
EMP3095,Kathleen Higgins MD,Marketing,8.2,4.0,1,8,Remote,51,204421.0,26,Low
EMP2186,Travis Johnson,Support,4.6,7.9,3,11,Remote,53,247316.0,23,High
EMP3879,Catherine Newman,HR,9.7,4.8,1,7,Remote,66,137357.0,8,Medium
EMP1056,Melissa Morris,Support,10.3,5.4,1,4,Onsite,58,80098.0,13,High
EMP2309,John Lam,Finance,5.0,4.9,5,2,Hybrid,44,98431.0,18,Low
EMP1695,Cory Wilson,HR,7.5,6.3,2,2,Onsite,60,245075.0,28,Low
EMP5358,Janice Pearson,Operations,5.6,7.7,10,6,Hybrid,99,105187.0,11,Medium
EMP2864,Trevor Brown,IT,5.6,8.1,1,7,Hybrid,55,83545.0,20,Medium
EMP5272,Eileen Vasquez,Support,8.2,5.3,3,5,Hybrid,87,127372.0,21,Low
EMP5529,Jennifer Young,Support,14.8,4.2,4,0,Hybrid,60,151351.0,22,High
EMP3222,Ralph Johnson,Finance,14.7,4.0,10,3,Onsite,95,207084.0,7,High
EMP3715,Kirk Roman,HR,10.5,3.4,5,3,Onsite,53,238288.0,12,High
EMP4153,Julia Atkins,Marketing,11.9,5.3,10,12,Hybrid,57,68449.0,14,Medium
EMP1319,Kari Suarez,IT,12.6,3.9,7,5,Hybrid,63,52931.0,2,Medium
EMP3622,James Christensen,HR,12.1,8.4,2,7,Hybrid,46,70262.0,5,Medium
EMP2589,Michael Wilson DDS,HR,8.1,5.8,4,12,Hybrid,98,50119.0,12,Low
EMP1682,Jessica Mcmillan,Finance,4.2,7.2,2,4,Remote,68,148519.0,0,High
EMP3372,Andrea Washington,IT,5.5,7.3,5,2,Remote,80,237858.0,13,High
EMP5830,Cesar Hall,Finance,8.3,7.2,10,5,Hybrid,98,177021.0,13,Low
EMP4466,Lori Cruz,Marketing,10.9,7.1,4,8,Remote,99,32491.0,2,Medium
EMP1479,Curtis Kim,Support,4.1,4.6,3,9,Remote,88,66532.0,15,Low
EMP5270,Patty Higgins,Sales,8.8,7.0,6,3,Hybrid,44,148189.0,1,Low
EMP5301,Michael Reese,IT,6.1,5.4,6,0,Onsite,96,,10,Low
EMP1286,Christian Anderson,Support,6.4,8.2,1,2,Onsite,72,100828.0,7,High
EMP3629,Amy Hubbard,Marketing,12.7,5.7,5,9,Onsite,84,72620.0,12,High
EMP3099,,Support,7.5,6.6,1,3,Onsite,65,102472.0,12,Medium
EMP3280,Denise Santana,Marketing,6.1,5.3,4,8,Onsite,40,198103.0,5,High
EMP5287,Alexis Miles,Marketing,6.6,6.1,10,10,Hybrid,77,242238.0,21,Medium
EMP5973,Darren Hayes,IT,5.5,7.8,1,6,Hybrid,68,98778.0,22,High
EMP5294,Christopher Walker,Support,12.0,7.9,7,11,Hybrid,60,117051.0,17,High
EMP4774,Susan Taylor,IT,12.4,5.4,8,10,Hybrid,67,249843.0,1,Medium
EMP2598,Ryan Rodriguez,Operations,11.0,6.6,8,8,Hybrid,63,229735.0,15,High
EMP3576,Charles Collins,HR,8.1,5.8,1,2,Onsite,63,116688.0,3,Low
EMP4979,Brittany Stanley,Sales,11.8,3.1,6,1,Hybrid,42,159550.0,3,High
EMP1736,Mrs. Sara Thomas,it,14.0,5.7,1,12,REMOTE,70,156086.0,4,Medium
EMP4618,Stacey Horton,Marketing,5.0,3.6,6,8,Hybrid,53,221313.0,30,Medium
EMP1336,Peter Frank,Finance,9.6,6.1,10,11,Hybrid,76,,14,Medium
EMP5907,Karina Nguyen,HR,8.7,4.5,1,1,Remote,56,206182.0,28,Medium
EMP3984,Jeremy Baldwin,IT,13.2,3.5,10,8,Onsite,99,66874.0,15,Low
EMP3842,Cody Anthony,IT,6.2,6.6,9,9,Remote,79,183437.0,29,Low
EMP5567,Ashley Rodriguez,Finance,9.6,5.0,1,12,Onsite,55,173808.0,20,High
EMP2071,Anna Morris,HR,8.8,8.8,6,4,remote,77,166857.0,24,Medium
EMP3464,,Operations,6.9,7.7,4,7,Remote,72,95007.0,22,High
EMP5457,Robert Carter,Sales,11.7,7.6,4,5,Remote,95,112199.0,16,Low
EMP3465,Joe Jordan,Sales,13.8,4.3,4,9,Onsite,94,100753.0,9,Medium
EMP3619,Sabrina Benjamin,IT,11.7,8.9,9,6,Onsite,91,219706.0,19,Low
EMP5563,Brianna Sparks,IT,6.6,5.0,6,2,Remote,67,205760.0,5,High
EMP3083,Jeremy Nelson,Sales,9.2,4.4,6,7,Remote,54,137937.0,30,High
EMP5266,Jonathan Maddox,Support,13.8,3.0,9,5,Hybrid,51,106374.0,4,Medium
EMP1081,Cheryl Nichols,Operations,5.2,8.8,8,11,Onsite,49,139160.0,5,High
EMP3600,Justin Castro,Support,13.8,3.4,5,3,Hybrid,42,,6,Low
EMP4633,Sarah Banks,Sales,12.5,6.2,2,5,Onsite,53,188053.0,29,Medium
EMP2714,Randy Cooper,Support,9.0,3.6,6,12,Hybrid,73,93908.0,2,Medium
EMP2488,Samantha Campbell,Operations,7.5,,7,8,Remote,49,175998.0,15,Low
EMP2777,Charles Fuentes,Support,11.4,3.4,4,5,Hybrid,49,87770.0,30,Low
EMP1498,Susan Herring,Support,5.3,5.4,8,4,Hybrid,93,126113.0,22,Medium
EMP5504,Andrew Ortiz,HR,4.5,3.5,5,3,Onsite,98,73661.0,26,High
EMP3367,Natasha Espinoza,Finance,14.6,5.9,8,4,Onsite,65,60215.0,24,Low
EMP3751,Bradley York,IT,7.5,4.3,1,9,Hybrid,66,175767.0,25,Medium
EMP3516,Calvin Hernandez,Finance,14.6,3.4,4,4,Hybrid,48,45729.0,5,Medium
EMP4145,Shawn Gonzalez,Finance,12.4,3.3,7,0,Hybrid,50,213016.0,19,Low
EMP4277,Shawn Johnson,Sales,14.3,3.5,10,3,Hybrid,67,149895.0,27,Medium
EMP3344,Lee Wall,Support,14.1,4.9,9,1,Onsite,65,112149.0,24,Low
EMP2610,Justin Nguyen,Operations,12.8,5.2,8,3,Onsite,88,139542.0,8,Low
EMP4674,Richard Smith,Operations,8.4,6.8,7,12,Remote,61,124614.0,22,High
EMP4683,Vanessa Nelson,Sales,8.7,4.9,2,11,Onsite,81,55884.0,25,Medium
EMP5096,William Harris,Finance,10.0,4.5,8,12,Hybrid,96,72248.0,2,Low
EMP5333,Lisa Randall,IT,5.7,6.0,8,10,Hybrid,58,36745.0,5,Medium
EMP2022,Kenneth Walsh,Finance,5.3,6.4,1,8,Hybrid,49,,11,Medium
EMP3456,Kristy Barrera,IT,10.5,5.2,1,3,Remote,82,221869.0,26,Low
EMP1023,,Finance,4.6,3.4,1,5,Onsite,44,159782.0,7,Medium
EMP3164,Phillip Miller,Marketing,6.0,7.7,4,4,Hybrid,89,62038.0,24,High
EMP5571,Charles Rodriguez,IT,11.6,6.0,1,9,Onsite,49,145436.0,5,Medium
EMP5767,,Support,13.6,8.0,9,2,Remote,47,107324.0,18,Low
EMP3181,Stephanie Craig,Finance,6.4,4.7,1,7,Hybrid,68,141049.0,19,Low
EMP1665,Johnny Williams,IT,14.2,4.5,8,7,Hybrid,65,25051.0,23,High
EMP5980,Gabriel Stout,Operations,13.8,7.3,5,9,Onsite,62,46640.0,12,Medium
EMP5763,Thomas Johnson,Finance,14.7,8.0,7,6,Onsite,47,162238.0,4,High
EMP2552,Anthony Evans,IT,9.6,5.6,8,5,Remote,59,156170.0,24,High
EMP5423,Lisa Carter,Marketing,11.5,5.5,3,12,Onsite,69,32600.0,23,Medium
EMP4074,Warren Thomas,Sales,10.3,7.9,7,0,Hybrid,43,188389.0,22,Low
EMP2017,Kelly Sanchez,HR,13.1,3.5,1,6,Hybrid,96,59095.0,15,Low
EMP1557,Michael Humphrey,Support,7.0,5.2,6,7,Hybrid,69,141747.0,11,Medium
EMP3580,Christopher Hines MD,IT,7.4,4.5,2,12,Hybrid,97,105046.0,19,High
EMP2207,Carly Bryant,Finance,9.6,7.1,1,3,Remote,42,74302.0,4,Low
EMP3174,Carol Payne,Sales,8.4,3.9,10,12,Hybrid,89,106459.0,27,High
EMP3858,John Richardson,Support,11.5,3.4,10,11,Hybrid,47,89463.0,18,High
EMP3291,Anthony Lambert,Support,5.4,4.7,2,5,Remote,60,93435.0,30,High
EMP2510,Victoria Dixon,Sales,14.5,8.1,4,0,Onsite,67,42632.0,15,Low
EMP2978,Janice Lyons,Finance,5.8,5.8,3,3,Onsite,95,184637.0,26,Medium
EMP5635,,Finance,14.4,4.8,8,11,Remote,83,248244.0,23,Low
EMP2684,Richard Kirk,IT,,7.7,7,0,Onsite,65,175664.0,9,Medium
EMP1245,Scott Tanner,HR,4.4,3.2,6,12,Onsite,70,161139.0,14,High
EMP2163,Christopher Hawkins,IT,4.7,7.5,1,10,Remote,77,231885.0,1,High
EMP5761,Karen Thornton,Marketing,11.0,8.1,7,3,Remote,72,209165.0,14,Low
EMP4091,Mathew Hendricks,Support,10.2,5.4,1,5,Remote,83,147868.0,1,Low
EMP4095,Carmen Allen,Support,5.5,6.4,7,4,Onsite,56,35464.0,5,Low
EMP1266,Brett Leach,Operations,6.1,3.7,3,11,Remote,69,194944.0,8,Low
EMP5437,Mallory Lewis,Marketing,10.9,5.2,1,11,Onsite,92,114726.0,4,High
EMP2114,Molly Garrison,IT,14.0,4.1,10,1,Remote,65,208145.0,30,Low
EMP1063,Maria Hayes,Sales,10.5,8.7,8,9,Hybrid,92,213553.0,28,High
EMP4893,Sherry Perez,Marketing,6.5,8.7,1,5,Remote,64,219919.0,14,Low
EMP3789,Craig Brady,IT,9.0,3.1,4,7,Onsite,92,197320.0,17,Low
EMP3329,Kristin Neal,Marketing,12.7,6.6,7,8,Onsite,97,157300.0,4,Medium
EMP5114,Raymond Alvarado,Sales,5.5,8.6,9,11,Remote,74,124936.0,13,Medium
EMP4247,David Reed,Marketing,10.0,4.3,5,3,Onsite,100,197844.0,9,Medium
EMP4320,Nicholas Hernandez,Finance,6.6,7.6,4,10,Onsite,49,187682.0,25,High
EMP3088,Tyler Deleon,Sales,12.2,8.6,4,0,Remote,70,205616.0,8,High
EMP5513,Kimberly Ashley,Finance,13.9,8.9,2,6,Hybrid,75,179055.0,14,Low
EMP3432,Kenneth Stephens,Support,4.6,6.4,4,0,Hybrid,42,146208.0,2,High
EMP3213,Candace Kim,HR,14.1,6.0,3,2,Hybrid,60,160296.0,18,High
EMP2894,Alex Peterson,IT,14.1,7.5,1,7,Onsite,51,28760.0,3,Low
EMP4710,William Cooley,HR,8.5,8.7,4,4,Hybrid,95,54505.0,11,High
EMP2784,Jennifer Harris,Sales,12.1,6.2,1,4,Remote,64,74345.0,11,High
EMP2237,Colin Meyer,Marketing,7.6,3.2,4,7,Hybrid,82,94677.0,3,High
EMP1103,Michael Rivera,Finance,9.5,6.0,2,9,Onsite,42,138253.0,23,Medium
EMP3486,Ricky Mendez,Finance,12.3,4.0,1,2,Onsite,75,81033.0,19,Low
EMP4715,Perry Clark,Finance,9.9,8.3,6,7,Remote,53,187417.0,21,Low
EMP1272,Julie Ramos,Finance,6.4,8.7,8,2,Hybrid,69,221014.0,19,High
EMP1508,Tiffany Bradford,Sales,7.5,8.9,1,1,Onsite,65,133092.0,1,Low
EMP3395,Patricia Wilson,IT,6.5,5.7,9,3,Remote,55,173901.0,25,Low
EMP5209,,Operations,7.8,6.0,1,1,Remote,66,219638.0,28,High
EMP2886,Elizabeth Griffin,Support,6.0,3.2,2,11,Onsite,99,78892.0,6,High
EMP1865,Pamela Taylor,Marketing,4.5,8.0,10,4,Remote,71,171612.0,23,Low
EMP3617,Mrs. Jennifer James DDS,Support,,4.5,4,10,Remote,52,143323.0,18,Low
EMP1908,Roy Maxwell,IT,4.4,6.9,7,9,Onsite,72,135407.0,8,Medium
EMP3269,Troy Mcdaniel,Sales,11.8,5.2,9,5,Hybrid,51,87074.0,20,Low
EMP4076,Caleb Smith,Sales,14.8,6.5,3,0,Onsite,60,fifty thousand,23,Medium
EMP2303,James Martinez,Marketing,9.5,6.0,3,0,Onsite,77,233684.0,12,Low
EMP2627,Jordan Anderson,Operations,14.4,5.0,4,2,Remote,76,188969.0,15,Medium
EMP4094,Lauren Chan,Marketing,6.4,8.1,3,11,Remote,85,183257.0,22,High
EMP2522,Anthony Baldwin,Marketing,8.4,7.3,5,12,Remote,50,123010.0,10,High
EMP1835,Angela Bush,Finance,8.2,7.1,9,0,Onsite,58,136647.0,24,High
EMP1358,Brandy Malone DDS,Finance,7.9,4.7,9,2,Onsite,60,209563.0,9,Medium
EMP1138,Ryan Taylor,Sales,14.3,3.7,4,7,Hybrid,41,187410.0,28,High
EMP1299,Ashley Knight,Support,11.9,4.8,4,5,Remote,54,124572.0,18,Medium
EMP2556,Kyle Hutchinson,Marketing,6.0,8.2,8,12,Remote,82,115699.0,23,High
EMP2003,John Russell,IT,14.1,8.4,9,12,Hybrid,83,119836.0,30,Low
EMP1382,Deborah Gutierrez,HR,10.8,4.7,5,1,Onsite,72,78267.0,25,Medium
EMP1941,Jason Mitchell,Sales,8.3,5.3,10,3,Onsite,41,31021.0,29,High
EMP3115,Anthony Brown,Marketing,9.7,6.2,7,6,Remote,76,57228.0,7,Medium
EMP5787,Stephanie Roberts,Support,14.7,4.5,4,12,Onsite,93,167241.0,22,Medium
EMP1761,Mark Robinson,IT,11.7,7.9,6,1,Remote,95,98979.0,27,Medium
EMP3254,Angela Travis,IT,9.0,8.4,9,3,Onsite,86,51804.0,12,Low
EMP3091,Jeremy Moore,Finance,10.1,4.0,2,10,Remote,76,30599.0,21,Low
EMP3743,Angela Levine,Sales,7.2,5.4,10,0,Remote,82,60133.0,26,Medium
EMP5180,Jesse Wright,Operations,13.8,7.7,5,4,Onsite,96,207411.0,17,High
EMP5797,,Marketing,7.0,7.1,3,0,remote,46,127416.0,10,Low
EMP1898,Ian Jimenez,Marketing,10.8,3.6,high,10,Hybrid,88,161301.0,24,Low
EMP5197,Sarah Rodriguez,Marketing,7.5,9.0,10,5,Remote,83,132550.0,25,Low
EMP3170,Douglas Lamb,Sales,4.3,7.8,3,6,Onsite,77,225043.0,11,Low
EMP2402,Wanda Estrada,Finance,5.2,3.1,3,7,Onsite,83,64381.0,16,High
EMP5456,Jordan Porter,Support,6.6,5.0,8,6,Hybrid,78,119663.0,11,High
EMP2877,Angela Cruz,Support,5.7,7.9,high,7,Hybrid,50,55211.0,24,Low
EMP5085,Michael Richardson,Sales,7.9,4.5,6,0,Hybrid,76,186795.0,18,Low
EMP5782,Michelle Hernandez,Sales,12.8,6.0,1,6,Hybrid,62,90953.0,16,Medium
EMP5941,Mathew Evans,Operations,8.7,3.1,10,6,Hybrid,53,118644.0,9,Medium
EMP2512,Jeffrey Kelley,Finance,9.3,6.9,3,4,Onsite,93,85789.0,28,Medium
EMP2188,David Macias,Support,14.9,6.3,6,6,Hybrid,83,149104.0,11,Medium
EMP4221,Patricia Wilson,Operations,9.3,6.3,9,7,Hybrid,46,36884.0,19,High
EMP4264,Barbara Pope,IT,12.8,8.7,5,8,Onsite,90,51316.0,9,High
EMP5139,Michelle Maddox,Operations,10.9,4.9,9,12,Remote,44,35011.0,17,Low
EMP4708,Laura Hernandez,Finance,6.4,7.6,9,7,Hybrid,82,154139.0,3,High
EMP3650,Brandy Smith,HR,10.5,6.7,10,11,Onsite,73,50306.0,20,High
EMP1108,Lisa Garcia,Sales,9.0,4.9,6,1,Remote,89,130952.0,27,High
EMP3944,Bobby Campbell,Finance,14.6,5.2,4,2,Onsite,44,150098.0,26,Low
EMP3638,Gina Nguyen,Support,11.2,7.6,1,0,Remote,57,175443.0,17,High
EMP1430,Casey Chavez,IT,12.0,5.0,1,4,Hybrid,53,90415.0,22,Medium
EMP1058,Juan Dixon,Support,11.2,4.7,10,5,Remote,45,239544.0,30,High
EMP1076,Samantha Thomas,Finance,9.2,3.7,4,7,Remote,84,92172.0,24,High
EMP1796,Jessica Hughes,Marketing,,8.6,7,4,Onsite,49,208515.0,10,Low
EMP1368,Pamela Porter,Support,13.9,4.0,7,10,Remote,59,215313.0,22,Medium
EMP4024,,,7.2,3.3,8,6,Onsite,49,,19,Low
EMP1785,Maria Larson,HR,8.3,7.6,4,11,Onsite,83,179330.0,24,Medium
EMP5816,Sandra Peterson,Support,14.3,4.1,3,0,Onsite,93,210125.0,12,High
EMP3240,Mark Young,Finance,14.8,3.2,1,0,Hybrid,42,65879.0,25,High
EMP3145,Patricia Jones,IT,5.9,7.3,4,9,Remote,78,157606.0,4,Medium
EMP5129,Elizabeth Wheeler,Marketing,13.8,8.9,1,4,Onsite,46,52262.0,13,High
EMP2892,Christina Cantrell,Finance,5.1,5.2,4,6,Hybrid,87,122732.0,2,High
EMP5214,Karen Norman,Support,11.2,5.7,2,11,Hybrid,87,87759.0,1,High
EMP4808,Mark Williams,IT,5.7,3.1,3,11,Remote,85,196988.0,24,High
EMP4899,Christina Valenzuela,HR,7.3,3.1,3,12,Hybrid,56,206948.0,17,High
EMP5605,Connie Luna,HR,8.0,8.0,9,12,Onsite,50,86819.0,9,Medium
EMP1121,Sonya Henderson,Sales,7.7,7.2,2,5,Hybrid,94,201778.0,27,Medium
EMP3348,Jaclyn Clark,Operations,10.5,6.4,9,10,Remote,42,168315.0,17,Medium
EMP3559,Nicholas Morris,HR,4.7,7.8,3,0,Onsite,56,69230.0,13,Low
EMP4930,Tracy Reynolds,IT,,6.8,6,3,Onsite,86,126165.0,22,High
EMP1910,Jennifer Zhang,Finance,11.6,4.2,8,8,Remote,91,225514.0,21,High
EMP1124,Gary Nelson,Finance,5.8,4.8,1,0,Hybrid,60,233704.0,1,Medium
EMP3764,Jacqueline Higgins,Sales,6.4,4.6,4,8,REMOTE,81,44735.0,1,High
EMP3142,Alyssa Nichols,,11.5,5.4,10,12,Remote,62,60107.0,28,Medium
EMP5855,Natasha Davis,Marketing,6.7,3.2,7,9,Hybrid,87,74968.0,8,High
EMP2586,Melanie Cox,Finance,8.4,5.8,3,3,remote,96,70106.0,9,Low
EMP2257,Christina Smith,Support,12.1,5.4,9,8,Onsite,44,68389.0,14,Medium
EMP4712,Matthew Sanders,IT,,8.2,5,9,Onsite,56,88017.0,21,Medium
EMP4754,Nicholas Ryan,HR,10.2,6.9,2,8,Remote,64,238364.0,18,Low
EMP4651,Susan Zavala,Support,ten,6.0,3,2,Hybrid,83,46946.0,20,Medium
EMP2178,Jessica Marshall,Support,14.0,7.5,7,10,Hybrid,81,230804.0,17,Low
EMP4659,Nicholas Reed,Support,4.2,5.3,5,8,Remote,41,70482.0,25,Medium
EMP1497,,Finance,7.9,5.6,10,4,Hybrid,96,217169.0,2,Low
EMP4742,Brandon Nelson,HR,9.0,4.6,5,6,Remote,98,122596.0,22,Medium
EMP5986,Tara Moreno,Operations,12.2,6.7,4,6,Hybrid,71,62552.0,24,Low
EMP3592,Dale Mueller,IT,14.3,8.8,high,9,Hybrid,79,82252.0,30,High
EMP1442,Rachel Brown,,6.9,5.8,4,4,Onsite,76,41158.0,4,High
EMP4836,Ashley Silva,IT,14.0,4.6,6,6,Onsite,76,231558.0,0,Low
EMP4496,Melissa Jones,IT,8.9,7.1,7,12,Hybrid,70,54860.0,24,Low
EMP1925,Susan Pierce,Marketing,9.5,3.7,10,12,Remote,99,162693.0,8,Low
EMP5591,Deanna Thompson,HR,12.1,8.4,5,1,Hybrid,52,82234.0,21,Medium
EMP3302,Karen Huff,Sales,6.2,5.4,2,11,Hybrid,52,31498.0,0,Low
EMP3742,Louis Dennis,IT,6.6,5.9,3,5,Remote,62,232055.0,28,Medium
EMP5946,Roy Henderson,Operations,9.2,,10,5,Hybrid,42,240733.0,14,High
EMP2411,Stephanie Turner,Finance,5.5,5.7,6,8,Hybrid,99,204611.0,22,Medium
EMP4739,Christina Lynch,HR,8.7,6.5,2,12,Remote,48,201218.0,4,Low
EMP4240,Elaine Chavez,Operations,9.4,8.4,3,5,Onsite,90,89562.0,27,Low
EMP2509,Miss Lisa Stokes PhD,HR,6.9,3.9,3,11,Onsite,71,99081.0,4,Low
EMP2227,Phyllis Hardy,HR,14.2,7.6,4,2,Onsite,44,121220.0,26,Medium
EMP4885,Kimberly Rivera,,10.5,3.2,1,10,Remote,76,178655.0,29,High
EMP4289,James Melendez,Support,8.2,3.0,1,10,Onsite,42,46758.0,9,Medium
EMP4787,Brian Drake,Sales,4.4,7.6,8,7,Hybrid,96,144594.0,14,Medium
EMP4856,Johnny Green,Support,5.7,7.9,2,2,remote,60,85966.0,16,Medium
EMP5092,Desiree Johnson,Finance,14.6,6.0,3,0,Onsite,61,248231.0,10,Low
EMP1324,Renee Rivas,HR,8.8,5.5,8,12,Onsite,44,119666.0,8,High
EMP4323,Wanda Valdez,,10.6,5.7,2,7,Remote,58,66149.0,19,Low
EMP3252,Justin Garrett,HR,9.1,4.6,6,8,Hybrid,80,94633.0,15,Low
EMP3153,Ms. Dana Patterson,HR,13.3,5.5,9,10,Onsite,97,62380.0,19,Medium
EMP3107,Lisa Cordova,Support,4.4,3.1,1,12,Onsite,82,206110.0,0,Low
EMP4557,Amanda Cooper,HR,11.2,7.2,1,11,Onsite,98,72253.0,9,Low
EMP4867,Angela Cooper,Marketing,10.1,6.2,4,0,Onsite,57,234518.0,28,Low
EMP2498,Tammie Anderson,it,12.3,8.7,1,11,Onsite,96,216623.0,6,Medium
EMP2502,Theresa Pacheco,Sales,12.8,3.0,1,5,Hybrid,53,98882.0,30,High
EMP2006,Heather Henry,Finance,14.7,5.5,9,4,Remote,86,219693.0,10,Medium
EMP4443,Willie Meadows,Support,4.9,3.7,5,8,Onsite,67,,1,Medium
EMP5650,Carrie Garza,Operations,14.4,6.3,9,7,Hybrid,71,136023.0,15,Medium
EMP5932,Jason Tyler,Operations,,3.5,5,2,Hybrid,56,127827.0,0,Low
EMP2467,Luis Krause,IT,6.9,8.8,8,11,Hybrid,99,87449.0,4,High
EMP2225,Peter Oconnor,Operations,8.5,6.7,1,11,Hybrid,67,209180.0,17,Low
EMP5489,Nina Davis,Sales,6.2,4.7,3,10,Remote,64,232680.0,25,High
EMP5707,Elizabeth Robertson,Marketing,8.7,7.7,8,9,Onsite,98,94362.0,18,Medium
EMP3440,Hannah Crane,Sales,8.8,6.1,4,5,Remote,95,64684.0,13,Medium
EMP3346,Shelley Stone,,,,1,3,Onsite,84,100799.0,8,Medium
EMP2216,Megan Bailey,HR,7.0,3.6,1,2,Hybrid,60,222098.0,12,High
EMP5648,Adam Adams,Support,11.5,3.8,4,9,Onsite,62,135955.0,24,Medium
EMP4773,,IT,10.1,4.9,4,7,Onsite,64,171437.0,8,Medium
EMP1420,Trevor Pierce,HR,7.9,6.5,6,9,Hybrid,76,62251.0,18,High
EMP4692,Rhonda Prince,Marketing,13.6,5.6,4,5,Onsite,90,163145.0,12,Medium
EMP1006,Lucas Montoya,Finance,6.5,4.7,2,3,Hybrid,95,51476.0,12,High
EMP1932,Anthony Tran,it,9.9,4.4,8,6,Hybrid,40,128016.0,29,Low
EMP2691,Laura Chavez,Sales,8.2,5.7,7,3,Remote,53,227108.0,12,Low
EMP1439,Kelly Small,HR,13.1,6.8,8,3,Onsite,46,31746.0,6,Medium
EMP2313,Maureen Barnes,Support,6.9,8.3,1,9,Remote,81,39957.0,23,High
EMP1678,Kevin Hudson DDS,IT,4.8,7.7,6,10,Onsite,99,175999.0,2,Medium
EMP2943,John Lopez,HR,11.6,8.5,10,9,Hybrid,82,230996.0,18,Medium
EMP3409,Jeremy Campbell,IT,8.4,7.9,10,4,REMOTE,89,187165.0,15,High
EMP3829,Tommy Rich,IT,10.4,6.8,6,0,Onsite,42,133208.0,29,Medium
EMP5832,Kaitlyn Ray,IT,10.3,5.4,5,8,Remote,56,192097.0,4,High
EMP3526,April Huerta,Sales,8.0,8.8,5,11,Hybrid,97,71194.0,13,Medium
EMP5537,Robert Atkins,Support,ten,5.2,10,1,Onsite,89,124201.0,19,Low
EMP3441,Patricia Davis,HR,13.5,8.9,7,0,Onsite,87,137529.0,14,High
EMP5801,Anna Burns,Support,7.0,4.0,3,4,Hybrid,73,102994.0,6,Low
EMP3277,Melissa Kaufman,IT,10.7,7.5,2,1,Remote,47,125291.0,12,Low
EMP3707,Steven Morales,it,4.4,4.4,9,8,Onsite,41,83260.0,6,Low
EMP3623,Todd Davis,Finance,12.2,4.5,9,7,Hybrid,51,67873.0,0,Low
EMP2086,Brianna Myers,Sales,13.7,4.3,2,12,Remote,70,232355.0,21,Low
EMP2064,Lori Davis,Support,8.2,8.3,2,12,Hybrid,48,41253.0,29,Low
EMP5400,Mrs. Pamela Rodgers DVM,Support,11.4,5.8,6,8,Onsite,64,150527.0,27,Medium
EMP3991,Karina Baker,Support,12.5,7.0,4,12,Onsite,43,207812.0,4,High
EMP3841,Cindy Ray,HR,5.1,7.4,9,6,Remote,43,40323.0,6,High
EMP1194,Stephen Hernandez,Sales,7.4,,8,3,Hybrid,63,202814.0,30,Medium
EMP2474,Mark Johnston,Operations,6.0,6.0,8,9,Remote,60,35998.0,17,Low
EMP5560,Christopher Tran,HR,12.9,3.7,2,9,Remote,66,178424.0,18,Medium
EMP4771,Zachary Curtis,Finance,7.8,6.0,1,9,Onsite,59,44323.0,4,Medium
EMP5342,Michael West,Support,6.4,7.2,4,10,Hybrid,93,191507.0,14,High
EMP2211,Lisa Grant,HR,6.1,5.2,9,9,Hybrid,50,135018.0,26,Medium
EMP5347,Jennifer Butler,Support,11.5,5.2,8,7,Hybrid,58,228502.0,30,Low
EMP2657,Christopher Day,Sales,10.5,6.8,8,0,Hybrid,56,222803.0,13,Medium
EMP3021,Mrs. Shannon Kennedy,HR,6.1,,7,12,Hybrid,85,109824.0,14,High
EMP2972,Jaime Lawrence,Marketing,9.0,4.8,7,4,Hybrid,95,73764.0,7,Low
EMP3906,James Taylor,Sales,10.9,5.2,8,11,remote,40,157557.0,27,Medium
EMP4256,Kathryn Padilla,Marketing,14.9,6.8,7,11,REMOTE,58,115301.0,24,Low
EMP5978,Kristi Bowman,Marketing,12.1,7.6,6,8,Remote,79,79065.0,14,Low
EMP3388,Mario Craig,Sales,,5.9,10,3,Remote,68,209700.0,25,Low
EMP3078,Brittany Conley,HR,14.2,8.1,10,12,Onsite,99,163915.0,29,Medium
EMP5125,Lisa Burns,IT,7.6,5.0,6,11,Remote,77,148159.0,6,Medium
EMP2130,Daniel Taylor,Finance,13.0,6.9,6,0,Onsite,44,fifty thousand,13,Medium
EMP2461,Theodore Sharp,Support,4.2,8.0,5,4,Remote,77,125709.0,9,Low
EMP1276,Andrea Reid,Support,8.9,7.1,10,7,Remote,45,158791.0,14,Medium
EMP5695,Jerry Clark,Finance,7.9,4.7,8,7,Hybrid,71,151464.0,8,High
EMP4008,Mr. Jason Adams MD,Marketing,14.0,6.4,7,11,Onsite,43,90516.0,19,Medium
EMP3945,Victor Adams,Sales,4.2,4.4,2,0,Remote,87,224297.0,2,Low
EMP3471,Rita Chen,Sales,13.2,3.3,4,0,Onsite,80,225358.0,30,Medium
EMP2302,Shaun Richardson,Finance,7.5,5.3,6,2,Hybrid,84,201864.0,3,High
EMP3706,Hector Pena,Support,10.4,7.2,10,7,Onsite,52,93146.0,9,Low
EMP1222,Adam Pratt,Operations,13.9,5.7,2,12,Hybrid,83,246648.0,10,High
EMP5809,Shannon Waller,Operations,6.4,7.6,3,9,Remote,57,71984.0,14,Low
EMP1048,Meagan Berger,IT,13.0,5.8,5,12,Onsite,95,84662.0,7,Low
EMP1573,Scott Ramirez,HR,9.6,8.3,3,0,Onsite,50,92701.0,29,Medium
EMP2236,William Green,Marketing,13.7,7.3,2,3,Hybrid,58,35552.0,4,High
EMP4822,Robert Nelson,Finance,11.1,3.5,10,2,Hybrid,41,231453.0,14,Medium
EMP3215,,Support,10.9,4.4,1,11,Hybrid,57,32837.0,21,Medium
EMP5662,Jason Soto,Finance,7.9,6.9,6,12,Hybrid,54,201624.0,10,Low
EMP1267,Trevor Conrad,Sales,12.1,7.7,10,10,Onsite,88,75636.0,5,Medium
EMP2104,Billy Hogan,Finance,9.9,4.1,2,5,Remote,76,143367.0,20,Low
EMP2935,Michael Ramos,Marketing,13.4,3.4,3,8,Onsite,49,224365.0,2,Low
EMP1386,Thomas Holmes,Support,9.8,7.7,5,2,Hybrid,63,58274.0,23,High
EMP4567,Darryl Brown,Sales,11.1,4.9,6,9,Onsite,57,72510.0,23,Low
EMP4334,Laura Williams,Marketing,9.2,8.5,9,12,Hybrid,44,99675.0,10,Medium
EMP3418,Douglas Rogers,Finance,9.1,5.7,2,10,Hybrid,87,61167.0,15,High
EMP5545,Sean White,Operations,5.3,8.9,4,6,Remote,93,25846.0,18,High
EMP2563,David Martin,Finance,8.6,8.1,1,7,Remote,80,211277.0,1,High
EMP4617,Cassandra Brown,Support,10.6,7.6,9,9,Hybrid,77,217832.0,12,Low
EMP1209,Heather Rodriguez,Support,12.9,3.4,8,0,Remote,58,77845.0,1,Low
EMP1909,Carol Horton,IT,10.5,8.9,7,9,Hybrid,64,109520.0,18,Low
EMP2289,Kevin Gilmore,HR,11.7,7.0,2,7,Remote,93,180694.0,27,Low
EMP5837,Christopher Wolfe,Sales,10.8,4.2,3,4,Remote,97,200944.0,6,Low
EMP5002,William Cook,IT,5.2,4.1,8,9,Onsite,91,168720.0,7,Medium
EMP2842,Mr. Gregory Cooper,Sales,6.1,4.9,4,2,Hybrid,65,191539.0,26,High
EMP5245,Kim Williams,Sales,4.7,7.8,4,6,Remote,86,226082.0,13,Low
EMP3763,Melissa Randall,Finance,4.2,7.2,8,11,Remote,77,244903.0,22,High
EMP1958,Shawn Diaz,Support,9.4,8.1,3,1,Hybrid,62,49530.0,6,Low
EMP2793,David Avila,Finance,6.0,5.0,5,10,Onsite,85,207195.0,12,Medium
EMP1331,Stephen Barnett,Marketing,9.5,6.8,4,4,Hybrid,82,65407.0,22,Low
EMP3531,Juan Joseph,Finance,7.9,3.9,8,8,Hybrid,44,31445.0,29,High
EMP1841,Brian Little,Sales,9.5,8.0,8,11,Hybrid,74,202814.0,26,Medium
EMP3268,Lonnie Castro,Operations,9.7,6.0,10,7,Onsite,62,204200.0,6,High
EMP2774,Emily Mullins,Finance,4.3,3.2,9,12,Hybrid,100,56531.0,25,Low
EMP3778,Dr. Anthony Munoz MD,Finance,5.8,7.8,2,7,Hybrid,93,26648.0,14,Low
EMP3826,Carolyn Mora,Marketing,8.3,5.5,7,5,Remote,99,208183.0,25,Low
EMP5023,Lucas Grant,IT,4.4,8.0,4,0,Onsite,68,195958.0,21,Medium
EMP3614,Evan Brandt,Operations,10.0,6.2,8,2,Remote,90,202638.0,15,Medium
EMP5417,Jessica Chan,Support,6.9,5.0,3,12,Onsite,43,210784.0,30,Medium
EMP3845,Sara Jones,Operations,4.5,7.5,7,2,Onsite,88,118003.0,21,Low
EMP4634,Pamela Richardson,Sales,11.0,7.2,8,8,Onsite,78,110948.0,10,Low
EMP4849,,,13.8,4.5,8,3,remote,57,114230.0,7,Low
EMP2366,Christina Boyer,Sales,14.0,4.7,7,0,Remote,97,164845.0,29,Medium
EMP1173,Nicholas Padilla,IT,,8.1,4,6,Hybrid,77,129975.0,16,Medium
EMP4070,Jose Gonzalez,Sales,9.8,6.8,7,4,Onsite,93,27100.0,19,Low
EMP4592,Mariah Conner,IT,9.9,4.0,6,12,Remote,68,57603.0,9,Medium
EMP3197,Patrick Romero,Sales,5.9,7.1,6,6,Hybrid,41,113728.0,7,High
EMP2952,Michael Smith,Support,4.0,4.1,5,7,Hybrid,69,169348.0,18,High
EMP3549,Amanda Pacheco,Sales,6.0,8.8,7,0,Hybrid,64,72982.0,26,Low
EMP3036,Samantha Pruitt,Marketing,12.0,4.0,5,10,Remote,56,133940.0,5,High
EMP3951,Heather Lozano,Support,5.0,8.0,3,3,Remote,83,54182.0,6,Medium
EMP4558,Robin Rice,Support,11.1,7.4,5,1,Onsite,84,186671.0,16,Low
EMP4203,Candice Lewis,HR,11.7,4.3,10,9,Onsite,74,35385.0,2,Medium
EMP1000,Christina Daugherty,IT,11.0,3.2,5,3,Onsite,54,61579.0,23,High
EMP2356,Michelle Doyle,Sales,5.8,4.2,8,6,Onsite,96,141957.0,13,Medium
EMP4661,Beth Baker,Support,14.8,8.8,1,11,Remote,77,31106.0,8,High
EMP5910,Holly Sanders,Finance,8.0,7.8,2,11,Remote,98,196024.0,30,Medium
EMP3387,Christopher Jenkins,Support,14.5,4.6,7,0,Onsite,92,164391.0,6,Medium
EMP1396,Charles Hernandez,HR,13.9,7.6,4,2,Onsite,40,132488.0,0,Medium
EMP4732,Mariah Clark,HR,4.1,4.6,1,9,Hybrid,69,249728.0,9,High
EMP5622,Tyler Williams,Support,7.4,5.8,1,5,Onsite,40,238672.0,15,Low
EMP2812,Michael Marshall,Marketing,13.9,6.3,7,5,Remote,81,105451.0,6,Medium
EMP3746,Michael Medina,Operations,4.8,7.2,7,1,Hybrid,42,52483.0,19,Medium
EMP5262,Heather Berger,Operations,8.6,5.1,6,12,Remote,45,203503.0,21,Low
EMP1816,Ronald Ray,,8.6,,4,1,Onsite,73,50082.0,19,High
EMP2572,Gabrielle Hester,Support,11.8,4.1,3,9,Remote,60,133523.0,7,Medium
EMP4197,Lucas Hebert,Operations,9.4,5.7,1,11,Remote,48,180055.0,25,High
EMP2800,Michelle Franklin,Sales,11.2,5.6,8,1,Hybrid,93,89428.0,19,High
EMP5109,Oscar Serrano,Support,7.3,8.2,6,6,Remote,52,41417.0,25,Low
EMP4778,Larry Young,Finance,12.6,4.8,5,8,Onsite,94,36321.0,18,Medium
EMP3487,Daniel Lee,Finance,10.9,8.0,4,2,Remote,82,65760.0,1,Medium
EMP5483,Cynthia Jones,,8.8,5.9,3,11,Remote,92,,9,Medium
EMP5271,Amanda Hogan,Support,4.3,3.9,2,0,Hybrid,82,63396.0,23,Low
EMP3620,Melissa Ford,Operations,9.0,3.3,8,4,remote,84,34451.0,25,High
EMP3509,Russell Livingston,Finance,11.2,6.4,7,4,Remote,54,77694.0,17,Low
EMP4257,Christine Black,Finance,10.6,5.8,10,12,Remote,77,190310.0,28,Low
EMP4414,Amber Page,IT,14.9,6.0,3,4,Onsite,40,35327.0,25,High
EMP1554,Melissa Woodward,HR,7.9,7.0,4,1,Hybrid,58,187402.0,2,Medium
EMP2159,Mr. Douglas Wagner II,IT,5.9,4.1,3,3,Hybrid,71,72706.0,16,High
EMP2213,Jesse Smith,Finance,8.5,5.0,2,5,Remote,98,112429.0,24,Low
EMP3369,Joseph Foley,Sales,9.9,6.1,7,0,Remote,40,224358.0,28,Low
EMP4883,Michele Wood,Finance,8.1,6.3,3,0,Onsite,94,52130.0,4,Low
EMP3488,Amanda Castro,Sales,7.1,8.9,4,11,Onsite,48,221426.0,27,Low
EMP4151,Elizabeth Vargas,Finance,12.7,6.1,7,11,Remote,72,236283.0,30,High
EMP1700,Jesse Mcclain,Finance,9.2,4.0,4,0,Hybrid,66,225419.0,0,Low
EMP4406,Kristen Adams,HR,4.4,7.2,1,1,Hybrid,65,210817.0,26,Low
EMP4309,Deanna Miller,Finance,13.2,6.6,7,9,Hybrid,80,37802.0,22,Low
EMP4570,Brenda Oliver,,8.2,6.4,2,1,REMOTE,good,240671.0,17,High
EMP2455,Ronald Bates,Marketing,4.5,5.1,4,4,Onsite,48,183891.0,12,Low
EMP5350,Rhonda Coleman,HR,7.6,3.4,8,8,Onsite,83,171040.0,24,Low
EMP3099,,Support,7.5,6.6,1,3,Onsite,65,fifty thousand,12,Medium
EMP3664,Douglas Nelson,IT,12.0,8.0,3,0,Onsite,80,166092.0,16,Medium
EMP1866,Larry Simon,IT,12.7,3.9,5,10,Onsite,93,191870.0,15,High
EMP2644,Christopher Davidson,HR,9.6,8.2,9,6,Hybrid,70,187125.0,28,High
EMP4456,,Finance,13.0,5.1,9,3,Onsite,82,220962.0,27,Low
EMP3615,Jennifer Galloway,Support,9.6,8.6,3,2,Onsite,60,181971.0,1,High
EMP2490,Samantha White,HR,5.1,8.2,7,0,Onsite,84,68761.0,2,High
EMP4119,Nathan Kemp,Finance,12.9,3.4,2,5,Remote,79,100580.0,17,Medium
EMP1729,David Marquez,HR,6.1,8.0,8,7,Hybrid,91,34321.0,20,Low
EMP3924,Gregory Mayo,IT,13.8,5.6,8,12,Onsite,89,84917.0,0,High
EMP3659,,Support,5.9,5.7,4,6,Remote,75,104876.0,30,Low
EMP2936,Amy Dawson,Finance,10.2,4.5,7,10,Hybrid,63,84072.0,26,Low
EMP2110,Meredith Wolfe,Support,6.2,8.9,8,1,Remote,92,129657.0,19,High
EMP2501,,IT,,4.2,9,12,Onsite,50,32169.0,19,High
EMP5637,Cody Walker,Sales,4.8,4.8,4,3,Hybrid,46,,17,Low
EMP2185,Jennifer Banks,Finance,15.0,7.2,8,10,Onsite,93,81545.0,15,Medium
EMP3007,Ellen Morris,Marketing,6.7,7.8,6,2,Remote,78,110758.0,18,Low
EMP1193,Elizabeth Dorsey,HR,6.6,5.7,5,12,Onsite,87,230468.0,14,Low
EMP2515,William Berry,HR,5.9,8.7,2,5,Hybrid,84,129356.0,22,Medium
EMP1578,Kristen Steele,IT,8.6,3.9,2,2,Onsite,70,186152.0,19,High
EMP3123,,Sales,4.7,7.2,10,10,Onsite,58,215313.0,5,High
EMP2429,Ronald Obrien,Finance,10.2,5.8,3,4,Hybrid,90,224913.0,21,Low
EMP5066,,Sales,10.6,8.9,9,10,Hybrid,56,170795.0,0,Low
EMP4107,Heather Braun,Finance,4.0,6.4,1,3,Onsite,64,234078.0,1,Medium
EMP2846,Brian Mills,Finance,4.1,7.5,2,5,Onsite,77,227214.0,29,High
EMP1131,Jack Jones,Support,14.0,7.5,5,12,Hybrid,91,85324.0,19,Low
EMP1178,Michael Young,Sales,5.7,3.4,8,10,Remote,59,233753.0,8,Medium
EMP5632,Kaylee Curtis,Support,6.6,3.8,8,8,Remote,90,237294.0,14,High
EMP5154,Christopher Morales,Operations,5.0,7.8,2,8,Onsite,97,35167.0,11,Low
EMP5200,Timothy Ingram,Marketing,11.6,6.9,8,11,Onsite,95,235481.0,6,Low
EMP5402,Marcus Price,,8.2,3.9,7,7,Hybrid,82,136226.0,28,High
EMP3827,Cristian Patton,Sales,7.0,3.5,10,7,Hybrid,96,132156.0,27,High
EMP3073,Judith Ferguson,Finance,10.5,5.1,4,7,Hybrid,52,205468.0,27,Medium
EMP1658,Greg Romero,Sales,12.2,8.3,6,12,Hybrid,85,40283.0,26,High
EMP2896,Sonia Hartman,IT,12.0,3.9,2,6,Hybrid,83,123939.0,0,Medium
EMP5155,Patrick Miller,Finance,7.9,6.4,10,9,Hybrid,43,210441.0,0,High
EMP5229,William Howard,Finance,14.0,8.1,9,3,Hybrid,93,174708.0,20,Low
EMP1342,Lisa Liu,HR,6.0,6.8,7,6,Hybrid,41,218301.0,19,High
EMP5436,Charlotte Tucker,Operations,13.9,9.0,10,3,Remote,41,77403.0,5,Medium
EMP1727,Julie Wright,Finance,4.1,4.2,5,4,Onsite,90,42782.0,9,High
EMP5083,Kimberly Oneill,Sales,7.3,7.3,9,8,Onsite,45,97098.0,8,Low
EMP1976,Cory Santiago,Sales,7.8,8.5,3,3,Hybrid,51,45505.0,23,High
EMP4586,Stephanie Stewart,IT,7.7,5.9,6,6,Onsite,67,215813.0,10,Medium
EMP4208,Michele Kent,IT,5.2,5.3,high,12,Onsite,48,124512.0,6,High
EMP2928,Michael Lewis,Operations,8.8,7.2,2,1,Hybrid,45,93885.0,28,Medium
EMP3812,Jennifer Moore,HR,11.6,8.4,8,3,Hybrid,90,118981.0,20,Medium
EMP4494,Angie Morton,Sales,5.2,5.6,10,1,Hybrid,87,39044.0,23,Low
EMP2299,Jessica Washington,Finance,5.8,3.6,4,9,Remote,40,223317.0,29,High
EMP5686,Adam Smith,Support,10.2,7.0,6,12,Hybrid,67,56436.0,3,Low
EMP5766,Brett Russell,Operations,6.8,6.4,2,10,Remote,50,60744.0,6,High
EMP1660,Timothy Robles,Sales,12.0,6.2,4,3,Onsite,73,197196.0,7,Low
EMP2790,Guy Hill,Support,7.4,8.6,5,6,Hybrid,84,27681.0,13,Medium
EMP3575,David Baker,HR,10.2,5.1,10,11,Remote,64,83389.0,10,High
EMP3998,Mr. Clarence Rivera,Support,9.8,6.6,7,8,Hybrid,51,195729.0,27,Medium
EMP4206,Roger Scott,Finance,,3.2,3,3,Remote,55,228650.0,27,Medium
EMP3354,Megan Gordon,HR,11.9,7.1,1,10,Onsite,89,150241.0,11,Medium
EMP4291,James Green,Marketing,12.7,6.1,2,0,Hybrid,40,192292.0,26,High
EMP5890,Sydney Henry,Marketing,8.3,6.2,8,9,Remote,67,158749.0,17,High
EMP4880,Mary Campbell,Finance,14.3,3.1,1,2,Hybrid,62,163741.0,26,Medium
EMP4442,Emily Wilson,Sales,14.5,3.8,6,6,Onsite,62,235090.0,2,Medium
EMP2278,Barbara Woodward,Sales,14.2,8.5,1,9,Hybrid,49,71679.0,13,High
EMP4311,Mrs. Debra Mason,IT,8.6,4.4,8,12,Remote,57,122322.0,14,Medium
EMP2621,Breanna Juarez,HR,7.2,8.2,7,8,Hybrid,66,117281.0,24,High
EMP4250,Hannah Schneider,IT,4.8,3.6,4,10,Hybrid,100,156096.0,2,High
EMP4047,Megan Russell,Marketing,ten,5.4,6,3,Remote,78,199694.0,3,High
EMP1067,Julie Warren,,6.4,5.5,6,8,Hybrid,69,133992.0,1,Medium
EMP1589,,Marketing,5.8,8.8,1,12,Onsite,45,240811.0,4,Medium
EMP3594,Cole Johnson,HR,6.5,6.3,6,0,Remote,96,78661.0,9,Medium
EMP5091,Haley Navarro,HR,13.7,3.2,3,2,Hybrid,82,134731.0,8,High
EMP1820,Michelle Wells,Marketing,5.1,3.3,9,2,Onsite,50,230912.0,0,Low
EMP2226,Paul Benjamin,Marketing,14.9,7.0,9,10,Remote,78,36103.0,19,High
EMP4576,Katherine Wright,Finance,14.4,8.7,9,5,Remote,61,30458.0,14,Medium
EMP5343,Daniel Ramirez,IT,12.4,3.9,5,0,Hybrid,88,63951.0,3,High
EMP3304,David Howell,Support,4.3,3.7,1,5,Remote,52,200911.0,25,High
EMP3955,Anthony Cox,IT,13.4,4.3,5,9,Hybrid,58,72201.0,19,Medium
EMP5623,Linda Kirby,Finance,9.5,5.2,9,8,Onsite,98,227985.0,28,Medium
EMP5427,Jessica Schmidt,Sales,14.6,3.6,4,3,Hybrid,71,132800.0,29,Low
EMP4814,Daniel Clark,Sales,14.5,3.9,4,11,Onsite,75,81666.0,12,High
EMP2143,Justin Huber,Support,10.7,4.8,10,7,Hybrid,80,fifty thousand,8,Low
EMP1397,Tammy Alexander,Marketing,11.0,7.2,1,5,Onsite,40,223948.0,21,High
EMP4130,Christopher Chavez,Marketing,8.6,5.1,6,11,Hybrid,68,204407.0,16,Medium
EMP5459,Jose Miller,Finance,10.9,8.6,5,5,Onsite,76,72164.0,11,Low
EMP3972,Kaitlyn Dunn,Marketing,11.1,8.0,7,0,Hybrid,58,86915.0,11,Low
EMP2398,Bryan Allen,HR,9.5,4.5,7,5,Hybrid,53,220130.0,2,High
EMP2659,Joseph Campbell,Support,7.8,7.1,9,4,Remote,80,140354.0,3,Medium
EMP1979,Heather Proctor,HR,11.6,8.8,7,12,remote,59,47973.0,4,Low
EMP2298,Matthew Garcia,IT,7.0,3.6,6,9,Remote,89,246933.0,10,Medium
EMP3436,Elizabeth Keller,Sales,6.8,8.7,2,6,Onsite,93,217073.0,2,High
EMP1082,Molly Castillo,Support,7.0,7.8,9,12,Onsite,70,146863.0,13,High
EMP4101,Vanessa Robinson,IT,13.8,3.1,8,5,Hybrid,92,109169.0,27,Medium
EMP3646,Sheila Coffey,Marketing,6.4,7.0,2,9,Remote,49,212396.0,29,Low
EMP5035,Anne Daniels,Support,7.6,5.6,high,1,Remote,97,65323.0,5,High
EMP5081,Julie Rodriguez,Sales,8.2,3.7,7,12,Hybrid,98,26257.0,26,Medium
EMP3462,Timothy Freeman,Operations,4.8,3.4,8,9,Remote,100,176416.0,0,Medium
EMP1423,Michael Brown,Support,4.2,6.5,3,12,Hybrid,47,246899.0,16,Low
EMP5498,Lisa Keller,Finance,14.1,6.8,8,10,Onsite,67,93455.0,20,Medium
EMP2904,Debra Sanders,Operations,7.7,5.2,8,7,Remote,88,166351.0,27,Low
EMP5704,Craig Scott,Finance,9.2,4.2,7,12,Remote,43,82044.0,4,High
EMP4615,Darin Savage,IT,13.5,3.2,8,0,Remote,94,174584.0,23,Low
EMP4346,Mitchell Brown,HR,8.8,6.6,9,6,REMOTE,64,185590.0,6,High
EMP2565,Jonathan Guerra,Marketing,5.9,8.9,6,8,Onsite,40,199193.0,12,High
EMP5095,Jim Brown,IT,,3.0,3,9,Hybrid,55,144450.0,30,High
EMP1839,Riley Riley,Support,5.2,5.9,10,11,Remote,53,222439.0,23,Medium
EMP1500,Todd Delacruz,Marketing,8.6,6.5,10,10,Hybrid,68,72516.0,19,High
EMP1141,Jesse Miller,HR,9.0,7.0,9,6,Hybrid,77,,23,High
EMP2377,Wendy Butler,HR,11.6,3.5,8,0,Hybrid,53,28441.0,21,Medium
EMP4988,Taylor Sloan,Marketing,7.6,6.9,8,6,Onsite,59,62408.0,18,Low
EMP3498,Angel Fisher,Sales,10.0,4.7,10,6,Remote,65,67520.0,4,Low
EMP2138,Sara Sanders,Operations,12.7,5.5,5,12,Hybrid,41,85033.0,27,Medium
EMP5620,Erica Schmidt,HR,12.5,4.4,9,9,Remote,78,121263.0,18,Low
EMP2787,Nicole Miles,Finance,10.3,6.7,1,6,Remote,53,205719.0,3,Low
EMP5077,Mr. Bryan Jones,Sales,13.1,4.0,3,6,Onsite,82,202786.0,21,Medium
EMP1550,John Moody,Operations,10.3,5.4,9,1,Onsite,59,80064.0,23,Medium
EMP3123,,Sales,4.7,7.2,10,10,Onsite,58,215313.0,5,High
EMP3019,Stephen Li,Operations,14.2,7.0,9,11,Remote,77,104310.0,29,Medium
EMP1948,Russell Ferguson,HR,9.0,3.1,3,5,Onsite,84,129216.0,21,Medium
EMP5475,Lisa Stevenson,Operations,11.5,3.2,10,8,Onsite,72,168214.0,11,Low
EMP1532,Jeffrey Garcia,,,4.6,3,9,Hybrid,94,91850.0,0,High
EMP3921,Luke Coffey,Operations,14.8,3.6,3,2,Remote,65,142004.0,2,Low
EMP2829,Mary Michael,Operations,6.6,4.8,8,6,Onsite,61,35605.0,8,Medium
EMP5653,Shelley Watson,Finance,7.1,5.9,1,4,Hybrid,63,55647.0,18,Medium
EMP5582,Samuel Powell,Marketing,5.0,8.9,7,4,Remote,93,205123.0,5,Medium
EMP5593,Mike Taylor,IT,11.7,8.3,9,1,Onsite,68,194553.0,19,Medium
EMP2602,Victoria Johnson,IT,11.6,4.5,6,10,Onsite,58,226020.0,26,Medium
EMP3238,Jonathan Johnson,Finance,7.1,6.8,10,6,Onsite,63,233824.0,27,High
EMP1639,Ashley Fowler,Support,4.6,7.7,2,8,Hybrid,70,72606.0,6,Medium
EMP2600,,Sales,5.7,5.0,10,4,Onsite,52,159976.0,26,Medium
EMP1967,Thomas Hernandez,Sales,13.9,6.6,6,10,Remote,46,243117.0,11,Medium
EMP5393,Kyle Lewis,IT,8.3,4.1,1,9,Remote,83,128390.0,3,Low
EMP3856,Timothy Murphy,Operations,14.7,3.7,10,0,Hybrid,90,125781.0,19,High
EMP2683,John Horton,Operations,9.0,8.3,3,10,Onsite,61,44143.0,5,Medium
EMP5082,Michael Ryan,Support,9.5,3.5,8,4,Hybrid,78,197307.0,1,High
EMP1168,,HR,14.8,3.3,4,4,Hybrid,100,80373.0,24,Medium
EMP3518,Johnny Johnson,Finance,5.0,5.1,high,9,Onsite,49,109697.0,25,Medium
EMP1155,Cory Singh,IT,9.0,4.4,6,7,Hybrid,65,134049.0,23,Medium
EMP4164,Karen Kirby,Sales,4.7,6.0,1,8,Onsite,77,104298.0,11,High
EMP4125,Brian Rogers,Operations,4.5,7.2,4,11,Hybrid,86,91956.0,18,Medium
EMP2089,Zachary Bailey,HR,4.4,4.3,4,7,Hybrid,good,86442.0,12,Medium
EMP3857,Mary Clayton,Support,7.9,5.7,7,10,Hybrid,70,30222.0,12,High
EMP5396,Lori Velazquez,Marketing,8.0,7.1,10,3,Hybrid,50,226384.0,28,Low
EMP1288,Crystal Smith,Operations,7.3,3.4,10,11,Hybrid,98,70910.0,20,High
EMP1930,Brian Middleton,IT,11.1,8.4,1,11,Onsite,82,234437.0,30,High
EMP3727,Paula Romero,Support,4.9,7.4,1,3,Hybrid,73,fifty thousand,10,High
EMP4698,Vincent Young,Operations,13.7,8.7,6,11,remote,96,247767.0,25,Low
EMP4638,Aaron Miller,Finance,14.9,8.8,2,4,Remote,95,125972.0,6,High
EMP3722,James Brooks,IT,11.0,6.4,9,2,Onsite,100,160872.0,23,Low
EMP4550,Emily Long,Support,10.3,4.6,5,1,Onsite,92,79502.0,23,Medium
EMP1942,Isabel Hall,HR,10.9,8.4,8,3,Remote,56,208831.0,27,Medium
EMP5126,Jesse Mccarthy,,6.4,6.8,3,2,Hybrid,75,115280.0,26,Low
EMP5833,Michael Horn,Finance,5.8,8.8,3,5,Hybrid,45,216981.0,8,Medium
EMP2698,Bradley Gonzalez,Sales,12.4,3.4,4,11,Hybrid,82,101830.0,11,Low
EMP5881,Jacob Johnson,Sales,7.2,8.6,8,0,Hybrid,54,229909.0,15,Medium
EMP4184,Monique Rocha,Finance,14.1,8.9,7,11,Remote,94,137007.0,30,Low
EMP4014,Gerald Carr,Sales,14.6,4.4,1,6,Onsite,65,236497.0,14,High
EMP4027,Jenny Edwards,Support,9.2,3.2,10,8,Onsite,67,193932.0,10,Medium
EMP4386,Jeremy Coleman,Marketing,11.2,7.6,9,2,Onsite,58,66739.0,12,Low
EMP1985,Julian Melton,Operations,10.1,4.7,8,6,Onsite,71,159573.0,18,High
EMP3985,Eric Mccoy,IT,8.6,4.9,4,12,Hybrid,91,86179.0,14,High
EMP3351,,Sales,8.6,7.0,10,12,Hybrid,98,fifty thousand,22,High
EMP5486,James Escobar,Sales,13.1,4.8,10,9,Hybrid,50,106553.0,12,High
EMP5953,Emily White,IT,10.8,3.9,4,10,Hybrid,73,113976.0,8,Low
EMP1981,Connie Mccarthy,Marketing,8.8,6.8,9,3,Remote,45,103883.0,24,Medium
EMP5112,Doris Carter,Finance,13.5,5.0,7,6,Onsite,54,117704.0,13,Medium
EMP3351,,Sales,8.6,7.0,10,12,Hybrid,98,90267.0,22,High
EMP4410,Christopher Ramos,Operations,10.3,5.8,2,4,Onsite,64,88561.0,28,Medium
EMP4167,Ronald Boyd,Operations,10.5,7.1,3,1,Onsite,99,190569.0,25,Low
EMP4802,Courtney Stewart,HR,,7.3,6,8,Onsite,65,133712.0,29,High
EMP3552,Sheila Watson,Sales,5.1,4.4,8,10,Hybrid,60,85061.0,27,Low
EMP5231,Michael Mcconnell,IT,11.5,,1,12,Hybrid,87,180642.0,26,Low
EMP2457,Manuel Andrews,Operations,8.9,4.8,6,12,Remote,75,101725.0,27,High
EMP2395,Richard Boyle,Marketing,12.1,,5,10,Remote,71,91463.0,11,Medium
EMP1264,Michael Thompson,IT,14.6,8.6,1,0,Hybrid,59,173887.0,19,Medium
EMP3577,Kimberly Scott,Finance,9.1,7.0,7,4,Onsite,55,45542.0,27,Medium
EMP1929,Dennis Munoz,Support,11.5,8.8,3,5,Hybrid,70,212608.0,11,Low
EMP5673,Tyler Scott,Support,8.7,6.2,10,7,Onsite,82,92205.0,19,Low
EMP4139,Ronald Flores,Sales,7.7,3.3,10,11,Hybrid,74,83546.0,0,High
EMP3178,Alfred Adams,Finance,14.4,5.3,1,9,Onsite,81,98202.0,2,High
EMP5349,April Gould,Operations,13.1,3.9,5,4,Hybrid,87,73674.0,4,Low
EMP1246,Kristi Mann,Support,5.5,8.6,6,2,Hybrid,65,186611.0,23,High
EMP4873,Jasmine Willis,Support,8.6,3.1,9,3,Remote,86,214904.0,22,High
EMP2758,Ashley Norton,Sales,13.0,4.3,5,9,Hybrid,93,38946.0,14,Medium
EMP1029,,Marketing,5.8,5.9,4,6,Remote,97,40370.0,5,Medium
EMP4026,Lisa Duncan,HR,7.3,3.1,9,12,Onsite,76,154946.0,10,High
EMP1923,Tracy Salinas,IT,9.3,3.1,2,5,Hybrid,78,103113.0,27,Medium
EMP3521,Justin Martinez,HR,15.0,8.7,9,9,Hybrid,52,89962.0,25,Low
EMP1268,David Rice,HR,13.1,6.1,2,6,Hybrid,82,50004.0,5,Medium
EMP1669,Shannon Bennett,Support,5.0,5.4,4,11,Hybrid,44,214682.0,10,Low
EMP5500,Jason Wu,IT,14.6,5.1,5,12,Hybrid,56,71549.0,1,Low
EMP2910,Susan Steele,Operations,6.5,6.9,3,11,Remote,97,222478.0,6,High
EMP4217,Brandon Clarke,Marketing,7.2,6.5,5,3,Hybrid,68,154904.0,20,Low
EMP2152,Robin Smith,Finance,4.4,7.9,1,11,Onsite,82,194170.0,4,Medium
EMP5993,Dr. Cassandra Rodriguez,Finance,4.6,8.4,7,8,Hybrid,99,158192.0,2,High
EMP5025,Louis Davis,Operations,9.6,4.3,10,2,Onsite,49,75003.0,6,High
EMP5397,Tiffany Castillo,Marketing,5.3,7.1,5,10,Onsite,79,50133.0,26,Medium
EMP2781,Christopher Garcia,Finance,8.7,5.6,2,7,Onsite,41,153775.0,3,Medium
EMP3307,James Noble,Finance,4.4,8.9,7,6,Onsite,67,51258.0,9,High
EMP5207,Angela Daniels,Finance,14.5,4.5,high,11,Hybrid,64,137131.0,18,Low
EMP4214,Joseph Alexander,Operations,14.5,,6,4,Remote,64,216683.0,23,Medium
EMP2915,Dominique Mccann,IT,,8.5,10,9,Hybrid,42,203026.0,15,Medium
EMP1612,Christy Gray,Support,11.5,7.9,5,12,Hybrid,55,170579.0,13,Low
EMP3721,Jacqueline Hughes,Support,12.0,6.5,8,2,Hybrid,75,122238.0,26,Medium
EMP3267,Kevin Torres,Sales,10.0,4.0,1,4,Onsite,88,170282.0,15,Medium
EMP4805,James Benson,Marketing,12.8,4.0,2,7,Hybrid,98,199727.0,18,Medium
EMP2898,Russell Miller,Support,7.1,5.9,5,0,Remote,82,96293.0,30,Low
EMP2649,James Dunn,Finance,12.2,5.2,1,6,Onsite,80,50910.0,30,Low
EMP4043,Tanya Huang,Finance,4.8,5.8,1,11,Remote,75,248695.0,24,Medium
EMP1258,Dale Campos,Finance,14.2,6.9,8,3,Onsite,52,242042.0,17,High
EMP1847,Beth Adams,Support,11.7,8.1,8,7,Hybrid,59,173701.0,4,Low
EMP5408,Brooke Arias,Marketing,13.7,6.9,5,5,Hybrid,96,32074.0,7,Medium
EMP2233,Jill Sheppard,HR,9.8,8.4,7,1,Onsite,98,,0,Medium
EMP2127,Victoria Garcia,Sales,12.0,3.3,9,1,Onsite,92,110758.0,10,Low
EMP3654,Kristen Harris,Operations,7.6,4.1,4,8,Remote,97,86588.0,17,Medium
EMP2967,David Ramirez,Marketing,14.3,4.5,2,7,Onsite,85,234741.0,0,Medium
EMP1558,Mariah Whitehead,Support,10.1,4.1,10,1,Remote,93,98561.0,27,High
EMP1904,Sarah Melendez,Finance,6.9,6.5,7,9,Hybrid,83,117474.0,24,Low
EMP1484,Mrs. Krystal Lloyd MD,Support,8.8,7.1,3,5,Remote,97,153497.0,11,Low
EMP3211,Brianna Newton,Operations,14.3,5.7,7,12,Onsite,44,185962.0,2,High
EMP2320,Jason Chavez,Marketing,8.7,4.5,3,1,Remote,49,43155.0,8,Medium
EMP3819,Kaitlyn Mcgee,Sales,4.8,3.5,1,10,Onsite,97,94334.0,30,Medium
EMP1007,Joseph Meyers,Operations,13.2,4.0,6,3,REMOTE,82,94986.0,22,Low
EMP3315,Justin Henry,Finance,9.3,6.4,4,3,Hybrid,93,70664.0,24,Low
EMP4537,Christopher Browning,Support,14.8,5.2,6,7,Hybrid,92,71663.0,23,Low
EMP5629,Timothy Ramirez,Finance,11.6,3.7,2,0,Hybrid,78,132668.0,15,Low
EMP2450,Joshua Davis,Operations,4.3,7.7,4,8,Onsite,78,124454.0,21,Low
EMP2201,Jennifer Schultz,Operations,12.6,6.2,2,8,Onsite,93,178281.0,17,Low
EMP2814,Jason Maxwell,Marketing,7.7,8.3,7,8,Remote,67,72268.0,30,High
EMP1773,Christine Mccormick,Sales,5.8,7.2,10,11,Hybrid,59,215571.0,25,Low
EMP3274,Devin Gregory,IT,9.6,3.3,4,0,Remote,76,133942.0,15,High
EMP2011,Joy Bell,Finance,4.3,7.8,10,4,Onsite,55,243163.0,24,Medium
EMP4034,Ashley Martinez,Finance,11.1,7.6,1,4,Hybrid,55,233510.0,30,Medium
EMP3633,,,8.1,7.4,3,2,Hybrid,77,99930.0,3,Medium
EMP2991,Chad Stone,Finance,4.7,6.1,9,5,Onsite,41,142534.0,12,Medium
EMP2277,John Turner,Finance,5.9,3.7,2,4,Remote,62,44998.0,19,Medium
EMP2783,Susan Rios,HR,14.4,4.8,10,11,Onsite,97,174756.0,17,Medium
EMP4350,Kylie Francis,Marketing,8.9,7.8,4,5,Remote,44,236152.0,4,Medium
EMP1446,Kayla Pope,Support,5.6,8.7,8,2,Remote,100,68821.0,6,Low
EMP1880,Justin Shepherd,Operations,12.5,,1,3,Onsite,46,33596.0,25,High
EMP5625,Eric Rodriguez,Finance,11.7,5.5,2,3,Onsite,74,28010.0,25,Medium
EMP1781,Brandon Irwin,Marketing,12.2,7.5,9,3,Hybrid,64,204178.0,22,Medium
EMP2749,Debra Lopez,Support,11.9,6.2,7,2,Onsite,98,125988.0,3,Medium
EMP4658,Monica Robinson,Operations,15.0,8.3,1,11,Onsite,99,63645.0,29,Medium
EMP5460,Daniel Garcia,Support,5.4,6.1,3,4,Remote,87,178824.0,25,Medium
EMP3570,,Finance,11.8,3.0,high,8,Onsite,69,128715.0,9,High
EMP5480,Patrick Johnson,Finance,14.9,3.4,9,9,Hybrid,53,163467.0,9,High
EMP1883,Antonio Wheeler,Support,14.4,8.7,6,5,Onsite,50,249169.0,16,High
EMP4857,Joseph Brown,Finance,12.5,3.5,2,3,Remote,92,217088.0,28,Medium
EMP2091,Kevin Osborne,Finance,8.9,5.1,10,0,Hybrid,69,159286.0,19,Medium
EMP4163,Jessica Fritz,IT,10.9,3.2,8,11,Hybrid,53,146312.0,16,High
EMP1531,Tracie Yates,Marketing,6.0,7.1,3,2,Remote,87,159701.0,3,Medium
EMP3801,,,4.1,7.8,6,4,Onsite,74,245894.0,30,Medium
EMP5209,,Operations,7.8,6.0,1,1,Remote,66,219638.0,28,High
EMP5612,Jessica Jones,Operations,7.7,7.8,1,0,Remote,55,243250.0,6,Medium
EMP5250,Jack Morris,it,6.3,8.6,1,3,Remote,87,141856.0,0,Low
EMP3290,Natalie Smith,Marketing,4.7,7.3,2,6,Remote,67,179877.0,0,Low
EMP2727,Ryan Page,Marketing,11.0,6.1,9,1,Remote,89,189769.0,19,High
EMP1610,Amanda Caldwell,Marketing,10.0,4.4,8,9,Hybrid,61,,5,Low
EMP1570,Morgan Gonzalez,Operations,9.7,4.7,3,2,Remote,50,119954.0,19,High
EMP4660,James Morales,Support,4.1,7.7,5,7,Hybrid,56,143267.0,30,High
EMP4265,Lori Dunn,Sales,12.8,4.6,1,1,Remote,95,138812.0,15,Low
EMP1343,Steven Adams DDS,Support,8.7,3.0,4,3,Remote,57,222217.0,22,High
EMP4235,Kimberly Cohen,Marketing,8.9,7.8,3,4,Remote,77,159217.0,13,Medium
EMP4388,Chad Wiley,HR,13.0,8.6,7,8,Remote,71,183532.0,27,Low
EMP1434,Michelle Mccarthy,Operations,6.9,3.6,6,2,Remote,96,123424.0,5,High
EMP2903,Charles Estes,Sales,12.3,6.0,9,6,Hybrid,63,138170.0,2,Low
EMP1097,Joseph Collins,Operations,7.4,6.7,10,11,Remote,46,224946.0,6,Medium
EMP3818,Kelly Hardin PhD,Operations,5.0,3.5,3,3,Onsite,97,58332.0,18,Medium
EMP3069,Jacob Brooks,Support,7.0,7.0,3,3,Onsite,64,117583.0,6,High
EMP2537,Dr. Tony Price,IT,9.1,5.9,9,11,Hybrid,86,46347.0,29,High
EMP3423,Rebecca Tyler,IT,9.3,8.0,6,6,Onsite,89,157591.0,4,Low
EMP3522,Ashley Bentley,Marketing,7.3,4.9,5,3,Onsite,85,237230.0,1,Medium
EMP2517,Melissa Fields,Marketing,10.2,4.9,6,6,Hybrid,65,237082.0,14,Medium
EMP1965,Luis Martinez,IT,8.2,5.4,3,3,Remote,89,129573.0,2,Low
EMP5569,Jennifer Coleman,HR,9.3,8.1,2,7,Onsite,59,78435.0,2,Medium
EMP1528,Paul Williams DDS,Finance,14.5,8.9,6,8,Remote,43,28398.0,23,High
EMP1176,Latoya Peterson,Marketing,5.7,7.6,2,2,Hybrid,100,227597.0,20,High
EMP5619,Brenda Carter,HR,4.2,8.3,1,4,Hybrid,51,195580.0,28,Medium
EMP4848,Joshua Cobb,Support,10.1,4.3,8,3,Onsite,55,241854.0,25,Low
EMP5501,Louis Blair,IT,5.0,7.1,7,7,Hybrid,56,144514.0,22,Low
EMP1572,Rhonda Lee,HR,11.1,5.5,4,0,Remote,48,175336.0,18,High
EMP4148,Devon Pratt,Marketing,5.1,7.5,8,7,Hybrid,58,164615.0,13,High
EMP4783,Kristin Walker,Sales,5.6,,8,2,Remote,50,126554.0,21,Medium
EMP5310,Caleb Massey,Sales,12.7,7.4,1,10,Hybrid,54,40609.0,12,Low
EMP3647,Renee Suarez,HR,4.8,4.1,5,11,Onsite,44,36920.0,9,Medium
EMP3374,Steven Smith,IT,6.5,5.1,10,11,Hybrid,64,222278.0,17,High
EMP4464,Steven Rodriguez,Operations,7.1,8.5,10,12,Hybrid,52,173673.0,1,Medium
EMP4411,Robert Cox,HR,14.8,5.3,5,10,Remote,93,87931.0,25,Low
EMP3208,Shane Mitchell,Marketing,10.7,6.3,2,10,Onsite,45,99335.0,11,High
EMP3759,Kristina Jennings,IT,8.9,8.0,2,3,Onsite,85,27209.0,19,Low
EMP5718,Lauren Green,Operations,ten,9.0,8,3,Hybrid,86,231448.0,4,High
EMP1383,Amber Graham,Support,8.3,6.8,2,4,Remote,84,139684.0,23,Low
EMP1852,James Wright,Marketing,8.9,8.9,9,4,Remote,47,31533.0,12,Medium
EMP2880,Justin Kelley,IT,12.3,7.0,1,8,Onsite,88,100927.0,15,High
EMP1370,Amanda Gregory,HR,11.5,3.1,6,1,Hybrid,95,135707.0,22,Low
EMP3942,Michael Garcia,Operations,10.3,4.1,1,12,Hybrid,40,183724.0,22,Medium
EMP4312,Lisa Brown,IT,7.5,,2,3,Hybrid,66,199032.0,17,High
EMP5482,Amanda Johnson,,4.1,4.4,9,11,Onsite,45,73652.0,9,Medium
EMP2105,Michael Anderson,HR,5.1,,1,11,Remote,78,153087.0,0,Low
EMP3767,Sean Scott,Finance,6.0,5.2,8,4,Remote,90,62788.0,5,Medium
EMP3361,Jennifer Carr,Support,5.8,7.9,5,5,Hybrid,67,120469.0,15,Medium
EMP5173,Joseph Sanders,Operations,14.6,6.0,2,1,Remote,81,248550.0,21,Medium
EMP2336,Joe Ashley,Finance,11.7,7.4,1,5,Hybrid,90,83703.0,16,High
EMP3189,Taylor Houston,HR,7.5,5.8,9,9,Remote,62,,3,Medium
EMP5760,Kevin Mcguire,IT,9.4,4.9,5,3,Onsite,64,171753.0,14,High
EMP3495,Brenda Walters,Sales,9.9,3.8,2,10,Remote,41,195855.0,5,Medium
EMP4964,Steven Mills,it,6.9,5.3,4,7,Onsite,50,,13,Medium
EMP4154,Jonathan Young,Marketing,14.2,4.3,8,3,Remote,84,25652.0,12,High
EMP1501,,Marketing,4.3,7.1,3,7,Hybrid,98,152958.0,3,Low
EMP2171,Sarah Gonzalez,IT,14.3,8.6,8,10,Onsite,94,208369.0,28,Medium
EMP4862,,IT,6.6,3.8,1,7,Hybrid,67,44177.0,10,Low
EMP3900,Katherine Fuentes,Finance,9.9,8.7,1,11,Hybrid,65,223241.0,29,Low
EMP2422,Teresa Bell,Operations,10.8,5.6,1,2,Remote,49,239577.0,23,Low
EMP3517,Jennifer Swanson,Sales,4.2,7.2,1,9,Hybrid,61,244878.0,29,High
EMP4049,,HR,7.4,8.4,2,8,Onsite,57,29816.0,24,High
EMP5309,Eric Davis,Operations,11.9,4.5,1,6,Remote,65,52844.0,2,Medium
EMP2464,Antonio Morgan,HR,14.3,8.5,6,4,Remote,91,222477.0,18,Medium
EMP1874,Mr. Richard Bowman,HR,5.5,4.7,8,6,Remote,61,67737.0,3,High
EMP3297,Melissa Alvarez,Marketing,4.4,3.2,7,8,Hybrid,54,51313.0,14,Low
EMP3981,Douglas Chan,IT,4.6,6.9,9,6,Onsite,88,208542.0,24,Medium
EMP5952,Robert Krause,Support,13.7,4.3,10,6,Onsite,71,91793.0,21,High
EMP2251,Jacqueline Elliott,Operations,11.2,4.3,7,1,Onsite,96,52883.0,4,High
EMP3525,Joe Wolf,Finance,4.9,7.4,8,1,Remote,98,171009.0,8,Low
EMP1840,Norma Wilcox,Finance,ten,4.6,7,4,Hybrid,43,41611.0,11,Medium
EMP5182,James Martinez,Operations,9.4,3.9,6,8,Hybrid,93,206522.0,4,High
EMP1581,Ricky Brown,Marketing,7.9,7.8,10,1,Remote,67,60096.0,8,Low
EMP1204,Scott Rodriguez,Sales,6.7,3.9,7,0,Hybrid,79,117488.0,7,Low
EMP2641,Carl Martinez,Operations,11.9,4.8,3,9,Hybrid,80,104886.0,15,High
EMP3014,Austin Beard,Operations,9.5,4.3,5,0,Remote,65,248387.0,10,High
EMP1905,Connie Lane,IT,4.3,3.3,6,5,Onsite,91,219525.0,18,Medium
EMP1631,Roger Duncan,Sales,14.4,5.9,1,12,Remote,67,234181.0,9,Low
EMP4337,Mark Black,Support,8.7,3.4,3,10,Hybrid,70,194896.0,28,Low
EMP2974,William Walker,HR,,5.8,7,2,Onsite,55,29504.0,25,High
EMP1162,Christy Harmon DVM,Finance,13.1,4.6,3,4,Hybrid,84,224861.0,9,Low
EMP4422,Joseph Hatfield,HR,11.7,4.7,6,8,Onsite,96,182322.0,24,High
EMP4455,Tracy Griffin,Sales,6.4,5.0,2,4,Onsite,64,196787.0,13,High
EMP5661,Sherry Wagner,IT,4.8,5.1,8,8,Onsite,82,98165.0,5,Medium
EMP3669,Lacey George,Sales,13.1,3.8,8,3,Onsite,59,186675.0,16,Low
EMP1617,Melanie Townsend,it,4.2,3.7,10,3,Onsite,76,175967.0,20,Low
EMP1875,Mark Stephens,Sales,6.4,4.1,9,9,Onsite,84,242950.0,30,High
EMP2431,Victoria Cantu,Sales,12.5,6.2,3,11,Hybrid,60,179364.0,30,High
EMP1547,Amanda Harris,IT,5.0,7.6,8,6,Hybrid,65,240514.0,21,Low
EMP4603,Juan Cabrera,Marketing,13.7,8.0,8,4,Hybrid,57,118671.0,14,Low
EMP5712,Daniel Davidson,Operations,14.1,5.9,2,7,Remote,66,238831.0,8,High
EMP5378,Bradley Santiago,HR,5.1,8.8,3,1,Hybrid,41,126921.0,23,High
EMP3714,Kristen Davidson,HR,13.6,6.0,8,7,Onsite,87,124326.0,29,Medium
EMP3894,Amy Bruce,Marketing,4.1,6.5,3,2,Onsite,41,72233.0,23,High
EMP4489,Jessica Macias,Support,,4.7,5,3,Onsite,97,,16,Low
EMP5232,Michael Nielsen,Operations,12.9,5.9,1,8,Hybrid,80,159248.0,24,High
EMP2861,Eric Cobb,IT,10.5,4.4,4,7,Hybrid,76,148142.0,28,High
EMP1640,Nancy Brown,Operations,13.1,3.7,4,6,Remote,89,141119.0,7,Low
EMP5093,James Gonzalez,Sales,13.0,6.1,8,12,Remote,75,51732.0,22,Low
EMP1637,Frederick Alexander,Finance,8.8,3.0,2,2,Hybrid,40,154388.0,6,Medium
EMP4792,Kristin Taylor,Finance,4.6,3.9,10,9,Hybrid,99,85236.0,8,Low
EMP5771,Whitney Carter,Operations,8.6,6.5,4,9,Onsite,45,50881.0,12,Medium
EMP3308,Nicholas Gregory,Operations,4.3,3.4,2,0,Hybrid,68,179275.0,15,Low
EMP4227,Jeffrey Thompson,Finance,4.3,5.5,1,1,Onsite,60,44762.0,8,High
EMP3096,Gloria Prince,Operations,12.4,4.3,3,6,Remote,46,138932.0,7,Medium
EMP4158,Jay Carpenter,Sales,5.6,6.9,2,7,Remote,79,156750.0,30,Low
EMP4317,Kayla Johnson,HR,4.9,7.3,5,1,Hybrid,86,111768.0,10,High
EMP4963,Brandon Manning,IT,14.2,3.3,6,9,Onsite,46,205380.0,4,High
EMP4058,Courtney Fuller,Support,13.7,4.7,4,1,Remote,45,77348.0,21,Medium
EMP1921,Christopher Herrera,IT,12.8,4.9,8,8,Remote,67,135629.0,20,Low
EMP1546,Anna Massey,Operations,4.5,8.1,6,8,Hybrid,46,100978.0,25,High
EMP4955,Joel Ruiz,Support,11.3,7.3,4,10,Onsite,51,114991.0,4,Low
EMP2900,Stephanie Mcintosh,Finance,12.7,7.3,1,4,Hybrid,63,48177.0,19,Medium
EMP3028,Kurt Burns,Marketing,4.5,5.0,7,9,Hybrid,80,232575.0,2,Medium
EMP3301,Karina Hunter,Finance,,,1,4,Hybrid,63,164118.0,30,Medium
EMP2885,Jason Stuart,Support,11.2,5.7,8,9,Hybrid,81,201120.0,16,Low
EMP2642,Makayla Randolph,Marketing,7.2,7.5,3,2,Hybrid,78,101633.0,27,High
EMP4784,Kristie Estrada,Sales,9.6,4.6,1,12,Onsite,53,177035.0,0,Medium
EMP5985,Madison Kelly,Marketing,10.6,5.1,1,1,Hybrid,97,204530.0,9,Low
EMP3097,Rebecca Brown,Marketing,11.9,7.3,9,9,Remote,97,178516.0,10,High
EMP5517,Mario Clements,Finance,9.6,5.5,3,4,Remote,69,,10,Medium
EMP4842,Todd Schaefer,Marketing,10.2,6.4,1,6,Remote,59,245837.0,14,High
EMP5660,Lacey Hall,Operations,6.5,4.9,7,7,Hybrid,40,61771.0,1,High
EMP3974,Patricia Ware,Marketing,4.3,5.9,8,10,Hybrid,53,30833.0,26,High
EMP1836,Lisa Johnson,IT,10.0,7.8,2,9,Onsite,96,113000.0,23,High
EMP1601,Sandy Wallace,,9.7,3.1,5,3,Onsite,58,49381.0,12,Medium
EMP3184,Sheila Vaughan,Sales,13.1,8.5,1,2,Remote,76,208312.0,29,Medium
EMP5130,Regina Patton,Finance,13.4,3.4,10,6,Hybrid,80,230610.0,27,High
EMP3670,Katrina Ramos,IT,7.8,4.3,5,10,Hybrid,67,189698.0,20,High
EMP5821,Rebecca Hall,,7.5,5.8,1,10,Hybrid,72,141926.0,29,High
EMP2582,Tiffany Hill,IT,6.8,5.2,6,7,Remote,83,130159.0,9,High
EMP5424,Matthew Riley,Operations,7.7,7.5,1,7,remote,45,191856.0,27,High
EMP4400,Ruben Martinez,IT,8.8,7.6,7,12,Onsite,69,131619.0,9,High
EMP4322,Jacqueline Rivera,HR,8.3,3.3,1,2,Onsite,78,139054.0,12,High
EMP2070,Shawn Wright,HR,12.0,5.7,4,2,Hybrid,91,36552.0,1,High
EMP2775,Kim Clarke,HR,7.8,4.1,9,2,Onsite,97,51141.0,15,Low
EMP5984,Erica Allen,Sales,9.9,5.0,8,0,Hybrid,90,,16,Medium
EMP2283,Michael Stevens,HR,11.6,5.5,6,2,Hybrid,91,196430.0,29,Medium
EMP4290,Sean Acevedo,HR,5.2,4.3,7,8,Hybrid,81,135357.0,27,Low
EMP5263,Tracy Perez,Operations,7.6,5.4,7,11,Onsite,81,162365.0,12,Low
EMP5929,Tracey Mcpherson,IT,11.0,3.7,3,0,Hybrid,75,127527.0,28,High
EMP2836,Calvin Thompson,Operations,12.0,7.4,6,9,Hybrid,44,65958.0,18,High
EMP5398,Andrew Johnson,Sales,6.3,7.9,7,0,Hybrid,92,,13,Medium
EMP2019,John Ward,Marketing,9.5,5.5,8,11,Remote,99,153330.0,23,Low
EMP4458,Sharon Price,it,5.8,5.5,8,3,Onsite,67,127665.0,26,Medium
EMP2326,Thomas Stanley,Marketing,5.2,8.8,7,4,Remote,73,214342.0,0,High
EMP1475,Lauren Reyes,Operations,8.1,6.5,8,1,Onsite,70,39071.0,27,High
EMP5302,Donna Payne,Sales,11.4,7.4,10,3,Hybrid,93,176096.0,13,Low
EMP2651,Joseph Cole,HR,6.7,7.8,3,11,Remote,99,195605.0,27,High
EMP5815,Sandra Smith,Operations,9.1,8.5,5,12,Remote,51,47092.0,25,Medium
EMP5443,Steven Schroeder,IT,10.1,8.5,1,0,Onsite,58,58560.0,6,High
EMP3528,Elizabeth Hernandez,Operations,14.3,7.1,9,6,Remote,90,114505.0,28,Low
EMP3809,Sophia Chung,Sales,10.1,4.6,1,12,Remote,48,210162.0,24,High
EMP5880,Daniel Alvarez,Finance,4.3,4.9,6,0,Remote,73,93015.0,16,High
EMP3780,Carolyn Carey,HR,8.0,3.6,7,0,Onsite,49,114737.0,5,Medium
EMP2373,Michael Campos,Support,11.7,,10,7,Remote,47,58105.0,10,High
EMP1739,Laura Sampson,Sales,11.6,6.6,2,5,Onsite,69,37095.0,3,High
EMP4903,Gabriella Smith,Support,10.3,3.0,2,0,Remote,56,144065.0,29,High
EMP4916,James Jennings,Support,4.8,8.0,1,3,Hybrid,50,136837.0,24,Medium
EMP1867,Christina Trujillo,IT,13.8,5.5,8,11,Hybrid,81,89159.0,0,Medium
EMP2140,Dustin Hardy,HR,9.7,4.1,1,1,Remote,95,153881.0,2,High
EMP1997,Jacqueline Kim,Support,14.6,7.5,2,12,Remote,79,184817.0,25,High
EMP2337,Jeffery Sims,Marketing,6.9,8.0,7,10,Remote,55,26089.0,28,Low
EMP1541,Victoria Hughes,Support,9.9,6.8,4,10,Onsite,80,227789.0,6,Medium
EMP2099,Hannah Weiss,Support,13.0,5.0,2,5,Onsite,94,74242.0,13,Medium
EMP2132,Alec Garcia DDS,HR,10.6,8.9,7,10,Hybrid,99,227219.0,22,Low
EMP1486,,IT,4.2,6.0,2,5,Hybrid,85,195535.0,25,High
EMP3922,Crystal Nelson,Finance,9.3,4.4,7,2,Hybrid,100,136031.0,27,Medium
EMP3258,Stanley Long II,Sales,8.7,5.0,10,1,Onsite,80,104481.0,7,Low
EMP5193,Jonathan Hebert,HR,14.1,8.2,7,1,Hybrid,45,160370.0,19,High
EMP1059,Kimberly Galvan,Sales,7.4,7.8,3,0,Remote,42,89184.0,15,Medium
EMP4105,Alvin Garner,IT,14.0,6.0,8,7,Hybrid,53,78412.0,30,High
EMP2938,Emily Hensley,Sales,8.3,6.6,4,11,Onsite,98,58377.0,15,Medium
EMP4084,Donald Jackson,Finance,4.7,4.4,2,6,Hybrid,71,237064.0,3,Low
EMP4601,,Operations,8.2,7.4,4,3,Remote,46,165828.0,2,Low
EMP5411,Gregory Jones,Support,8.5,5.3,9,0,Remote,84,97534.0,25,Medium
EMP2078,Michael Brown,Marketing,,3.4,1,8,Remote,47,62329.0,9,High
EMP4142,Michael Miller,Finance,7.0,4.3,7,9,Hybrid,57,163052.0,0,Low
EMP5535,Hannah Hale,Sales,9.8,5.7,10,7,Remote,63,34649.0,11,Medium
EMP5422,James Jacobson,Finance,9.8,4.3,6,0,Onsite,100,236959.0,29,High
EMP3677,Walter Jackson,Support,,6.5,1,4,Onsite,58,107847.0,0,Low
EMP1940,Janice Richardson,Marketing,6.9,7.1,6,12,Hybrid,58,77078.0,2,Low
EMP2080,Keith Smith,HR,11.9,5.0,9,3,Hybrid,51,76376.0,0,Low
EMP1187,Joann Williams,Support,11.8,3.5,9,6,Remote,81,232529.0,10,High
EMP3834,Fred Schmidt,Support,13.0,7.6,2,10,Remote,85,185552.0,15,High
EMP3085,Mrs. Angel Lee,Operations,15.0,3.4,9,7,Remote,85,60578.0,7,Low
EMP3249,William Woods,IT,10.9,6.7,1,6,remote,87,27127.0,28,Low
EMP4181,,Sales,10.9,5.4,9,9,Onsite,44,219944.0,1,Medium
EMP4682,,Marketing,14.6,3.5,2,11,Onsite,80,101318.0,16,Low
EMP3023,Terri Thomas,Sales,8.6,5.9,6,2,Onsite,42,61789.0,7,Medium
EMP3886,Geoffrey Garza,Operations,10.6,5.7,5,12,Onsite,40,107384.0,6,High
EMP2492,Jonathan Green,Operations,5.3,8.4,6,9,Remote,78,186645.0,3,Low
EMP4891,Candice Ibarra,HR,9.5,4.2,2,8,Remote,78,234308.0,12,Medium
EMP1226,Samuel Johnson,it,8.4,7.3,8,8,Onsite,66,226631.0,13,Low
EMP4563,Donald Lewis,Support,8.7,3.4,6,6,Onsite,57,27114.0,19,Medium
EMP2929,Mark Hamilton,Sales,8.4,8.5,3,1,Remote,41,67466.0,2,High
EMP4296,Kara Larson,IT,7.0,3.2,9,4,Remote,68,183686.0,25,Medium
EMP5655,Heather Guerrero,Sales,6.5,3.7,9,10,Onsite,41,155713.0,30,Medium
EMP2404,Melissa Harris,Finance,7.1,6.6,1,7,Onsite,59,26334.0,13,Low
EMP3179,Brent Ramsey,Support,4.8,7.4,1,7,Onsite,66,227808.0,5,High
EMP1697,Dalton Wilson,Sales,7.0,7.7,2,2,Onsite,51,31867.0,24,Medium
EMP2124,Sarah Carpenter,IT,11.3,7.0,2,6,Onsite,84,,14,Low
EMP4011,Dawn Sanchez,Marketing,12.7,7.7,5,10,Onsite,41,,27,Medium
EMP4143,Alvin Boyle,Sales,,5.1,7,12,Remote,84,154012.0,9,High
EMP2778,Marcus Serrano,Operations,12.7,3.2,1,7,Onsite,91,246145.0,29,High
EMP4077,Christopher Lucas,IT,11.6,8.6,4,8,Onsite,45,57599.0,17,High
EMP2037,Mr. Justin Weiss,Marketing,6.6,6.6,4,7,Remote,72,222234.0,16,Medium
EMP5329,Theresa Anderson,Sales,7.5,8.4,3,12,Hybrid,83,126559.0,4,Medium
EMP3256,Amanda Smith,Support,12.7,7.4,10,10,Remote,77,73797.0,30,Medium
EMP1313,Michael Sullivan,HR,5.6,7.9,7,1,Onsite,59,67585.0,18,Medium
EMP3281,Rebecca Jackson,HR,12.9,7.7,2,2,Remote,88,230783.0,9,Low
EMP3547,Kathleen Hays,HR,14.1,6.1,2,12,Hybrid,78,101555.0,8,High
EMP2416,Vanessa Diaz,Support,5.2,,5,9,Remote,70,206034.0,10,Low
EMP2036,Natasha Johnson,IT,5.6,8.4,5,6,Remote,100,241987.0,28,Low
EMP3159,Lori Garcia,Operations,12.9,5.4,10,11,Hybrid,76,188519.0,30,High
EMP5317,Jennifer Neal,Finance,10.3,5.4,9,0,Remote,58,119191.0,0,Low
EMP2754,William Rogers,Finance,10.9,8.3,7,11,Hybrid,56,210269.0,25,Medium
EMP5326,Michael Miller,Marketing,13.3,,9,4,Onsite,69,131492.0,24,Low
EMP5554,Michelle Baker,Support,4.5,6.0,2,6,Onsite,69,220823.0,8,High
EMP4064,Christopher Aguilar,Sales,4.9,7.5,5,6,Onsite,87,44248.0,26,Medium
EMP3520,Dana Gonzalez,IT,6.6,7.7,10,1,Hybrid,57,72603.0,12,Low
EMP4460,Sandra Ramos,HR,7.2,4.0,7,12,Onsite,91,184929.0,17,High
EMP4607,Steven Young,IT,7.9,4.1,8,12,Remote,56,241485.0,27,Medium
EMP5221,Brian Williams,Marketing,12.0,3.7,7,1,Hybrid,44,103825.0,29,Medium
EMP2506,Karen Jones,IT,12.1,7.0,2,11,Hybrid,84,107525.0,28,Low
EMP2923,Thomas Martinez,Support,4.4,6.6,7,1,Remote,83,65578.0,30,Low
EMP1448,Jennifer Pennington,Sales,7.5,7.4,2,1,Hybrid,64,170847.0,12,Medium
EMP3627,Gwendolyn Greene,HR,10.6,8.5,1,4,Remote,69,30455.0,25,Medium
EMP3718,Betty Zimmerman,,6.5,3.1,4,10,Onsite,85,114228.0,5,Low
EMP3887,Amanda Carrillo,Operations,7.5,,8,8,Hybrid,78,146470.0,15,Medium
EMP3758,Stephanie Nixon,Marketing,11.2,5.2,9,3,Hybrid,86,86351.0,6,Medium
EMP1361,Stephen Burton,IT,9.4,6.5,5,10,Onsite,66,123349.0,14,Low
EMP3183,Charles Long,Marketing,10.6,5.1,9,12,Onsite,45,220523.0,27,High
EMP2134,Emily White MD,HR,8.9,6.1,4,8,Remote,good,209714.0,0,High
EMP5141,Richard Russell,Marketing,4.2,6.8,8,7,Remote,50,159085.0,24,Medium
EMP3155,Austin Willis,Sales,12.6,5.1,4,7,Onsite,95,199878.0,29,High
EMP2830,Cody Knight,Operations,,5.0,1,2,Onsite,95,188622.0,0,Low
EMP2053,John Medina,Finance,11.8,4.3,4,10,Onsite,65,54083.0,27,High
EMP3460,Tiffany Davila,Sales,14.5,8.9,6,9,Hybrid,79,70681.0,30,Medium
EMP1022,John Allen,IT,4.7,3.1,9,3,Onsite,77,82728.0,0,High
EMP3066,Marie Chapman,HR,15.0,7.5,2,10,Hybrid,65,59855.0,30,Low
EMP2653,Valerie Peterson,HR,13.1,3.4,3,8,Remote,59,40955.0,6,High
EMP3784,Ronnie Fisher,Operations,11.9,3.1,3,4,Hybrid,100,115425.0,26,High
EMP4463,Justin Martin,IT,,4.6,8,2,Hybrid,86,240674.0,0,Low
EMP4013,Kimberly Mueller,Marketing,15.0,4.5,6,4,Remote,100,211725.0,12,Low
EMP5219,David Ramsey,IT,13.1,5.0,9,2,Onsite,96,216040.0,23,Medium
EMP3468,,HR,5.4,5.3,5,1,Onsite,69,165833.0,8,Low
EMP3325,Abigail Rodgers,IT,12.1,4.4,8,8,Onsite,63,139731.0,29,Low
EMP1460,Alexander Moore,Marketing,8.4,8.5,1,3,Remote,63,153132.0,19,Medium
EMP2067,Susan Ford,Operations,9.0,5.8,7,9,Onsite,79,51549.0,10,Low
EMP1087,Melissa Armstrong,HR,9.4,7.8,2,4,Hybrid,54,131011.0,22,High
EMP2430,Steven Graham,Sales,14.1,6.9,7,7,Onsite,78,197745.0,5,High
EMP4229,Monica Carter,HR,5.5,3.8,3,4,Onsite,42,33259.0,10,Low
EMP1282,Jordan Aguirre,Marketing,9.8,,4,0,Onsite,88,30959.0,9,High
EMP3483,Michael Hill,Support,,3.3,6,3,Onsite,70,165241.0,24,High
EMP1462,Walter Sanchez,Operations,8.3,4.0,10,12,Remote,53,249686.0,7,High
EMP1212,Sabrina Martinez,Marketing,13.8,7.5,7,5,Hybrid,51,155076.0,22,High
EMP3588,Karen Graves,Finance,4.4,3.1,5,4,Hybrid,76,138465.0,27,Low
EMP3688,Mary Baker,HR,5.8,8.3,1,0,Hybrid,47,190418.0,24,Medium
EMP3581,Rebecca Duncan,Support,14.2,6.5,10,3,Hybrid,93,209991.0,30,Medium
EMP2368,Margaret Stephens,Finance,8.4,6.3,6,7,Onsite,79,37339.0,12,Medium
EMP1234,Melissa Adams,Finance,11.1,4.8,4,12,Hybrid,91,204566.0,12,Low
EMP4973,Monica Fletcher,HR,14.9,6.4,9,7,Remote,54,244823.0,27,Low
EMP1597,Derek Martin,IT,8.5,3.6,2,8,Onsite,58,114120.0,30,Medium
EMP5584,Kristina Pearson,HR,ten,4.5,7,9,Onsite,85,207391.0,5,Low
EMP3250,Stacey Benton,IT,8.6,5.9,4,11,Onsite,75,146421.0,11,Low
EMP5217,Alexander Smith,IT,12.9,7.3,7,10,Onsite,71,175412.0,17,Low
EMP3283,Roy Parker,IT,11.3,8.9,3,9,Onsite,58,123455.0,4,Low
EMP1662,Arthur Moses,Sales,11.3,8.3,3,12,Hybrid,51,169170.0,12,High
EMP5878,Brianna Dalton,Finance,9.3,7.8,6,3,Onsite,81,249691.0,0,Low
EMP3285,Lisa Sanders,Finance,11.2,7.8,4,11,Remote,82,174125.0,19,High
EMP5889,Jennifer Gonzalez,Marketing,11.8,4.6,8,12,Remote,44,213485.0,2,High
EMP5894,Chelsea Giles,Finance,9.1,5.5,2,9,Onsite,95,113690.0,4,Medium
EMP3692,Megan Gonzalez,it,7.6,5.1,10,6,Hybrid,95,150222.0,4,Low
EMP4702,Robert Thomas,Sales,4.9,7.7,10,11,Remote,76,51228.0,19,Medium
EMP1779,Nicole Ochoa,Sales,12.5,4.4,8,11,Onsite,80,68852.0,6,Medium
EMP4965,Craig Daniels,IT,8.3,3.1,3,3,Onsite,60,,9,Low
EMP5354,Dr. Kim Monroe,HR,8.9,7.3,3,0,Remote,80,148899.0,10,High
EMP2073,,HR,6.6,7.9,9,0,Onsite,67,115129.0,6,Low
EMP5759,Dan Rodriguez,IT,6.7,5.7,1,12,Onsite,57,217218.0,18,High
EMP5265,Robert Small Jr.,Operations,10.3,6.2,4,2,Onsite,75,177980.0,11,Low
EMP1915,,Sales,6.2,5.4,10,8,Remote,69,201045.0,24,Low
EMP1685,Kyle Ramirez,IT,4.7,4.2,10,4,Remote,43,146886.0,20,Medium
EMP2338,,HR,4.3,7.7,9,11,Onsite,78,108223.0,10,Medium
EMP3970,Thomas Campbell,Marketing,8.1,6.1,10,9,Hybrid,42,40678.0,4,High
EMP4705,Nicholas Glover,Operations,6.0,7.6,4,8,Onsite,89,193845.0,10,Medium
EMP3171,Peter Weaver,Marketing,8.8,4.6,9,6,Onsite,76,124168.0,11,Low
EMP5580,Christine Rogers,Operations,14.7,4.9,9,4,Remote,90,156805.0,28,Low
EMP2850,George Howard,Marketing,13.6,5.8,3,2,Remote,87,221752.0,12,Low
EMP1487,Laura Perry,Operations,6.8,6.2,1,9,Remote,43,198531.0,3,Low
EMP2688,Dr. Jared Brown MD,HR,12.6,6.2,2,5,Onsite,95,107663.0,29,Low
EMP3230,Michelle Bradley,Finance,13.3,6.1,4,12,Remote,67,142264.0,27,Low
EMP5644,Michelle Jackson,Marketing,11.3,8.8,5,3,Hybrid,81,106628.0,21,Low
EMP3320,James Lynch,Support,10.9,7.0,5,1,Remote,94,168064.0,30,Low
EMP1782,Kristin Johnson,,5.6,8.2,1,4,Onsite,99,234009.0,14,Medium
EMP1521,Felicia Wagner,Sales,11.6,8.5,3,11,Onsite,81,71612.0,16,High
EMP1522,Evan Stark,Operations,7.5,3.7,6,8,Onsite,70,177779.0,18,Medium
EMP5179,Madison Webb,Support,8.6,4.5,4,4,Hybrid,53,246349.0,0,Medium
EMP5177,Jennifer Hernandez,Operations,14.9,4.5,8,0,Onsite,41,154276.0,3,Medium
EMP3398,Alice Gordon,IT,5.3,7.9,1,2,Remote,54,71066.0,28,Low
EMP3207,Todd Lin,Sales,11.6,6.0,5,10,Hybrid,48,103154.0,28,High
EMP4751,Michelle Nguyen,Support,14.9,7.0,8,6,Hybrid,46,167465.0,7,Medium
EMP4830,Joshua Villa,Support,14.2,6.9,5,2,Hybrid,58,148443.0,18,Low
EMP5476,Sarah King,Sales,14.8,3.2,6,12,Remote,88,169668.0,6,Low
EMP4038,Maria Martin,Sales,14.6,3.9,6,9,Onsite,87,244106.0,18,Low
EMP2511,Jeffery Fox,HR,11.8,3.2,5,9,Onsite,64,190419.0,18,Medium
EMP2882,Christopher Hansen,Marketing,4.1,7.2,10,5,Remote,72,,5,Low
EMP1651,Suzanne Clark MD,Marketing,13.0,6.2,8,0,Onsite,89,192254.0,16,Low
EMP4001,Kathryn Reid,Sales,4.8,6.2,7,9,Hybrid,83,54447.0,23,Low
EMP4333,Mark Johnson,Marketing,12.0,8.9,3,11,Onsite,54,46717.0,30,High
EMP1369,Mrs. Sydney Peters MD,Sales,,7.2,1,3,Remote,70,,4,High
EMP4138,Angela Baldwin,HR,12.9,4.6,4,8,Remote,81,132796.0,1,High
EMP1118,Timothy Nunez,Operations,7.5,5.8,7,6,Remote,82,,26,Medium
EMP4580,Charlotte Kelly,IT,7.6,4.6,2,12,Remote,75,162110.0,6,High
EMP4274,Shannon Huff,Support,,3.8,2,9,Remote,83,106117.0,29,Low
EMP3216,Jasmine Mccann,IT,8.2,6.7,8,9,Remote,42,33030.0,21,Medium
EMP4819,Anna Allen,Sales,10.0,7.3,3,3,Hybrid,54,209819.0,4,Low
EMP2613,Brian Brown,,7.5,4.3,1,11,Hybrid,60,82948.0,2,High
EMP4137,Jason Williams,IT,13.5,7.4,8,0,Onsite,55,132009.0,6,Medium
EMP1962,Dwayne Hartman,Operations,4.3,5.8,8,7,Remote,80,95600.0,19,Medium
EMP3510,Jennifer Smith,IT,11.9,8.8,5,7,Hybrid,51,120848.0,21,High
EMP4825,David Barnett,Marketing,4.8,4.8,10,12,Remote,98,148162.0,23,High
EMP4039,Katherine Graham,Finance,10.5,6.1,4,3,Onsite,69,35568.0,6,Low
EMP4716,Andrew Sullivan,Support,13.5,6.2,6,5,Onsite,75,29627.0,26,High
EMP4271,Cynthia Frazier,Marketing,6.9,3.9,1,3,Remote,60,76768.0,2,High
EMP3415,Bryan Hernandez,Finance,5.4,8.7,3,6,Hybrid,96,208905.0,24,High
EMP5824,Carlos Riley,Marketing,12.0,5.5,8,7,Hybrid,96,111692.0,9,High
EMP5392,Connor Adams,Marketing,11.3,3.2,8,9,Onsite,100,175023.0,12,Low
EMP3185,Denise Good,HR,4.3,8.6,9,4,Hybrid,44,76188.0,6,Low
EMP5538,Victoria Mccarthy,Operations,6.7,6.9,8,9,Hybrid,53,123511.0,9,Low
EMP3567,Amanda Greene,Operations,7.4,3.2,9,10,Hybrid,86,230950.0,18,Low
EMP3037,Brittany Parker,Operations,5.8,3.6,5,4,Remote,74,206287.0,17,Low
EMP5419,Christine Logan,Sales,12.8,3.7,10,5,Hybrid,47,127692.0,9,High
EMP1772,Tara Frazier,Finance,9.2,6.1,8,9,Hybrid,86,111904.0,13,Medium
EMP2284,Jasmine Green,Marketing,10.0,6.2,8,8,Remote,74,240326.0,7,High
EMP5770,Mr. Mark Park DDS,IT,6.9,7.4,8,10,Hybrid,84,124580.0,12,Medium
EMP5926,Joseph Spears,IT,4.9,6.5,2,1,Remote,97,68172.0,10,High
EMP3587,Kimberly Sanders,Sales,7.8,4.7,7,5,Remote,61,148893.0,25,Low
EMP5742,Tara Brooks,Operations,11.4,7.2,10,8,Hybrid,87,243615.0,27,High
EMP2414,Patricia Hansen,HR,10.0,6.4,5,0,Hybrid,88,246539.0,12,High
EMP2234,Steven Crawford,Support,6.5,5.4,5,5,Hybrid,67,72757.0,17,Low
EMP3905,Barry Brown,Finance,13.5,6.3,5,5,Onsite,53,179170.0,15,High
EMP1435,Scott Petersen,IT,ten,8.9,6,9,Hybrid,79,151546.0,22,High
EMP2674,Jermaine Reynolds,it,13.1,8.2,10,4,Hybrid,76,77427.0,17,Low
EMP1365,Pamela Combs MD,Marketing,13.8,7.6,1,1,Remote,80,230491.0,26,Low
EMP3850,Anne Shelton,Support,14.4,3.6,1,8,Onsite,84,159213.0,3,Medium
EMP1231,Timothy Cline,Operations,11.1,6.6,10,2,Onsite,50,197682.0,19,Medium
EMP5425,Matthew Glass,IT,14.4,8.6,10,2,Remote,55,213423.0,12,High
EMP1147,Raymond Gates,IT,13.4,3.9,3,8,Onsite,56,234325.0,5,Low
EMP5562,Caitlin Pitts,Support,7.5,5.4,3,8,Hybrid,91,218473.0,23,Medium
EMP4066,Heidi Harris,HR,6.0,5.0,10,6,Remote,99,25727.0,11,Low
EMP1407,Kimberly Hester,IT,10.1,3.6,2,12,Remote,90,61645.0,3,Low
EMP3090,Justin Lambert,Finance,9.5,4.4,10,4,Hybrid,40,136963.0,22,Medium
EMP1086,Jose Hall,Marketing,4.9,7.3,8,8,Onsite,88,87999.0,22,High
EMP1844,Scott Gonzalez,HR,13.6,6.1,1,4,Hybrid,66,203887.0,17,Medium
EMP2031,Eric Aguilar,HR,5.3,8.6,3,0,Onsite,57,231243.0,6,High
EMP4849,,,13.8,4.5,8,3,Onsite,57,114230.0,7,Low
EMP4454,Todd Roman,Finance,4.5,5.3,8,12,Hybrid,53,119866.0,20,Medium
EMP5610,Christopher Duarte,it,11.3,7.5,8,10,Hybrid,85,136832.0,22,Medium
EMP5613,Michelle Hudson,HR,13.4,3.1,10,11,Hybrid,95,154249.0,30,Medium
EMP3628,Robert Miles,Support,10.8,5.3,9,10,Hybrid,62,43709.0,19,Low
EMP3860,Michele Smith,HR,13.1,5.3,1,7,Hybrid,99,27528.0,6,Low
EMP1855,Todd Perkins,Finance,11.6,7.4,1,2,Remote,83,169430.0,3,Medium
EMP1078,Darren Grant,IT,4.3,4.9,7,6,Onsite,100,212436.0,6,High
EMP3247,Brent Harmon,Sales,14.4,3.4,4,12,Remote,92,70317.0,22,High
EMP5970,Jennifer Avery,Support,10.3,5.2,4,0,Remote,74,187075.0,23,Low
EMP4945,Howard Eaton,IT,10.9,6.1,3,1,Onsite,94,85552.0,0,High
EMP4319,Luke Mathews,Finance,5.9,6.0,7,0,Hybrid,50,97758.0,5,Low
EMP4133,Franklin Green,Finance,9.8,5.0,7,12,Onsite,73,249352.0,4,Low
EMP3279,Rachel Huffman,IT,12.4,8.6,4,9,Hybrid,87,216281.0,6,High
EMP4626,Vincent Burton,Marketing,13.6,6.2,7,0,REMOTE,59,152022.0,9,Low
EMP5313,Joseph Gonzalez,IT,12.6,8.2,10,9,Remote,99,83104.0,6,Medium
EMP5135,Carla Hinton,HR,10.8,8.6,10,9,Hybrid,83,245690.0,8,Medium
EMP4698,Vincent Young,Operations,13.7,8.7,6,11,Onsite,96,247767.0,25,Low
EMP3176,Maria Lee,Support,8.8,5.3,7,1,Hybrid,43,55614.0,26,High
EMP1424,James Schmidt,Finance,8.1,8.7,7,9,Remote,46,113227.0,9,Low
EMP1392,Stephanie Palmer,Finance,7.5,5.5,6,4,Remote,92,45417.0,18,High
EMP5899,Victoria Christian,Support,11.1,,5,8,Remote,76,170654.0,15,Medium
EMP4685,Lisa Crane,Sales,12.6,5.6,2,9,Hybrid,65,140500.0,16,Low
EMP1104,Barbara Lester,Operations,4.3,4.4,10,9,Hybrid,100,30438.0,24,High
EMP3672,Stephanie Powers,Sales,8.5,,5,1,Hybrid,good,139785.0,18,Medium
EMP4238,Bryan Howard,IT,6.0,5.8,4,5,Hybrid,65,243848.0,24,High
EMP4555,Timothy Kennedy,IT,7.6,8.7,2,6,Remote,65,158227.0,2,Low
EMP4384,Annette Ray,Sales,14.7,6.2,6,3,Remote,56,118464.0,20,High
EMP2744,,Operations,12.1,8.0,4,5,Remote,93,105172.0,3,High
EMP2948,Shawn Jordan,Marketing,11.6,5.2,9,8,Onsite,60,78599.0,25,High
EMP2459,Elizabeth Carroll,Sales,9.3,3.5,3,8,Remote,54,104937.0,23,Low
EMP4515,Michael Anderson,Marketing,10.8,5.1,7,1,Hybrid,78,73775.0,14,Low
EMP4326,Timothy Roberts,HR,13.0,7.5,4,1,Onsite,93,85457.0,18,Low
EMP5305,Calvin Hodge,Sales,14.5,8.1,6,0,Hybrid,71,209023.0,3,Low
EMP5965,Kevin Fisher,Marketing,12.0,7.1,2,0,Hybrid,77,87991.0,29,High
EMP2587,Jonathan Yang,Sales,6.6,4.2,2,11,Hybrid,55,65406.0,21,Low
EMP5792,Laura Berry,HR,5.5,6.2,6,1,Hybrid,71,179626.0,14,Medium
EMP2731,Natasha Garcia,Marketing,10.6,6.6,6,3,Onsite,95,247813.0,21,Medium
EMP5940,Bradley Davis,,4.3,3.8,6,12,Onsite,75,190851.0,13,Medium
EMP5005,Edward Arias,IT,14.0,3.2,2,5,Remote,82,69010.0,5,Low
EMP4971,Susan Owens,IT,12.0,,4,0,Hybrid,90,28778.0,17,Medium
EMP2791,Sonia Davis,Operations,7.1,8.4,8,4,Hybrid,78,27734.0,20,Low
EMP3355,Connie Mendoza,Operations,13.8,3.3,2,1,Onsite,70,45606.0,13,Low
EMP2940,Jose Walker,Support,10.6,5.5,9,1,Onsite,85,228698.0,4,Low
EMP1702,Peggy Sanders,Sales,7.6,5.7,4,6,Onsite,65,228480.0,1,Medium
EMP3442,Patrick Ingram,HR,6.4,7.3,5,4,Onsite,99,167066.0,16,Medium
EMP4970,Jennifer Holmes,Finance,14.6,5.4,8,6,Onsite,46,52108.0,5,Medium
EMP1496,Amber Brown,Operations,5.3,8.1,1,0,Remote,94,61279.0,21,Medium
EMP1464,Logan Bennett,Finance,9.2,3.8,3,9,Onsite,91,27218.0,7,Medium
EMP3892,James Cooper,IT,5.8,7.7,3,9,Hybrid,96,167395.0,11,Medium
EMP5701,Crystal Acevedo,IT,13.5,4.5,6,11,Remote,52,183086.0,13,Medium
EMP1172,John Bradford,Support,5.3,3.1,6,2,Onsite,91,187037.0,14,Medium
EMP5958,Mindy Henderson,Marketing,9.6,3.8,7,12,Remote,55,78606.0,8,Low
EMP5972,Robert Lopez,Finance,9.7,5.0,1,7,Remote,41,62553.0,12,Medium
EMP3540,Cory Waters,HR,11.6,8.0,4,12,Hybrid,62,84113.0,4,Medium
EMP4520,Taylor Myers MD,Finance,14.2,7.6,5,10,Hybrid,64,43047.0,9,Medium
EMP4318,Mrs. Morgan Adams,Sales,5.2,6.2,6,7,Remote,58,246733.0,30,Medium
EMP3260,Daniel Kelly,Operations,7.5,8.6,5,6,Hybrid,47,153215.0,23,High
EMP3112,Michael Burns,Finance,9.2,5.9,2,2,Onsite,51,241100.0,24,High
EMP1900,Heather Thompson,Support,4.2,7.6,7,1,Hybrid,64,142995.0,10,Medium
EMP2446,Jessica Garcia,Sales,13.0,5.0,1,3,Onsite,71,44113.0,25,High
EMP4855,James Smith,IT,13.8,7.9,5,5,Onsite,65,105097.0,2,High
EMP3697,Tamara Rodriguez,Support,7.2,7.4,4,1,Onsite,50,208898.0,26,Low
EMP5827,Anna Robinson,IT,11.1,8.8,7,8,Hybrid,58,240564.0,24,Medium
EMP1741,Mr. James Booker,HR,7.0,4.9,8,10,Hybrid,47,96474.0,4,Low
EMP3293,Brenda Bridges,Marketing,14.0,5.4,8,9,Hybrid,98,226434.0,20,Medium
EMP3452,Ashley Mendez,Support,7.9,8.8,1,2,Onsite,95,134492.0,24,Low
EMP3822,Penny Booker,HR,7.3,8.0,1,1,Remote,79,48098.0,10,Medium
EMP5238,Kimberly Alexander,Finance,5.8,3.6,10,4,Remote,71,149945.0,18,Low
EMP2206,Brandon Adams,Finance,9.9,3.8,8,11,Onsite,60,162013.0,29,High
EMP1509,Kimberly Harris,HR,13.1,7.8,10,10,Onsite,59,158257.0,17,High
EMP5308,Mr. Jackson Burnett,Finance,9.3,7.1,8,7,Hybrid,63,161878.0,17,Low
EMP3820,Tammy Martin,Support,4.1,7.4,7,12,Onsite,60,83822.0,30,Medium
EMP4209,Janet Robinson,Sales,12.6,5.1,7,9,Remote,80,112780.0,11,High
EMP4573,Cindy Bowen,HR,8.5,4.2,5,10,Remote,73,166242.0,19,Medium
EMP2549,Jessica Jordan,Sales,10.5,7.6,6,9,Hybrid,89,248713.0,18,High
EMP4525,Erik Nelson,IT,14.2,4.3,9,8,Hybrid,89,85640.0,0,High
EMP3202,Kara Jackson,Sales,12.6,6.2,8,1,Remote,83,94444.0,12,High
EMP3566,John Bailey,Operations,10.3,8.5,5,3,Hybrid,47,182972.0,2,Medium
EMP3883,Craig Atkins,Sales,13.9,7.2,5,8,Onsite,98,162184.0,12,Low
EMP3044,Jane Dalton,IT,5.8,6.7,8,12,Onsite,77,221014.0,22,Low
EMP1767,Dustin Reyes,Operations,7.9,4.1,10,0,Remote,76,155588.0,27,High
EMP5615,,Marketing,12.9,8.9,10,10,Hybrid,53,180589.0,5,High
EMP5034,Diamond Pratt,Support,14.2,6.6,3,7,Remote,83,216999.0,24,Medium
EMP1421,Anna Taylor,IT,7.4,5.9,2,0,Onsite,54,182722.0,7,Medium
EMP1123,Terry White,Operations,,9.0,2,6,Remote,46,224326.0,20,Medium
EMP5316,Mary Alexander,Marketing,9.6,6.6,2,0,Onsite,96,177745.0,22,Low
EMP4213,Loretta Holmes,Finance,8.4,3.8,9,8,Hybrid,54,175120.0,0,Low
EMP1819,Alexander Willis,Support,8.0,4.3,5,5,Hybrid,79,236066.0,28,Low
EMP2403,Michelle Alvarado,Marketing,11.3,4.8,5,1,Remote,91,102260.0,0,Low
EMP2382,Eric Davis,Finance,13.8,4.1,1,7,Hybrid,82,164168.0,14,Low
EMP3148,David Welch,Operations,9.4,5.4,7,12,Remote,87,37152.0,16,Low
EMP2575,Kenneth Gonzalez,Marketing,14.4,6.5,3,8,Hybrid,76,80223.0,22,High
EMP2638,Johnny Ellis,Support,5.1,6.9,2,7,Remote,97,210881.0,15,Medium
EMP2795,Brandon Jones,IT,,4.2,9,0,Remote,70,150519.0,3,Low
EMP5991,Stephanie Guzman,Operations,9.4,4.7,3,11,Remote,72,211549.0,29,Low
EMP5618,Margaret Spencer,Operations,6.1,7.0,3,12,Hybrid,93,145434.0,17,High
EMP1399,Michelle Allen,Operations,4.5,4.4,9,6,Remote,84,122646.0,14,High
EMP3310,Kyle Wolf,Operations,10.2,7.2,5,9,Onsite,40,107587.0,7,Low
EMP1882,Kaitlin Peterson,IT,14.1,4.2,4,2,Remote,82,117152.0,0,High
EMP5673,Tyler Scott,Support,8.7,6.2,10,7,Onsite,82,92205.0,19,Low
EMP3323,,IT,10.5,4.7,9,0,Onsite,92,240049.0,27,Medium
EMP2352,Rebecca Walsh,Finance,9.6,3.9,6,1,Remote,97,81874.0,0,Low
EMP3954,Dustin Pearson,Marketing,9.1,5.8,7,8,Remote,63,149940.0,30,Medium
EMP5716,Carrie Wade,Support,,4.0,9,11,Hybrid,100,60345.0,14,Medium
EMP3130,Crystal Arnold,Sales,14.1,3.1,4,11,Onsite,46,121566.0,7,High
EMP1982,Melissa Weber,Marketing,8.6,3.7,3,11,Hybrid,84,141723.0,30,Low
EMP1456,Jennifer Brooks,Operations,8.6,6.9,4,7,Hybrid,53,240998.0,13,High
EMP4806,Pam Lambert,Sales,5.3,3.1,4,12,Remote,good,167056.0,17,Medium
EMP2079,Stacy Cook,HR,10.4,7.6,1,0,Remote,52,76858.0,9,Medium
EMP2950,Christopher Mitchell,,6.0,6.9,8,5,Hybrid,55,127663.0,15,High
EMP5472,Michele Vega,IT,4.3,5.5,1,4,Hybrid,52,45829.0,15,Medium
EMP1689,Carolyn Hudson,Sales,12.2,3.1,6,5,Hybrid,80,104253.0,7,Low
EMP3429,Jeff Lewis,IT,9.3,3.4,6,8,Remote,81,207980.0,24,Low
EMP1641,Anthony Rodriguez,Operations,9.1,7.6,9,10,Hybrid,53,148948.0,12,Medium
EMP3392,Elizabeth Davidson,it,14.9,4.9,10,11,Hybrid,48,244548.0,15,Medium
EMP3825,Kristen Ortega,Marketing,12.2,3.8,8,10,Remote,100,73043.0,12,High
EMP2953,Vincent Hanna,IT,10.2,4.2,1,6,Hybrid,80,153335.0,19,Medium
EMP3960,Megan Winters,Operations,12.4,3.1,6,4,Remote,89,165526.0,11,Medium
EMP5328,Anna George,Operations,5.5,8.9,7,1,Hybrid,70,101937.0,21,High
EMP4706,Erica Baker,,7.0,5.7,6,6,Hybrid,89,108686.0,18,Low
EMP3710,Nathan Young,Support,7.9,4.0,9,7,Onsite,52,27527.0,9,Medium
EMP4984,Chelsea Anthony,Marketing,4.3,6.6,7,11,Hybrid,65,82963.0,3,High
EMP5942,Gabriel Lopez MD,IT,4.2,,2,12,Onsite,50,,1,Medium
EMP4357,Kendra Moore,it,10.8,6.5,4,4,Remote,83,95592.0,27,Low
EMP2884,Ryan Williams,Finance,13.2,7.5,5,5,Hybrid,52,110736.0,28,Low
EMP5418,Jason Turner,Marketing,13.0,3.4,2,0,Remote,51,189701.0,15,Medium
EMP1389,Austin Perry,HR,5.8,3.9,2,9,Onsite,83,214472.0,3,High
EMP3494,Derek Strickland,Sales,11.9,6.6,8,7,Remote,69,118286.0,12,High
EMP4364,Anna Gordon,HR,8.5,4.3,3,12,Remote,91,161372.0,13,Low
EMP4114,Stacy Alexander,,5.1,8.6,10,11,Onsite,89,174614.0,21,High
EMP1845,Christopher Brown,Support,8.6,7.4,1,4,Remote,52,41501.0,0,High
EMP1542,Chloe Massey,Operations,13.2,,7,10,Remote,92,43905.0,23,Low
EMP1091,Kelly Norris,Finance,10.6,8.9,4,4,Remote,54,119602.0,5,High
EMP5876,Chelsea Thornton,Marketing,14.5,3.0,6,1,Hybrid,61,74493.0,16,Low
EMP2979,Courtney Miller MD,Sales,9.1,5.7,2,11,Remote,55,67490.0,20,Low
EMP5011,David Sanchez,Support,9.7,5.9,9,8,Remote,83,117475.0,28,High
EMP5241,Lawrence Herrera,Sales,7.8,8.7,6,7,Onsite,54,,0,Low
EMP4126,Steven Scott,IT,7.4,7.5,10,9,Onsite,74,96045.0,12,Medium
EMP3529,Ronald Watkins,Finance,14.0,5.8,3,9,Hybrid,67,129937.0,21,Low
EMP2676,Erik Smith,Operations,12.5,3.4,6,5,Remote,97,227559.0,14,Low
EMP2048,Jonathan Spencer,Support,11.4,5.5,8,12,Onsite,65,166067.0,2,High
EMP2960,Paul Johnson,HR,5.1,8.1,4,3,Remote,69,184804.0,5,Medium
EMP3530,Jamie Campbell,Support,,3.0,5,0,Onsite,81,241901.0,1,High
EMP4901,Jacob Tate,Operations,8.0,4.4,2,1,Remote,98,164726.0,1,Medium
EMP1237,Jamie Mendez,IT,7.5,,5,7,Hybrid,55,61930.0,3,Medium
EMP4196,Crystal Davis,Sales,9.3,7.2,1,11,Remote,77,91884.0,26,High
EMP1642,,Operations,5.7,7.4,9,8,Hybrid,47,91404.0,15,Low
EMP2133,Erin Clark,IT,11.0,8.3,6,10,Onsite,70,42698.0,10,High
EMP3880,Kevin Wilson,Support,11.2,5.3,4,2,Onsite,70,42720.0,27,Low
EMP2805,Joshua Woods,Sales,,6.7,8,11,Hybrid,55,204013.0,15,Medium
EMP5296,Tony Cox,Sales,7.5,6.6,4,3,Hybrid,63,59346.0,27,High
EMP1163,Christopher Randall,IT,6.0,3.9,7,1,Remote,49,219240.0,20,High
EMP4767,Edwin Mitchell,IT,6.4,7.1,6,1,Hybrid,41,67709.0,23,Low
EMP5934,Travis Rodriguez,Sales,9.7,8.6,6,11,Hybrid,78,fifty thousand,27,Medium
EMP5882,Benjamin Ryan,IT,9.0,6.0,1,8,Onsite,81,215336.0,7,Medium
EMP4605,Sara Baker,Finance,4.5,6.7,9,9,Hybrid,71,238311.0,15,Medium
EMP4724,Scott Ellis,Sales,6.1,7.9,2,0,Onsite,44,145616.0,11,Low
EMP5166,Stacey Peterson,Marketing,8.4,3.3,5,11,Remote,96,207392.0,2,Low
EMP4922,Daniel Gray,Marketing,13.9,4.5,2,0,Remote,43,144536.0,25,Low
EMP3001,Thomas Hayes,IT,8.8,4.6,9,4,Onsite,71,214864.0,12,Medium
EMP2811,Eric Schwartz,Support,6.7,7.3,10,3,Onsite,100,216183.0,21,Medium
EMP4649,David Hawkins,Support,14.8,5.3,10,1,Onsite,41,40433.0,28,High
EMP4398,Sarah Harris,Support,11.2,8.1,8,7,Onsite,46,223545.0,19,Medium
EMP2428,Amanda Nunez,Finance,13.9,6.2,9,1,Onsite,51,196945.0,4,High
EMP4898,Jessica Baker,Support,4.9,3.8,7,9,Hybrid,60,242350.0,17,Medium
EMP4176,Jessica Rubio,Marketing,5.1,5.0,1,10,Onsite,94,226230.0,10,Low
EMP4666,Dr. Holly Murphy,IT,14.5,5.5,3,2,Remote,93,180078.0,0,High
EMP5626,Jimmy Norris,Finance,4.8,7.7,5,8,Onsite,57,218946.0,11,Low
EMP5819,Martin Patterson,Support,12.9,5.5,2,4,Onsite,49,65975.0,22,Low
EMP4036,Meghan Watts,Operations,13.4,3.6,1,7,Remote,71,154988.0,6,Low
EMP2452,Danielle Morales,Marketing,5.3,3.7,10,5,Remote,62,75763.0,10,Low
EMP1593,Jessica Johnson,HR,11.7,6.7,1,5,Remote,55,196709.0,0,Medium
EMP3725,James Franklin,Finance,9.1,8.6,10,8,Remote,59,93863.0,29,Medium
EMP1041,Jose Williams,Finance,6.8,8.4,1,1,Remote,80,136037.0,26,Low
EMP1560,Lucas Miller,Finance,12.9,6.5,10,3,Onsite,98,34609.0,17,High
EMP4161,,Operations,12.9,8.9,10,5,Hybrid,85,93023.0,2,Medium
EMP5237,Jeremy Carter,IT,7.5,3.8,8,6,Onsite,63,202466.0,8,High
EMP1243,Judy Ross,IT,9.0,6.3,10,10,Hybrid,79,56145.0,4,Medium
EMP2339,Stephen Palmer,IT,6.7,8.8,4,9,Onsite,81,128105.0,26,Medium
EMP4405,Rebecca Russo,IT,8.6,7.6,6,7,Remote,90,192913.0,18,Medium
EMP4189,Angela Swanson,Marketing,11.1,9.0,4,3,Onsite,51,103665.0,2,Medium
EMP1405,Robert Fernandez,Finance,10.6,4.3,6,2,Hybrid,45,211425.0,7,High
EMP2442,Kimberly Peterson,HR,5.1,6.0,1,9,Hybrid,74,111748.0,0,Medium
EMP1261,Debbie Myers,Operations,14.6,8.9,3,6,Remote,81,149701.0,15,Medium
EMP3977,Veronica Knight,Support,9.6,5.0,9,12,Remote,61,202275.0,19,Medium
EMP2689,Douglas Dean,Finance,6.2,4.0,5,3,Remote,99,81947.0,24,Low
EMP2725,Ann Adams,Marketing,6.1,8.0,2,3,Remote,100,97408.0,4,High
EMP2203,Jeremy Oliver,HR,8.9,4.9,1,2,Remote,76,79061.0,20,High
EMP1834,Aimee James,IT,13.6,5.4,6,10,REMOTE,69,209523.0,20,Low
EMP2866,David Haas,Operations,6.2,7.9,4,9,Remote,78,56552.0,9,High
EMP3496,Christine Strong,Sales,11.5,7.9,2,7,Remote,59,124121.0,27,Low
EMP4740,Mrs. Cheryl Gonzalez DVM,IT,6.9,6.9,6,2,Onsite,91,123988.0,2,Medium
EMP3010,Nicole Anderson,HR,11.5,8.0,6,10,Hybrid,76,47942.0,1,Medium
EMP3990,Colleen Cohen,Sales,6.1,5.2,10,8,Onsite,50,96186.0,7,High
EMP1340,Richard Graham,HR,12.9,3.7,6,10,Onsite,46,202508.0,25,Low
EMP4220,Heather Mathis,Operations,14.3,4.5,7,7,Remote,74,133148.0,5,Low
EMP2601,Megan Graham,Finance,8.8,5.8,1,1,Remote,95,153351.0,14,High
EMP3796,Mary Torres,Operations,4.7,3.1,9,6,Onsite,55,232953.0,9,Medium
EMP5337,Sabrina Brady,HR,12.5,3.0,6,11,Remote,97,84680.0,10,Low
EMP5866,,Sales,8.1,3.4,5,11,Remote,71,104808.0,13,Low
EMP1480,Cassandra Horn,IT,10.8,6.8,7,6,Onsite,70,125484.0,0,Low
EMP5247,James Hubbard,Support,5.8,8.7,9,3,Remote,69,61651.0,28,Medium
EMP4831,Benjamin Rojas,Marketing,,7.3,10,4,Onsite,40,182655.0,2,Medium
EMP2523,Charles Winters,Sales,12.1,8.6,1,0,Hybrid,88,163033.0,3,Medium
EMP4664,Amy Kim,Marketing,9.7,6.0,9,8,Hybrid,68,215842.0,28,Medium
EMP5604,Justin Taylor,HR,4.3,3.6,4,0,Remote,73,107482.0,28,Low
EMP5807,Thomas White,IT,5.4,5.1,4,5,Hybrid,60,106260.0,17,Medium
EMP4286,Colin Parsons,Operations,5.2,8.9,6,6,Hybrid,68,116191.0,30,Low
EMP1799,Kelsey Stark,Finance,7.3,3.3,2,5,Remote,74,248698.0,30,Medium
EMP2766,Donald Ramos,Operations,14.2,7.4,6,1,Onsite,46,,18,Medium
EMP5639,Michael Johnson,HR,13.1,3.2,9,1,Onsite,72,235020.0,0,Medium
EMP3453,James Brennan,Finance,4.9,3.7,4,11,Onsite,99,72996.0,29,High
EMP4098,Kara Moore,IT,13.5,6.9,1,2,Onsite,55,204833.0,5,Low
EMP5105,Jeffrey Anderson,IT,5.5,3.8,4,0,Onsite,100,237701.0,14,Medium
EMP5204,Stephen Carlson,it,13.4,7.5,1,3,Hybrid,57,238974.0,16,High
EMP5848,Michael Soto,Operations,14.6,7.4,5,7,Onsite,51,75446.0,24,Low
EMP5743,Michele Reilly,Operations,7.5,4.6,2,12,Hybrid,45,39313.0,12,Medium
EMP2271,Alicia Paul,Finance,12.4,,1,2,Remote,55,226881.0,2,High
EMP4321,,Support,7.2,4.1,4,1,Remote,60,192781.0,17,High
EMP5667,Laura Martin,IT,8.4,7.1,6,10,Hybrid,71,165880.0,22,Low
EMP4338,Rachel Johnson,Operations,5.4,7.7,3,8,Hybrid,45,240316.0,22,Medium
EMP5295,Caroline Powell,IT,9.5,8.6,2,10,Hybrid,76,192465.0,1,Low
EMP1347,Michele Hart,Operations,11.4,4.9,4,4,Remote,47,72984.0,11,High
EMP5823,Christina Rogers,HR,,3.3,1,10,Hybrid,67,80497.0,20,High
EMP5791,Matthew Schroeder,Operations,9.2,7.2,3,9,Onsite,52,128110.0,25,Medium
EMP3562,Michael Sweeney,HR,9.9,6.9,7,0,Remote,76,162158.0,15,Low
EMP5756,Margaret Hart,Operations,8.5,6.9,3,9,Onsite,72,109718.0,13,Medium
EMP2423,Joel Christensen,Operations,9.6,7.2,4,7,Remote,70,101031.0,9,High
EMP1656,Matthew Moss,Sales,11.2,6.2,10,4,Onsite,43,121037.0,7,Low
EMP5781,Dana Herrera,IT,5.0,7.2,10,3,Remote,55,240167.0,0,Low
EMP3102,Dr. Vickie Coleman,HR,12.1,3.8,9,2,Remote,74,85765.0,25,Low
EMP1632,Abigail Nelson,Operations,10.0,4.1,9,6,Onsite,65,90508.0,5,High
EMP5053,Joseph Scott,Finance,14.7,6.3,5,4,Onsite,66,209467.0,13,High
EMP3493,Aaron Allen,Operations,8.6,8.3,7,4,Remote,65,76653.0,0,Medium
EMP3665,Rebecca Aguirre,Marketing,6.7,3.5,3,7,Remote,78,141547.0,30,Medium
EMP4470,Albert Adams,Operations,12.3,6.7,6,3,Remote,45,234056.0,23,Low
EMP4951,Paul Ward,Operations,9.8,8.9,5,1,Onsite,70,125769.0,2,High
EMP4566,Jose Rodriguez,Support,4.6,8.5,3,6,Remote,95,44947.0,21,Low
EMP4340,,Marketing,4.8,3.7,8,10,Remote,75,203193.0,29,Medium
EMP4879,Kenneth Watson,Marketing,6.3,4.8,2,8,Remote,43,189054.0,20,High
EMP3500,Steven Graves,HR,,8.4,8,12,Onsite,96,35637.0,12,Medium
EMP2465,William Miller,IT,12.0,6.7,7,12,Remote,86,217784.0,24,High
EMP4050,Suzanne Clarke,Marketing,10.0,4.1,9,0,REMOTE,83,79789.0,18,Low
EMP1115,Taylor Rosario,Support,7.7,7.7,5,0,Onsite,58,215329.0,9,High
EMP2821,Jerry Greene,Sales,5.8,8.3,3,6,Hybrid,47,164540.0,29,Low
EMP2494,Tiffany Green,Support,12.3,7.2,3,11,Onsite,89,179549.0,29,Low
EMP3401,Stephanie Baker,Sales,6.1,5.3,2,4,Hybrid,43,214924.0,7,Medium
EMP2232,Andrea Chapman,Marketing,7.8,7.3,7,5,Remote,40,51565.0,13,Low
EMP3661,Deanna Richards,HR,5.7,7.0,9,11,Hybrid,54,116574.0,28,High
EMP3817,David Li,Sales,6.9,5.5,1,1,Remote,48,172208.0,7,Medium
EMP4631,Jeremy Schneider,IT,7.4,8.2,8,7,Remote,59,50037.0,6,Medium
EMP5739,Nancy Williams,Marketing,7.0,7.0,1,10,Remote,84,92960.0,29,Low
EMP2153,Kyle Davis,HR,14.4,3.9,4,9,Remote,77,198697.0,26,Low
EMP5466,Brianna Johnson,Finance,5.6,5.9,6,3,Hybrid,91,41450.0,30,Low
EMP1057,Alexis Joseph,Support,11.2,5.8,8,10,Onsite,53,159001.0,15,Low
EMP4665,Juan Wolf,HR,11.7,8.5,10,9,Hybrid,93,87299.0,2,High
EMP5446,Joanna Mitchell,Marketing,7.2,5.7,9,5,Onsite,68,,26,Medium
EMP3280,Denise Santana,Marketing,6.1,5.3,4,8,Onsite,40,fifty thousand,5,High
EMP2735,Michael Howell,IT,10.2,8.0,7,9,Onsite,73,199996.0,12,Low
EMP3823,Kimberly Kelly,HR,9.5,7.5,4,11,Hybrid,59,153927.0,27,Low
EMP3196,Rebecca Reed,HR,11.6,5.6,7,3,Remote,95,240625.0,17,High
EMP4832,Jeremy Martinez,,9.3,5.9,3,4,Onsite,96,68985.0,12,High
EMP3475,Kelly Bender,HR,5.8,3.3,4,6,Remote,82,235791.0,28,High
EMP3564,Hailey Brown,Sales,11.2,7.0,1,7,Onsite,61,207308.0,18,High
EMP4408,Michael Simmons,Support,13.3,8.5,10,7,Remote,95,170832.0,29,Low
EMP4187,Stacy Sutton,Sales,11.4,7.0,4,1,Onsite,72,,30,Low
EMP3608,Cheryl Morales,HR,14.0,7.4,9,12,Remote,56,238926.0,15,Low
EMP4944,Maurice Kerr,Support,4.8,3.4,10,7,Hybrid,52,172285.0,8,High
EMP1707,Edward Mccoy,HR,5.0,6.0,3,12,Hybrid,77,207482.0,17,Medium
EMP5438,Alexander Harrison,Operations,12.6,3.7,6,2,Remote,53,243472.0,29,Low
EMP2093,Mike Pineda,Sales,6.9,3.5,2,4,Onsite,93,156534.0,16,Low
EMP4841,Keith Gregory,HR,9.1,7.7,7,5,Remote,40,36195.0,23,High
EMP2376,Bryan Hill,Operations,,7.3,6,8,Onsite,93,88537.0,21,Low
EMP1157,,Sales,8.8,7.5,6,12,Onsite,48,170849.0,1,High
EMP1072,Walter Montoya,IT,11.3,3.5,7,2,Hybrid,95,146031.0,5,Medium
EMP2922,Peter Ramos,Marketing,12.0,4.5,2,11,Hybrid,73,153738.0,5,Low
EMP4435,Alicia King,Operations,13.1,6.1,10,11,Hybrid,84,76043.0,14,Low
EMP2764,Nicole Young,Sales,11.8,5.2,2,12,Hybrid,44,185917.0,2,High
EMP1743,Jeff Higgins,Finance,5.6,7.2,5,9,Onsite,55,69898.0,2,Medium
EMP2413,,Finance,12.3,6.7,5,12,Remote,55,177128.0,16,High
EMP2005,Jasmin Lynn,Support,4.7,7.6,3,9,Onsite,43,190572.0,22,High
EMP3668,Alex Valdez,Sales,11.7,5.3,7,8,Hybrid,64,225204.0,5,High
EMP2190,Stephanie Rivera,it,5.1,4.9,10,12,Hybrid,43,247772.0,29,Medium
EMP4484,Valerie Rose,HR,6.5,7.8,3,12,Onsite,53,98504.0,25,High
EMP3601,Jennifer Page,Sales,5.7,6.2,6,0,Onsite,50,67463.0,26,Medium
EMP2125,Joshua White,IT,4.5,5.3,4,3,Remote,63,87531.0,6,Medium
EMP2241,Joe Scott,HR,4.1,5.9,5,7,Onsite,45,224465.0,13,Low
EMP5657,Seth Garcia,Support,12.9,6.1,10,3,Onsite,98,174088.0,3,High
EMP5283,Jesus Mitchell,IT,9.5,6.4,6,6,Onsite,67,115379.0,29,Low
EMP5379,Joanna Harrell,HR,11.5,5.8,1,4,Hybrid,75,,23,Medium
EMP1998,Misty Dixon,Operations,4.5,3.6,2,3,Hybrid,98,119801.0,5,High
EMP4656,Jeffrey Lloyd,Marketing,7.7,6.0,3,4,Remote,91,75167.0,17,Low
EMP3684,Ashley Hurst,Marketing,4.5,4.3,6,11,Remote,64,224169.0,21,High
EMP2577,Carol Patterson,IT,5.0,7.6,5,3,Onsite,69,93379.0,1,High
EMP5966,,HR,14.7,8.6,8,7,Hybrid,90,146576.0,14,Medium
EMP2826,Michael Cobb,Support,8.3,3.9,4,10,Remote,60,101637.0,22,Medium
EMP4551,Laura Smith,HR,7.5,3.6,7,3,Remote,89,38820.0,19,Medium
EMP3029,Joseph English,Marketing,14.1,6.7,4,5,REMOTE,93,179899.0,7,Medium
EMP4811,Felicia Estrada,Operations,7.5,7.4,2,5,Onsite,50,131365.0,21,Medium
EMP1440,Nancy Schroeder,Marketing,14.7,5.8,2,4,Onsite,90,129193.0,15,Medium
EMP5256,Samuel Murillo,Sales,12.0,7.1,2,5,Remote,71,199506.0,22,Medium
EMP2100,Jessica Young,Support,6.3,5.7,9,0,Remote,63,61424.0,18,Medium
EMP3637,Patrick Miller,Operations,9.7,6.9,9,5,Remote,46,75995.0,6,Low
EMP4299,Rebecca Boyd,Operations,14.2,3.0,7,4,Hybrid,47,192655.0,22,Medium
EMP1649,Christopher Cantu,Finance,8.8,4.8,8,3,Hybrid,76,73923.0,17,High
EMP2546,Adam Berger,Support,10.2,4.4,1,3,Hybrid,57,99498.0,26,High
EMP4815,Nathan Combs,HR,4.1,,2,4,Remote,61,141767.0,19,Low
EMP4839,Natasha Wells,IT,10.8,7.1,8,12,Hybrid,70,233994.0,29,Low
EMP4413,Franklin Fleming,Support,5.6,6.1,5,6,Onsite,74,112312.0,8,Low
EMP4437,Matthew Watson,Sales,13.8,6.2,10,0,Remote,69,101397.0,18,Medium
EMP5037,Nicole Moore,Finance,7.9,7.0,5,5,Onsite,63,109893.0,25,Medium
EMP1630,William Evans,it,4.1,6.1,3,5,Onsite,58,147997.0,17,Medium
EMP1672,Daniel Gaines,IT,12.2,8.1,1,10,Hybrid,89,190725.0,12,High
EMP2249,Tamara Bowman,Operations,14.4,5.2,5,1,Onsite,46,,0,Low
EMP1482,Bryan Rivas,Sales,10.9,4.5,6,4,Onsite,48,51924.0,12,Medium
EMP2584,Amy Cooper,HR,14.1,8.3,9,3,Remote,100,173894.0,24,High
EMP4316,Hannah Marshall,IT,6.0,7.5,5,2,Remote,53,104031.0,16,Medium
EMP5795,Elizabeth Mendoza,Support,6.1,8.7,8,2,Hybrid,46,58713.0,3,High
EMP5534,Joshua Valdez,Sales,13.0,7.5,2,7,Hybrid,81,245349.0,27,Medium
EMP2462,John Collier,Marketing,7.1,6.7,8,0,Remote,95,125293.0,12,Low
EMP4040,Edwin Garcia,Sales,12.9,8.1,5,4,Onsite,94,142585.0,9,Low
EMP5165,Amanda Rodriguez,Support,8.3,6.4,4,1,Hybrid,68,64742.0,7,High
EMP4907,Michael Wright,Sales,6.2,3.4,2,1,Onsite,100,249884.0,27,Low
EMP3104,Luis Green,Marketing,5.0,4.6,9,2,Hybrid,92,71742.0,1,Low
EMP3578,Kenneth Burton,Marketing,14.1,6.7,9,9,Hybrid,88,112922.0,19,Medium
EMP1228,,IT,11.0,,3,6,Onsite,72,39526.0,26,Low
EMP1049,Eddie Martin,Sales,,4.7,2,12,Hybrid,57,117050.0,20,High
EMP5447,Jose Santiago,Operations,13.7,6.5,9,11,Hybrid,good,96013.0,26,High
EMP4800,Marcia Wood,HR,10.1,6.8,8,8,Remote,65,32186.0,21,Low
EMP1858,Robert Solis,Sales,11.4,3.5,9,6,Onsite,52,153572.0,10,High
EMP2072,Bryce Fields,Operations,7.4,5.1,6,0,Remote,73,178731.0,21,Low
EMP1719,Ryan Fitzgerald,Support,6.0,5.7,10,5,Hybrid,99,34395.0,2,Medium
EMP4407,Scott Holmes,HR,4.3,3.2,7,5,Onsite,75,174899.0,22,Medium
EMP3631,Mark George,HR,14.1,5.8,3,2,Remote,98,119029.0,18,Medium
EMP2052,Katie Cooper,Finance,10.9,7.9,4,3,Hybrid,71,120158.0,1,High
EMP2660,Charles Matthews,IT,4.1,8.4,9,7,Hybrid,71,67763.0,5,High
EMP2656,Monique Evans,Marketing,9.4,6.4,10,6,Onsite,95,54235.0,23,Low
EMP3425,Adam Williams,HR,11.0,4.3,6,6,Remote,57,38851.0,14,Low
EMP4799,Jorge Marks,Marketing,8.5,9.0,3,5,Onsite,61,234902.0,0,Medium
EMP5384,Alexander Hodges,Support,8.0,4.3,9,6,Hybrid,44,79688.0,26,Low
EMP5902,Sara Leonard,Sales,10.3,5.4,7,3,Hybrid,85,183971.0,25,Medium
EMP4568,Jonathan Santiago,Marketing,4.4,8.7,4,7,Onsite,64,211417.0,12,High
EMP5901,Samantha Phillips,,12.0,7.2,1,2,Onsite,84,91829.0,0,Low
EMP4866,Albert Sims,Sales,5.1,3.3,4,9,Onsite,49,,26,High
EMP5927,James Roman,IT,14.9,3.5,1,0,Remote,98,91668.0,24,Medium
EMP3934,Thomas Jackson,Finance,7.0,8.3,6,10,Onsite,72,230942.0,25,High
EMP5279,Gary Harper,,10.6,6.0,7,4,Onsite,98,227155.0,22,Medium
EMP4353,John Silva,IT,8.7,4.0,10,4,Remote,85,121366.0,26,Medium
EMP3606,Robin Hobbs,Sales,14.3,3.1,7,2,Hybrid,89,150406.0,19,Medium
EMP2385,Christina Richardson,Marketing,6.1,4.1,5,8,Remote,78,154398.0,16,High
EMP5116,Rachael Faulkner,HR,9.9,8.3,9,4,Remote,68,34438.0,10,Low
EMP2399,Teresa Woods,Finance,5.2,4.6,9,7,Onsite,96,163125.0,5,Medium
EMP2195,Monique Walsh,Operations,5.3,5.4,5,11,Hybrid,78,70216.0,20,High
EMP2408,Edward Reynolds,Operations,13.8,8.5,10,4,Hybrid,51,172824.0,13,High
EMP2845,Kenneth Simon,Operations,7.8,7.4,10,12,Onsite,92,137746.0,2,Medium
EMP2798,Jerry Alvarado,Marketing,10.3,8.7,6,4,Remote,98,71013.0,11,High
EMP2475,David Moses,Support,14.5,9.0,5,0,Hybrid,83,246493.0,27,High
EMP4471,Alyssa Clayton,Finance,5.6,6.9,10,0,Remote,57,68743.0,12,Medium
EMP1035,Lisa Johnson,Operations,,7.3,4,4,Hybrid,65,59308.0,21,Medium
EMP5509,Stephen Patterson,Support,10.4,7.6,6,9,Remote,78,30486.0,10,Medium
EMP3345,Dana Perry,Finance,14.0,5.2,5,12,Remote,59,154916.0,4,High
EMP5915,Amanda Shaffer,Sales,10.7,8.4,7,4,Hybrid,51,178783.0,19,Low
EMP3359,Richard Hunt,Operations,9.8,6.5,3,0,Hybrid,58,123654.0,12,High
EMP4006,Heather Fisher,Finance,4.1,7.5,3,4,Remote,50,197393.0,28,Medium
EMP3206,Elizabeth Walters,Operations,14.5,7.2,4,10,Onsite,93,167156.0,13,High
EMP5624,John Reynolds,Marketing,11.2,6.7,7,3,Onsite,90,115833.0,14,Medium
EMP5930,Michael Miller,Sales,11.7,6.3,3,5,Hybrid,42,247944.0,14,Medium
EMP2286,Mary Wilson,Support,8.0,5.8,3,1,Remote,43,116579.0,11,Medium
EMP1349,Marie Morales,HR,14.1,8.6,3,8,Remote,50,153356.0,9,Medium
EMP3137,Joseph Salazar,Marketing,13.4,7.3,2,12,Hybrid,79,224584.0,16,Medium
EMP3691,Luke Reilly,Support,13.0,5.2,5,0,Remote,64,62162.0,25,Low
EMP5046,Susan Miller,HR,14.0,5.3,2,8,Onsite,81,75760.0,21,Low
EMP4372,Sergio Liu,Marketing,4.5,6.9,1,1,Remote,46,111979.0,9,Medium
EMP2681,Rachel Johnson,Support,14.7,7.7,9,2,Remote,91,159611.0,27,High
EMP5394,Christopher Young,Sales,9.0,5.6,4,10,Hybrid,good,39977.0,11,High
EMP2443,Beth Bender,HR,8.3,5.1,3,4,Onsite,44,165095.0,18,High
EMP4501,Kyle Kirby,Operations,10.5,6.0,8,12,Remote,65,37381.0,7,Medium
EMP2671,Daniel Cooley,Operations,10.5,8.7,1,12,Hybrid,82,127252.0,22,Low
EMP4181,,Sales,10.9,5.4,9,9,REMOTE,44,219944.0,1,Medium
EMP2179,Todd Ford,Sales,6.5,3.7,2,1,Remote,45,114191.0,23,High
EMP3798,Alicia Palmer,IT,5.3,3.7,1,0,Hybrid,77,249362.0,27,High
EMP2692,Elizabeth Anderson,Support,14.7,6.0,10,11,Remote,73,56903.0,5,Low
EMP5508,Michelle Hill,Support,8.0,3.8,2,8,Onsite,57,116638.0,14,Medium
EMP1372,Jose Kelly,Sales,12.5,7.5,3,10,Onsite,83,62448.0,2,Low
EMP4055,Sandra Chavez,IT,10.7,5.8,5,0,Hybrid,72,157966.0,28,Medium
EMP4895,James Collins,Marketing,13.4,4.0,9,0,Hybrid,61,43205.0,13,Low
EMP2916,Karen Coleman,Support,7.9,4.5,8,12,Remote,64,222372.0,17,Medium
EMP2357,Mariah Cummings,Finance,13.0,6.7,10,6,Hybrid,67,77355.0,18,High
EMP2825,Gregory Mcfarland,Sales,10.2,8.3,2,5,Hybrid,44,71461.0,4,High
EMP1786,Shannon White,Support,11.5,9.0,6,8,Remote,40,201370.0,0,Low
EMP1469,Paul Ford,Support,7.3,3.9,4,0,Onsite,91,249740.0,25,Medium
EMP1140,Darrell Parker,Sales,14.4,4.8,8,1,Remote,46,86551.0,28,Medium
EMP1788,Scott Olson,Sales,4.3,3.6,10,10,Onsite,97,244010.0,6,Low
EMP1323,Michelle Chen,,5.9,5.3,3,4,Remote,59,95361.0,15,Low
EMP1050,Aaron Shaw,Sales,14.8,6.2,1,1,Hybrid,96,93475.0,5,Low
EMP1714,Dustin Moore,HR,13.4,6.3,1,9,Onsite,96,154359.0,7,High
EMP5654,Amy Yang,Operations,12.1,5.5,9,12,Hybrid,93,47149.0,20,High
EMP3840,Melissa Merritt,HR,7.4,7.5,9,6,Hybrid,40,240953.0,30,Low
EMP3446,Richard Johnston,Finance,10.2,7.4,1,9,Hybrid,42,166778.0,29,Low
EMP5989,Tiffany Fleming,Marketing,6.7,5.5,4,10,Onsite,59,28296.0,23,High
EMP5799,Mark Cardenas,Finance,12.0,5.3,6,3,Remote,83,166154.0,2,Low
EMP5762,John Barry,Operations,14.0,8.4,8,12,Hybrid,59,243221.0,0,Medium
EMP5772,Martha Haynes MD,Marketing,8.1,6.9,8,12,Hybrid,92,199944.0,30,Medium
EMP3666,Michael Perez,Sales,14.1,7.2,6,9,Onsite,66,176926.0,27,Low
EMP1406,Lauren Park,Marketing,4.5,4.8,3,0,Onsite,100,131008.0,27,High
EMP4623,Timothy Jefferson,IT,10.8,4.7,3,11,Onsite,54,206313.0,7,Low
EMP2004,Philip Gray,Marketing,12.5,7.3,9,1,Remote,45,113684.0,10,Medium
EMP4949,Nicholas Anderson,Sales,10.9,5.5,6,5,Remote,86,134835.0,2,Low
EMP1890,Johnny Clark,HR,14.8,5.6,2,12,Remote,70,203030.0,11,High
EMP3411,Jerry Campbell,,8.2,7.4,10,9,Hybrid,65,66761.0,12,Low
EMP3545,Kristin Dawson,Marketing,12.7,6.8,5,8,remote,95,92704.0,24,Low
EMP4707,Sherri Mcmahon,HR,8.0,4.8,10,4,Onsite,81,233087.0,22,Medium
EMP3390,Pamela Smith,Sales,14.6,6.1,5,8,Onsite,87,126186.0,25,High
EMP5698,Kristen Perez,HR,,7.5,8,5,Hybrid,91,120684.0,25,Medium
EMP1042,Amber Fox,Operations,7.7,3.8,5,2,Hybrid,87,140824.0,17,High
EMP3830,Susan Vega,Support,9.5,5.9,5,2,Hybrid,48,86680.0,10,Low
EMP5395,,Operations,10.2,8.9,5,5,Onsite,79,147938.0,3,Medium
EMP4022,Kathleen Mason,Sales,14.4,7.8,10,3,Onsite,46,110818.0,6,High
EMP1303,Eric York,HR,12.4,5.5,4,1,Onsite,85,64591.0,0,Medium
EMP5679,Kimberly Kelley,Support,13.9,5.8,1,3,Hybrid,57,88447.0,28,Medium
EMP5043,Karen Hampton,IT,14.4,7.1,7,1,Hybrid,69,227705.0,19,High
EMP1664,Kyle Cunningham,HR,12.4,5.6,6,9,Hybrid,55,172625.0,17,High
EMP2177,Jonathan Bryant,Operations,12.8,5.0,4,9,Hybrid,89,182464.0,2,Medium
EMP3676,Wayne Cooper,Sales,14.4,5.1,7,11,Remote,77,,25,Medium
EMP2947,Kristen Nguyen,Operations,8.7,7.0,10,12,Hybrid,48,235303.0,24,Low
EMP3501,Kristie Williams,IT,14.2,3.5,9,12,remote,65,119909.0,11,High
EMP2473,Samantha Sims,IT,5.4,6.8,3,9,Onsite,81,37997.0,7,Low
EMP4757,Margaret Perez,Support,12.3,6.7,1,6,Onsite,90,90581.0,25,Low
EMP4795,Brandy Wilson,Support,10.6,3.5,9,5,Remote,55,151456.0,22,Low
EMP3132,Alyssa Burgess,Finance,11.4,5.0,5,10,Remote,80,40079.0,27,Low
EMP2026,Emily Sanchez,HR,5.5,3.8,8,12,Onsite,68,199907.0,14,Medium
EMP3989,Margaret Marquez,,14.8,5.7,7,9,Onsite,51,41648.0,19,Medium
EMP1961,Zachary Stewart,IT,4.3,7.1,2,6,Hybrid,63,179753.0,29,Low
EMP3889,Keith Jordan,Marketing,,4.1,4,6,Onsite,87,244491.0,4,Low
EMP4021,,HR,14.1,5.6,5,1,Remote,55,91796.0,16,High
EMP4015,Karen Mckee,Support,8.5,6.5,3,5,Hybrid,77,106372.0,18,High
EMP4382,Leslie Vasquez,Operations,10.3,8.0,7,7,Onsite,62,176818.0,23,Low
EMP3009,Carlos Nash,Support,5.7,3.3,8,2,Hybrid,42,59991.0,9,High
EMP3149,Jeremy Young,IT,12.2,5.6,1,0,Onsite,100,75577.0,27,Low
EMP4583,Nathan Sandoval,Support,10.4,5.7,7,11,Onsite,46,144950.0,22,Low
EMP3338,Donald Carter,Finance,10.0,3.8,9,9,Onsite,90,229122.0,7,Medium
EMP1735,Mrs. Tamara Duran,Support,13.1,4.8,9,4,Remote,51,54420.0,11,Low
EMP1304,Joseph Mullen,IT,,6.7,10,7,Onsite,82,152888.0,0,High
EMP2440,Paul Simmons,Sales,9.5,8.0,10,7,Onsite,72,117302.0,11,Low
EMP2496,Denise Walker,Marketing,5.9,7.3,5,12,Hybrid,46,85886.0,9,Low
EMP3652,Sally Bullock,HR,11.6,4.0,1,0,Onsite,40,116182.0,29,Low
EMP3875,Lisa Jackson,HR,9.8,6.8,4,7,Remote,82,214441.0,1,Medium
EMP1916,Jeremy Wright,Support,10.9,6.1,3,9,Onsite,71,80824.0,21,Medium
EMP5336,Antonio Hayes,Support,7.4,5.3,2,7,Remote,51,53311.0,11,Medium
EMP5015,Holly Briggs,Operations,14.8,8.1,5,12,Onsite,57,106954.0,14,High
EMP5793,Jasmine Romero,Operations,10.2,8.0,1,1,Hybrid,92,fifty thousand,4,Low
EMP5575,Danielle Barber,,8.4,7.6,4,12,Hybrid,99,176836.0,20,Low
EMP3772,Roger Gardner,Marketing,10.3,4.2,9,9,Hybrid,41,27615.0,10,High
EMP2624,Kyle Brown,Support,14.2,4.1,5,0,Hybrid,74,,10,High
EMP5118,Patricia Robinson,Marketing,12.3,4.0,3,0,Onsite,53,138401.0,30,Medium
EMP1821,Austin Kelly,HR,4.8,4.4,8,9,Onsite,77,110451.0,13,High
EMP4559,Amanda Zhang,Finance,12.9,3.4,4,2,Hybrid,86,86522.0,13,Low
EMP2354,Brett Malone,HR,10.1,4.8,8,6,Hybrid,72,129842.0,29,Low
EMP5663,Alexander Landry,Marketing,9.0,8.6,9,11,Hybrid,77,202610.0,13,High
EMP1850,Ray Swanson,Sales,14.0,7.8,3,3,Remote,47,35787.0,10,Medium
EMP2000,Jason Garcia,Support,13.3,5.6,7,12,Hybrid,89,26726.0,7,Medium
EMP4752,,Operations,5.6,6.6,1,7,Remote,66,,15,High
EMP1018,Heidi Wells,HR,9.4,3.7,6,12,Onsite,59,87770.0,1,Low
EMP2637,Katherine Wagner,Marketing,11.9,5.2,6,2,Remote,98,88718.0,25,Medium
EMP2667,Kimberly Richardson,Support,12.4,3.0,7,0,Remote,66,117697.0,20,Medium
EMP1493,Cassandra Carpenter,IT,11.4,8.4,10,10,Onsite,71,64097.0,30,Low
EMP4173,Brittany Christensen,Marketing,7.3,8.4,1,3,Hybrid,85,107885.0,1,Medium
EMP2347,James Huff,Finance,5.6,4.6,3,1,Remote,44,154563.0,27,Medium
EMP4018,Megan Curry,Sales,10.4,4.1,6,6,Onsite,79,179667.0,29,Low
EMP5022,James Holland,HR,14.8,6.3,7,7,Hybrid,73,106115.0,26,High
EMP4513,Dustin Lee,Support,7.5,4.1,8,0,Remote,73,122337.0,2,High
EMP4899,Christina Valenzuela,HR,7.3,3.1,3,12,Hybrid,56,206948.0,17,High
EMP4755,Carl Wood,Marketing,13.7,7.0,7,4,Hybrid,81,111116.0,25,High
EMP1687,Karen Hoffman,IT,14.8,6.1,2,5,Remote,71,181527.0,17,Low
EMP5365,Justin Hicks,Marketing,8.0,6.5,8,9,Remote,56,81977.0,14,High
EMP2608,Veronica Freeman,IT,4.2,8.7,5,11,Hybrid,81,219690.0,28,Low
EMP5242,Scott Snyder,Marketing,15.0,5.8,5,12,Remote,88,35281.0,23,Medium
EMP5800,Mark Davis,Finance,4.6,6.0,6,9,Remote,88,163163.0,26,High
EMP2009,Lee Knight,HR,4.9,6.2,7,11,Onsite,86,219000.0,28,High
EMP3408,Alexandra Campbell,Sales,11.8,7.2,4,4,Hybrid,40,236750.0,14,Low
EMP2092,Lauren Solis,HR,9.1,5.5,8,5,Hybrid,57,125236.0,0,Low
EMP2327,Kelly Stokes,Marketing,8.9,8.8,2,0,Onsite,53,220482.0,6,High
EMP5828,Maria Perez,HR,12.2,7.4,6,1,Hybrid,69,106948.0,15,Low
EMP2677,Brittany Schmidt,Finance,7.5,4.4,6,5,Hybrid,52,202646.0,22,High
EMP2999,Jessica Garcia,HR,10.1,8.3,6,10,Onsite,82,110598.0,16,High
EMP2310,Samuel Herrera,Marketing,4.8,7.3,8,4,Onsite,70,92115.0,24,Low
EMP5429,Jessica Martinez,IT,13.3,5.2,1,6,Hybrid,57,35703.0,15,High
EMP5198,Diana Davis,HR,6.5,3.0,2,1,Remote,78,133439.0,20,Medium
EMP4516,Kimberly Smith,Sales,ten,5.7,2,11,Hybrid,88,202138.0,16,Low
EMP2987,Jeffrey Stewart,HR,8.1,4.2,3,6,Onsite,43,89321.0,30,Low
EMP4936,Terri Palmer,,8.0,6.4,2,7,Hybrid,95,85029.0,26,High
EMP1344,Zachary Welch,IT,5.1,8.2,3,5,Hybrid,60,76661.0,14,High
EMP5340,Kendra Velez,Operations,4.9,3.9,10,4,Remote,98,92670.0,28,High
EMP1986,Jason Gray,,14.0,8.2,4,11,Onsite,43,163492.0,0,Medium
EMP1587,Kimberly Lane,Operations,12.1,8.1,2,11,Remote,54,142072.0,25,Low
EMP3791,Jessica Meyers,Sales,8.4,7.4,9,12,Onsite,97,77848.0,12,High
EMP5470,Amy West,,6.2,7.8,8,11,Onsite,95,225353.0,13,Low
EMP5909,George Graham,Finance,10.1,4.1,4,3,Hybrid,63,145421.0,1,Medium
EMP5944,Catherine Adkins,Sales,4.3,7.7,5,5,Hybrid,77,101911.0,1,High
EMP5196,Kevin Branch,Finance,9.0,8.9,1,3,Onsite,58,234530.0,21,High
EMP4268,Elizabeth Johnson,Marketing,13.8,3.2,9,8,Remote,93,134374.0,27,Medium
EMP2142,Bradley Barnes,HR,9.6,5.6,8,4,Hybrid,50,214182.0,6,Low
EMP3358,Cindy Shah,Finance,8.2,3.0,1,9,Remote,81,195741.0,18,Medium
EMP2198,Richard Sloan,IT,6.5,6.5,10,7,Onsite,57,206856.0,23,Low
EMP1085,Candice Washington,IT,12.8,5.0,10,11,Onsite,96,97422.0,17,Low
EMP2518,Justin Chang,Finance,14.0,4.6,4,5,Hybrid,80,239571.0,1,Medium
EMP1516,Keith Baker,Sales,4.0,7.4,9,6,Remote,93,178385.0,15,High
EMP2381,Christopher Dillon,IT,14.5,6.5,2,2,Remote,69,53094.0,23,Low
EMP3716,Vanessa Banks,Sales,10.3,8.3,7,4,Onsite,97,114510.0,1,High
EMP4614,Dennis Bradley,Operations,14.1,8.2,3,6,Onsite,67,33360.0,20,Low
EMP2014,John Case,Sales,12.9,8.9,10,11,Onsite,97,189559.0,21,Low
EMP1128,Rachel Vasquez,Finance,8.9,5.1,10,4,Hybrid,80,136230.0,22,Medium
EMP2364,Jeremy Martinez,IT,6.2,7.8,8,0,Hybrid,57,135424.0,3,Low
EMP4909,Alan Jimenez,Sales,5.3,8.2,1,4,Hybrid,59,143079.0,1,Medium
EMP5187,Nicholas Oliver,Sales,8.8,6.1,7,6,Hybrid,97,234600.0,8,High
EMP4371,Morgan Hansen,Sales,13.5,3.9,10,5,REMOTE,88,49531.0,29,Medium
EMP1891,Lauren Bradley,IT,9.4,3.6,8,8,Remote,82,202345.0,2,Medium
EMP3793,Jeffrey Johnson,Sales,8.9,8.7,9,2,Hybrid,47,83720.0,18,Medium
EMP5543,Jennifer Riley,Support,5.2,7.0,3,6,Onsite,41,224252.0,4,High
EMP2359,Kimberly Bennett,Finance,14.5,6.2,7,0,Hybrid,47,72160.0,25,Low
EMP1307,Rebecca Diaz,Finance,10.8,4.5,6,4,Hybrid,90,129044.0,2,Medium
EMP2661,Jordan Pennington,Support,7.4,8.6,8,5,Remote,80,205082.0,17,Low
EMP3431,Scott Hamilton,Finance,4.9,4.1,2,11,Remote,96,36434.0,23,Medium
EMP5169,Sharon Ibarra,,,8.9,5,12,Remote,56,180302.0,11,Medium
EMP2317,Kevin Jackson,Finance,7.8,6.6,4,11,Hybrid,87,149838.0,3,Low
EMP5461,Michelle Smith,Support,,6.7,1,7,Hybrid,43,211304.0,9,Medium
EMP4249,Michael Walton,Support,5.6,6.4,10,10,Onsite,55,186457.0,19,High
EMP3474,Jessica Decker,Sales,9.0,8.1,3,1,Hybrid,50,180561.0,23,Medium
EMP3542,Hannah Moore,Sales,4.5,4.1,10,7,Remote,90,56665.0,24,Low
EMP3586,,Finance,5.4,7.1,2,7,Hybrid,88,36364.0,15,High
EMP2246,Leonard Dixon,Finance,,5.6,1,8,Remote,67,193787.0,1,Medium
EMP4937,Emily Davidson,Marketing,5.4,8.3,2,6,Onsite,48,113867.0,0,High
EMP2208,Troy Fry,Marketing,10.6,4.3,6,4,Remote,48,216130.0,19,High
EMP1216,Christopher Johnson,IT,11.4,5.4,9,12,Remote,87,203103.0,5,High
EMP5450,Paul Montoya,Operations,13.5,3.6,6,2,Hybrid,good,119984.0,11,High
EMP4303,Sydney Rhodes,Sales,7.2,6.3,8,4,Remote,86,189838.0,4,Low
EMP2239,Lauren Miller,IT,14.2,8.1,7,2,Remote,47,53279.0,25,Low
EMP3289,Robert Sharp,HR,8.0,4.0,4,8,Onsite,71,97857.0,1,High
EMP3740,Lynn Evans,Support,6.7,6.7,1,10,Hybrid,61,167751.0,10,Low
EMP1275,Christopher Noble,HR,5.2,8.0,9,3,Hybrid,76,165682.0,4,High
EMP1489,Nathan Lucero,Sales,11.6,6.8,5,6,Hybrid,82,51471.0,21,High
EMP2035,Harry Parker,Marketing,4.6,8.8,3,0,Remote,85,40335.0,9,Medium
EMP2229,Tracy Williams,HR,13.4,8.1,5,4,Remote,70,101951.0,8,High
EMP5751,Tiffany Tran,IT,12.5,3.7,6,6,Remote,97,151816.0,5,Low
EMP2008,Andrea Daniel,Support,12.7,6.9,6,12,Remote,90,195067.0,12,Medium
EMP5879,Amber Velez,IT,8.0,4.2,10,8,Onsite,57,229290.0,2,Medium
EMP5441,Paul Morrison,IT,,3.7,6,4,Remote,91,233365.0,26,High
EMP5223,Christopher Moore,Support,8.0,4.8,5,7,Onsite,53,216802.0,26,High
EMP3532,Kirsten Moon,Support,9.7,8.9,1,0,Onsite,98,64841.0,15,Low
EMP5323,Sheri Freeman,Operations,6.9,5.4,10,8,Onsite,54,204373.0,19,Medium
EMP2058,Kelsey Tran,IT,9.7,6.0,9,12,Hybrid,42,214063.0,7,Medium
EMP3166,Paula Parrish,Operations,11.0,5.7,7,0,Remote,81,140864.0,5,Medium
EMP5251,Chad Garcia,Support,6.6,7.6,2,10,Onsite,80,165877.0,28,Low
EMP5047,Paul Black,Marketing,10.5,6.8,2,11,Onsite,78,66301.0,18,High
EMP1281,Craig Martin,HR,4.9,8.8,9,2,Onsite,81,116165.0,3,Medium
EMP5831,Christopher Barnes,Finance,4.5,8.6,4,11,Remote,54,142362.0,23,Low
EMP2316,Kenneth Mcfarland,Finance,4.9,7.4,7,12,Remote,67,77290.0,12,Medium
EMP3847,Terry Howell,HR,13.5,8.5,2,1,Hybrid,53,139700.0,10,High
EMP1968,Brian Brennan,Support,8.9,5.3,5,9,Hybrid,78,135905.0,2,Medium
EMP5866,,it,8.1,3.4,5,11,Remote,71,104808.0,13,Low
EMP2939,Larry Jenkins,Marketing,11.1,7.5,3,3,Remote,78,161644.0,9,Medium
EMP4752,,Operations,5.6,6.6,1,7,Remote,66,,15,High
EMP4794,Benjamin Smith,,8.4,5.1,3,3,Hybrid,61,139726.0,17,Low
EMP1619,Nicholas Hall,Finance,8.2,4.7,3,2,Hybrid,80,236738.0,29,High
EMP4492,Calvin Romero DDS,Marketing,4.2,3.9,10,1,Onsite,100,201461.0,29,Low
EMP2742,James Davis,Sales,14.9,4.6,3,3,Onsite,75,227062.0,27,Medium
EMP2390,Nicholas Morton,HR,12.1,8.1,4,2,Remote,60,203636.0,2,Medium
EMP5226,Amanda Brown,IT,11.0,5.0,3,5,Onsite,99,49853.0,5,High
EMP2847,Gerald Reid,Marketing,10.7,8.8,10,4,Hybrid,86,245128.0,10,High
EMP2579,Diane Ramos,Marketing,13.9,4.9,2,10,Hybrid,62,27070.0,5,Medium
EMP2655,Holly Carlson,Sales,6.2,3.7,2,7,Remote,52,51181.0,17,High
EMP3352,Sarah Gonzales,Support,10.8,5.6,9,6,Remote,76,106880.0,22,Medium
EMP3212,Matthew James,Support,14.7,6.0,9,7,Onsite,64,167075.0,4,High
EMP4275,Lauren Briggs,Support,7.3,5.8,1,2,REMOTE,99,161512.0,17,Low
EMP3020,Joyce Hodge,IT,11.2,5.2,7,3,Hybrid,62,42316.0,1,Medium
EMP4907,Michael Wright,Sales,6.2,3.4,2,1,Onsite,100,249884.0,27,Low
EMP2956,Caitlyn Jacobs,Sales,6.3,8.3,10,0,Onsite,40,54211.0,10,Medium
EMP5870,Jacob Bean,Finance,13.2,4.0,7,10,Onsite,83,28307.0,0,High
EMP4192,Pamela Le,Sales,8.3,7.4,6,11,Hybrid,80,175025.0,11,High
EMP2307,Robin Howard,it,12.5,5.3,4,9,Onsite,78,44660.0,30,High
EMP3003,Christopher Morgan,Marketing,14.0,8.6,9,8,REMOTE,63,133172.0,23,High
EMP5621,Tracy Weaver,HR,12.0,7.1,10,2,Hybrid,83,46200.0,20,Low
EMP1575,Brandon Robinson,Sales,8.9,9.0,8,2,Remote,54,242674.0,13,High
EMP3360,Sharon Thornton,Support,13.5,6.7,7,7,Hybrid,66,38107.0,10,Medium
EMP5357,Melissa Hanna,Finance,6.4,6.8,2,0,Hybrid,91,126630.0,2,Medium
EMP5602,Kevin Thomas,Marketing,8.2,8.3,6,9,Hybrid,100,51681.0,29,Medium
EMP2706,Michael Gaines,HR,11.9,5.9,10,3,Remote,48,82491.0,16,Low
EMP5038,Darryl Phillips,Marketing,4.6,8.8,4,11,Hybrid,61,137382.0,0,Medium
EMP5066,,Sales,10.6,8.9,9,10,Hybrid,56,170795.0,0,Low
EMP2280,Melanie Taylor,Operations,11.3,8.6,2,12,Remote,40,63965.0,24,Medium
EMP1861,Juan Osborne,Marketing,12.2,5.5,8,4,Onsite,50,236202.0,23,Medium
EMP5299,Danny Mason,Finance,6.0,4.8,6,7,remote,46,167076.0,2,Low
EMP2801,Susan Ross,Marketing,5.8,6.3,6,0,Onsite,47,204506.0,2,High
EMP2628,Heather Maldonado,,4.2,6.6,7,8,Hybrid,72,75602.0,27,Medium
EMP2993,Kerry Grant,IT,8.8,6.1,9,11,Remote,87,173465.0,16,Medium
EMP3639,Dan Barton,Support,13.4,3.4,2,2,Remote,94,64803.0,3,Low
EMP1269,Michelle Mooney,Finance,14.3,3.0,7,3,Hybrid,68,222592.0,8,High
EMP1629,Amy Wood MD,,9.3,4.4,2,7,Remote,59,120887.0,13,Medium
EMP4081,Dale Doyle,IT,14.7,5.5,7,2,Hybrid,59,167019.0,13,Low
EMP3334,Carrie Solis,Marketing,11.4,5.4,5,10,Onsite,42,183530.0,29,High
EMP3966,Martin Matthews,Finance,12.1,4.8,8,8,Remote,98,161983.0,8,Medium
EMP1300,Molly Williams,Operations,10.1,8.7,6,4,Onsite,88,240375.0,15,High
EMP1459,Nathan Jensen II,Support,6.7,5.7,6,11,Hybrid,52,96821.0,11,High
EMP2447,Cindy Thomas,Operations,13.2,7.8,6,1,Onsite,100,134114.0,19,Low
EMP2472,Madeline Gardner,Finance,10.1,8.7,8,2,Hybrid,56,225796.0,25,Medium
EMP3046,Dominique Spencer,IT,,3.3,8,3,Onsite,40,174668.0,11,Medium
EMP5383,Julie Smith,Marketing,7.7,6.0,8,6,Hybrid,69,137111.0,16,Medium
EMP5063,Adrian Miller,Marketing,7.4,5.8,10,5,Onsite,80,41804.0,4,High
EMP5315,,Sales,12.7,4.3,5,10,Onsite,61,182295.0,13,High
EMP3113,Manuel Nelson,IT,12.7,4.9,8,0,Remote,72,138951.0,14,High
EMP1027,Alyssa Williams,HR,6.1,6.2,3,6,Remote,51,98018.0,14,Medium
EMP3040,Michael Howell,IT,5.3,7.0,5,12,Hybrid,45,118391.0,25,Low
EMP5688,Mikayla Griffin,Finance,8.5,7.2,9,4,Remote,94,241801.0,10,Medium
EMP4835,Martha Carroll,HR,6.7,8.7,2,12,Hybrid,69,73325.0,26,Medium
EMP1837,Tonya Gordon,Finance,8.0,3.3,7,5,Hybrid,69,187302.0,1,Low
EMP1129,Robert Munoz,Finance,6.2,5.3,8,1,Onsite,55,124972.0,18,Medium
EMP4632,Paul Graves,HR,4.8,7.0,1,2,Hybrid,62,159772.0,11,Medium
EMP3008,Cynthia Martinez,IT,4.9,7.8,1,2,Onsite,74,137339.0,15,High
EMP1763,,Finance,11.3,5.8,4,8,Hybrid,64,246073.0,29,Low
EMP1503,Morgan Harris,Sales,12.0,4.3,6,8,Remote,73,,22,Medium
EMP4459,Jeremy Parsons,IT,6.6,3.2,8,7,Onsite,63,162501.0,15,High
EMP5462,Zachary Rodgers,Marketing,10.6,4.7,5,9,Hybrid,84,218255.0,13,High
EMP1380,Mr. David Stevens,Support,10.5,3.1,4,0,Hybrid,99,40851.0,30,High
EMP2851,Robert King,Support,12.7,5.3,3,6,Onsite,63,28656.0,13,Low
EMP2525,Carol Elliott,Operations,12.2,7.9,7,10,Hybrid,65,59391.0,26,Low
EMP3365,Ashley Murphy,IT,4.6,5.4,6,9,Remote,78,115970.0,7,High
EMP4485,Allen Whitaker,Finance,9.8,3.2,9,5,Onsite,94,48711.0,21,Low
EMP4052,Penny Martinez,IT,8.4,8.7,1,10,Remote,68,,17,Medium
EMP3884,Suzanne Aguirre,Finance,5.9,7.2,6,12,Remote,55,93080.0,0,High
EMP3340,Monique Smith,Marketing,5.7,8.9,9,7,Remote,78,175929.0,2,High
EMP1374,Lee Herring,Sales,11.6,8.2,2,1,Onsite,48,222249.0,3,Medium
EMP4518,Tiffany Jackson,IT,10.0,8.6,6,5,Remote,71,79387.0,14,High
EMP3381,Bobby Griffith,HR,5.8,4.0,4,8,Remote,74,124485.0,21,Medium
EMP5467,Jennifer Morales,IT,11.6,4.2,2,7,Remote,good,191977.0,26,Medium
EMP1939,Jack Todd,Marketing,12.4,8.1,7,12,Onsite,100,108728.0,14,Low
EMP5967,Tracy Vazquez,Sales,12.4,5.7,5,5,Remote,62,103327.0,10,Low
EMP5124,Matthew Parrish,IT,,3.8,8,7,Remote,81,212128.0,24,Medium
EMP5319,Cindy Murphy,Operations,12.5,8.6,9,12,Hybrid,40,91367.0,8,Low
EMP3799,Angela Scott,Marketing,12.3,6.8,4,2,Onsite,83,154622.0,6,High
EMP3147,Angel Freeman,Support,5.4,6.2,1,5,Hybrid,80,30571.0,24,Low
EMP5293,David Reed,Finance,12.2,3.5,2,2,Remote,51,55354.0,25,Low
EMP5706,Latasha Wilson,HR,6.8,4.6,3,7,Onsite,75,175262.0,11,Low
EMP5371,Christopher Robinson,Operations,5.5,8.1,9,2,Onsite,47,72444.0,25,High
EMP3068,Brandon Moreno,Operations,5.6,7.3,2,5,Onsite,60,132774.0,12,High
EMP1529,Cameron Barnett,Operations,13.6,8.2,8,3,Onsite,98,191143.0,22,Medium
EMP4308,Tamara Jones,Sales,10.5,4.8,1,8,Onsite,88,97943.0,5,Low
EMP5122,Kirk Parsons,HR,14.7,8.7,1,6,Remote,51,199545.0,17,Medium
EMP1636,Charles Lewis,Finance,7.5,3.9,9,0,Remote,51,51810.0,9,High
EMP2269,Emily Stark,Operations,11.6,4.1,3,1,Hybrid,67,89291.0,14,Low
EMP1185,Aaron Mckee,Sales,5.0,7.1,5,4,Remote,86,248232.0,21,Medium
EMP2394,John Hamilton,Finance,5.8,3.9,2,1,Hybrid,59,235735.0,23,Medium
EMP4429,Benjamin Lopez,HR,7.2,3.8,9,9,Onsite,47,,9,Medium
EMP4725,Brian Garcia,Marketing,11.2,3.2,2,7,Hybrid,87,34244.0,30,High
EMP2797,Taylor Herring MD,Operations,8.9,7.6,9,12,Hybrid,52,226470.0,6,Low
EMP3979,Cheryl Nelson,Operations,11.6,8.2,9,12,Hybrid,70,129806.0,0,High
EMP2441,Jessica Galloway MD,Support,12.8,,7,1,Onsite,good,45484.0,4,Medium
EMP4697,Michelle Lee,IT,8.9,6.8,3,12,Remote,72,120533.0,23,Low
EMP3451,,Marketing,14.3,7.1,1,1,Hybrid,82,60450.0,5,High
EMP2535,Virginia Mcbride MD,Support,7.7,3.9,6,11,Remote,76,181953.0,13,Medium
EMP4714,Jennifer Villegas,Finance,6.8,4.3,5,10,Remote,86,191167.0,15,Medium
EMP4188,Michele Norton,Operations,11.8,3.8,2,5,Onsite,75,121544.0,29,Medium
EMP2273,Bonnie Baker,Finance,4.9,3.8,10,7,Hybrid,92,67767.0,9,Low
EMP3467,Justin Morris MD,Marketing,7.6,4.3,6,0,Hybrid,44,154297.0,6,Medium
EMP1607,Karen Munoz,Sales,6.4,6.5,1,8,Remote,91,135933.0,15,High
EMP4657,Johnathan Reyes,IT,10.7,,6,2,Hybrid,97,213014.0,25,High
EMP2712,Erin Becker,Sales,,4.1,10,6,Hybrid,68,81318.0,14,High
EMP3199,Jose Reed,Support,,7.2,7,7,Remote,55,131190.0,16,Low
EMP1955,Alexander Woods,Support,8.8,4.0,8,12,Onsite,100,64653.0,17,High
EMP3579,Jennifer Young,Finance,8.6,5.6,5,5,Onsite,88,,27,Low
EMP5153,,IT,15.0,5.6,5,10,Onsite,93,233220.0,25,Medium
EMP5590,Christopher George,Support,4.7,6.1,10,5,Remote,67,91346.0,21,High
EMP4648,Hannah Wiggins,Operations,4.9,6.7,2,0,Onsite,66,52431.0,29,Medium
EMP4975,Mary Warner,IT,11.9,8.9,5,8,Hybrid,62,64150.0,5,Low
EMP1403,Bryan Mora,Support,5.8,5.8,7,1,Remote,74,118922.0,30,Medium
EMP3071,Derrick Oneill,HR,4.7,,1,11,Hybrid,69,162437.0,9,Low
EMP1705,,Finance,8.3,7.6,1,3,Hybrid,58,140226.0,12,Medium
EMP2977,Dana Gonzalez,IT,13.4,7.6,9,0,Hybrid,good,157254.0,28,Low
EMP1158,Daniel Nielsen,,7.6,3.7,6,10,Onsite,100,221682.0,13,Low
EMP2748,Julie Ponce,Support,11.7,4.2,2,11,Hybrid,78,198851.0,12,Low
EMP3909,Albert Griffin,Support,6.0,3.5,6,12,Remote,92,103457.0,28,High
EMP4809,Christopher Shaffer,Sales,13.8,5.2,6,4,Hybrid,44,129424.0,8,High
EMP1902,Sharon Morales,Operations,,4.9,7,7,Hybrid,88,53673.0,18,High
EMP1352,Courtney Knight,Sales,10.2,7.8,4,4,Hybrid,42,97051.0,7,Low
EMP2230,Harry Ingram,IT,10.9,5.4,5,10,Hybrid,72,241459.0,28,High
EMP5841,Patricia Nunez,Marketing,7.2,6.0,8,10,Onsite,79,31303.0,1,Low
EMP3140,Monica Ortiz,Finance,10.0,8.0,9,0,Hybrid,55,205459.0,12,High
EMP1444,Alicia Cabrera,HR,13.0,5.5,9,10,REMOTE,95,149472.0,18,Medium
EMP5771,Whitney Carter,Operations,8.6,6.5,4,9,Onsite,45,50881.0,12,Medium
EMP1754,Mark Collins,Support,11.6,4.0,2,11,Hybrid,99,211622.0,18,Low
EMP2737,Katie Lara,Operations,10.4,7.3,10,6,Remote,92,128217.0,22,Medium
EMP3971,David Mcclure,IT,5.8,8.1,1,12,Onsite,73,105757.0,10,Medium
EMP4664,Amy Kim,Marketing,9.7,6.0,9,8,Hybrid,68,215842.0,28,Medium
EMP3920,Mary Ellison,Marketing,8.2,6.6,5,10,Hybrid,45,173467.0,6,High
EMP1311,Michael Frazier,IT,14.1,4.4,10,7,Onsite,57,37205.0,29,Medium
EMP4423,Margaret Franco,Marketing,4.6,7.4,1,4,Hybrid,85,82835.0,20,Medium
EMP1548,Cathy Stephens,Finance,9.9,,7,12,Onsite,91,247682.0,17,Low
EMP1661,Amanda Martin,Operations,10.1,6.3,2,12,Hybrid,80,176142.0,11,High
EMP5937,Courtney Dominguez,Marketing,13.0,6.8,4,6,Hybrid,68,138914.0,0,High
EMP2989,Christopher Gray,IT,7.2,7.9,9,7,Hybrid,42,247081.0,15,Medium
EMP1306,Taylor Mora,HR,8.7,8.6,3,1,Remote,98,50248.0,16,Low
EMP3335,Rachel Rowe,Sales,7.1,6.7,7,8,Hybrid,55,213836.0,8,Low
EMP1694,Michelle Mcgee,Operations,11.8,6.1,3,6,Onsite,98,226863.0,4,Low
EMP3356,William Ford,Finance,,6.6,9,12,Remote,65,79300.0,13,Medium
EMP2927,Jennifer Smith,Marketing,4.2,6.2,6,10,Remote,74,52873.0,13,Medium
EMP1684,Clinton Roberts,IT,11.6,7.0,7,9,Hybrid,97,198939.0,16,Low
EMP4427,Juan Kent,HR,6.4,9.0,2,0,Onsite,62,203488.0,17,High
EMP1749,Mrs. Lauren Huang,Marketing,7.6,8.2,6,7,Remote,71,32933.0,2,Medium
EMP4764,Scott Bartlett,Sales,4.1,8.2,10,3,Remote,52,227559.0,11,High
EMP4504,Lydia Oliver,IT,4.8,4.5,9,10,Remote,48,142022.0,5,Medium
EMP2266,Christine Warren,Operations,7.6,4.2,7,2,Hybrid,68,85744.0,23,Medium
EMP4544,Robert Johnson,Sales,11.4,6.6,5,5,Remote,73,228561.0,10,Medium
EMP4804,Angela Gilbert,Finance,6.2,7.8,2,4,Onsite,91,66289.0,25,Medium
EMP5588,Sharon Brown,Finance,14.9,5.1,7,3,Onsite,61,59986.0,2,High
EMP3134,Dawn White,Operations,5.3,7.4,3,12,Onsite,46,48608.0,3,Medium
EMP4083,Patricia Whitehead,HR,12.8,3.4,9,5,Onsite,41,43613.0,11,Low
EMP4061,William Myers,Sales,12.8,7.0,3,2,Hybrid,41,107192.0,7,High
EMP4025,Matthew Pratt,Sales,14.5,4.8,4,0,Remote,95,99512.0,23,Low
EMP1970,John Schaefer,IT,11.1,7.3,8,8,Hybrid,80,194666.0,16,Medium
EMP1013,Amanda Mitchell,Sales,5.7,4.0,7,9,Hybrid,44,125864.0,12,High
EMP1873,Taylor Graves,Support,12.8,4.6,6,1,Remote,74,177055.0,11,Low
EMP1808,Michelle Diaz,IT,13.0,3.6,8,9,Remote,91,186383.0,7,Medium
EMP4198,Ashley Deleon,HR,8.5,7.0,4,3,Hybrid,89,32516.0,25,High
EMP1514,Michelle Horn,Marketing,6.4,,4,11,Remote,61,53250.0,24,High
EMP5638,Susan Herman,Sales,14.7,3.3,7,11,Hybrid,89,112642.0,25,High
EMP1409,Janet Hudson,Support,14.1,3.4,2,3,Remote,97,194341.0,14,Low
EMP4678,Lucas Robertson,Finance,14.0,6.8,9,0,Onsite,79,129654.0,8,Low
EMP2128,Chad Snyder,IT,10.9,8.6,7,6,Hybrid,47,85924.0,6,Medium
EMP2370,Dr. Stephen Barker,HR,13.1,3.8,6,11,Remote,86,139211.0,7,Low
EMP5502,Karen Howard,Operations,4.6,5.0,10,1,Onsite,76,163328.0,11,Low
EMP1207,Molly Jackson,Finance,12.7,5.1,2,12,Remote,77,217724.0,24,Low
EMP4478,Derrick Brown,Support,13.3,7.0,8,5,Onsite,67,213518.0,23,Low
EMP1458,Derek Newton,Support,5.5,8.1,10,0,Remote,51,75531.0,28,Low
EMP5387,Joseph Williams,IT,6.2,6.6,8,6,Remote,47,120242.0,27,Low
EMP3430,Brent Leblanc,Support,10.3,8.8,10,2,Remote,94,146588.0,28,High
EMP4946,Christopher Gomez,Marketing,10.1,3.8,4,8,Onsite,94,104417.0,21,High
EMP1110,Richard Smith,Operations,8.9,3.3,5,8,Hybrid,48,100505.0,14,Low
EMP5506,Nina Jennings,IT,10.5,7.3,5,2,Remote,53,78596.0,17,Medium
EMP2107,Cody Tate,HR,8.1,3.1,6,6,Onsite,65,66165.0,3,Medium
EMP5210,Lisa Mitchell,Finance,14.9,4.2,5,7,Onsite,77,198608.0,25,Medium
EMP2883,Michael Ruiz,Sales,9.9,8.5,10,4,Hybrid,57,170820.0,11,Low
EMP2713,Angela Carter,Finance,8.8,7.5,9,5,Hybrid,61,73842.0,8,High
EMP2287,James Camacho,HR,9.1,8.0,9,6,Remote,55,80243.0,26,High
EMP4669,Travis Delgado,Finance,5.3,7.3,5,8,Onsite,77,,24,Low
EMP4441,Allison Rodriguez,HR,12.5,3.7,7,5,Onsite,70,,18,Low
EMP1552,Laurie Wheeler,Sales,5.3,7.0,10,0,Hybrid,94,,29,High
EMP2439,Timothy Davis,Operations,10.3,8.2,6,2,Onsite,83,216359.0,30,High
EMP3270,Lacey Austin,HR,,8.5,1,3,Hybrid,41,97910.0,9,High
EMP4919,Madeline Nichols,Finance,12.7,4.0,4,6,Remote,42,126842.0,29,Low
EMP4144,Francisco Murray,Finance,7.5,6.8,4,9,Onsite,56,202427.0,0,High
EMP3821,Michael Johnson,Marketing,7.4,7.4,5,10,Remote,51,62834.0,14,High
EMP5957,Thomas Nicholson,IT,7.1,3.4,3,11,Hybrid,67,221041.0,5,Low
EMP2925,Vanessa Gallagher,Support,,4.3,10,7,Onsite,54,212125.0,14,Low
EMP1634,Pamela Carr,Support,11.5,4.7,9,12,Remote,57,133240.0,6,Low
EMP5981,Mackenzie Carr,Marketing,10.9,3.4,10,4,Onsite,60,244207.0,26,Medium
EMP1316,Becky Murray,Finance,12.5,8.7,7,12,Hybrid,60,32766.0,20,Medium
EMP5372,Shane Nunez,Marketing,5.4,6.5,4,8,Onsite,66,165819.0,5,Medium
EMP5872,Katrina Rollins,HR,11.8,5.3,6,2,Remote,81,36254.0,28,Low
EMP2328,Kelsey Anthony,Sales,12.5,6.6,4,5,Remote,53,75111.0,21,Medium
EMP1427,Eric Johnson,Sales,6.0,3.0,10,6,Remote,94,227068.0,30,Low
EMP4641,Adam Wang,Marketing,5.7,8.4,5,1,Remote,45,102521.0,23,Low
EMP1105,Sarah Salazar,Finance,4.4,7.5,8,8,Remote,81,140927.0,29,High
EMP4041,Alexis Ramirez,Support,12.6,6.0,1,7,Remote,87,165127.0,13,Low
EMP1142,Carla Richardson,HR,5.1,5.9,7,4,Hybrid,42,205952.0,11,Medium
EMP3169,Kevin Potter,Sales,13.9,8.8,2,2,Hybrid,97,207227.0,18,Medium
EMP4589,Mindy Sanders,Support,14.8,6.5,6,0,Remote,96,97938.0,10,High
EMP1089,Roger Horton,IT,9.0,4.8,4,1,Onsite,86,75484.0,10,High
EMP3918,Marissa Jackson,HR,14.0,6.7,10,2,REMOTE,100,39795.0,3,Medium
EMP4237,Steven Dixon,Operations,9.2,8.4,4,4,Onsite,82,175168.0,17,Medium
EMP3241,Mark Velasquez,Support,6.5,6.9,4,1,Remote,55,59374.0,20,Medium
EMP4174,Benjamin Ray,Finance,9.1,6.7,9,12,Hybrid,86,84057.0,6,High
EMP4682,,Marketing,14.6,3.5,2,11,Onsite,80,101318.0,16,Low
EMP3163,Bradley Chavez,HR,12.5,8.3,10,9,Remote,90,249614.0,6,Low
EMP3636,Joseph Maldonado,Operations,11.3,8.7,1,6,Hybrid,64,44922.0,10,High
EMP2949,Richard Durham,Support,5.9,7.3,5,10,Onsite,55,78931.0,19,Medium
EMP2768,Andrew Heath,Marketing,6.0,5.6,5,7,Remote,45,73382.0,8,Low
EMP4542,David Ewing,Sales,14.1,7.8,4,1,Hybrid,70,185935.0,27,Medium
EMP3272,Melissa Oliver,Sales,13.6,,2,0,remote,89,64115.0,20,High
EMP1001,Cheryl Lee,HR,13.8,3.5,7,0,Onsite,41,49561.0,6,High
EMP4541,Jordan Garcia,Operations,7.8,7.8,3,1,Remote,64,83144.0,25,Medium
EMP5445,Jacob Garcia,Finance,13.6,7.7,1,9,Hybrid,55,39657.0,29,High
EMP2951,Daniel Dennis,Marketing,9.0,5.0,5,9,Onsite,44,91200.0,3,Medium
EMP1935,Ronnie White,Support,12.1,8.6,6,11,Remote,67,240021.0,3,High
EMP5454,Adam Hunter,IT,13.1,7.6,9,8,Onsite,58,178407.0,23,Medium
EMP3720,Benjamin Vargas,Support,7.0,8.6,9,4,Onsite,79,221891.0,30,High
EMP4761,Richard Johnson,,14.5,5.8,3,1,Remote,61,89645.0,2,High
EMP2109,Kimberly Buck,Operations,9.2,6.6,5,9,Hybrid,52,156720.0,22,Medium
EMP4869,Jonathan Collins,Finance,7.9,6.2,6,6,Onsite,99,181207.0,1,Low
EMP1591,Brenda Davis,HR,11.2,4.7,10,0,Onsite,100,227796.0,26,Medium
EMP2695,Sara Shelton,Support,14.6,3.6,6,4,Onsite,93,42119.0,13,Medium
EMP4721,Michelle Jacobs,Support,11.0,3.6,8,10,Onsite,77,153225.0,23,Low
EMP3936,Deanna Walton,Marketing,5.5,7.7,1,11,Remote,72,94763.0,12,High
EMP5359,Christopher Zavala,Marketing,7.0,4.2,2,9,Remote,90,185518.0,27,Low
EMP4821,Carrie Ryan,Marketing,14.0,5.1,6,5,Remote,91,57739.0,2,High
EMP2576,Lauren Greer,Support,12.9,7.8,4,5,Onsite,84,157059.0,17,Medium
EMP2111,Paige Dixon,Operations,,6.4,8,7,Remote,69,176029.0,1,Medium
EMP1213,Suzanne Pierce,HR,6.9,3.5,7,1,Onsite,67,182929.0,26,Medium
EMP1778,Karen Martinez,,13.5,,2,2,Hybrid,78,,4,Medium
EMP2415,Evan Colon,IT,4.1,7.8,9,7,Hybrid,93,39246.0,2,High
EMP4496,Melissa Jones,IT,8.9,7.1,7,12,Hybrid,70,54860.0,24,Low
EMP5058,Brenda Torres,HR,14.9,3.5,10,8,Onsite,72,184033.0,14,Medium
EMP3043,David Hughes,Support,4.3,8.1,7,1,Hybrid,91,159327.0,24,Low
EMP3848,James Crawford,Support,5.8,3.7,8,2,Hybrid,75,163539.0,21,High
EMP5703,Christopher Travis,Support,4.3,6.4,7,2,Remote,63,200224.0,30,High
EMP4780,Cindy Hanna,,5.8,3.3,10,12,Onsite,94,178007.0,28,High
EMP5103,Brian Henderson,Marketing,10.6,3.7,5,8,Onsite,58,231471.0,9,Low
EMP2567,Jesse Perkins,Support,7.0,4.2,9,6,Remote,51,191540.0,23,Medium
EMP1165,Brianna Stone,Operations,10.6,8.3,3,2,Remote,good,186962.0,1,Medium
EMP3131,,Sales,9.7,8.0,5,5,Onsite,86,60193.0,14,Low
EMP4865,Donald Carlson,Finance,4.5,7.6,1,1,Hybrid,42,45616.0,29,High
EMP1248,,Operations,7.6,3.7,7,9,Onsite,59,233864.0,28,High
EMP2343,Carolyn Johnson,Marketing,12.5,3.9,10,11,Remote,74,45649.0,18,High
EMP3013,Andrew Pena,Operations,7.1,3.4,10,4,Onsite,50,193680.0,24,Low
EMP1273,Ariel Smith,Support,10.0,5.8,9,12,Remote,82,241427.0,6,High
EMP1071,Chelsea Jarvis,Marketing,5.8,5.8,3,9,Onsite,74,32069.0,29,High
EMP5149,Matthew Williams,IT,9.4,7.3,6,2,Onsite,43,235719.0,6,Low
EMP2087,Mrs. Michelle Cole,HR,9.6,7.5,9,5,Hybrid,71,161024.0,14,High
EMP1394,Heidi Hill,IT,13.5,7.6,5,5,Hybrid,45,169989.0,14,Low
EMP1583,Caleb Lee,Finance,9.7,6.1,7,10,Hybrid,53,205293.0,25,Medium
EMP2367,Deborah Reed,Finance,11.1,3.4,2,12,Hybrid,66,214596.0,9,Medium
EMP2590,Traci Cruz,Marketing,8.4,5.0,5,10,Onsite,86,136304.0,19,Low
EMP5811,Keith Ramos,Sales,6.7,3.3,3,7,Onsite,79,249048.0,23,High
EMP3548,Joseph Garcia,Operations,14.9,8.1,10,2,Onsite,85,238827.0,21,Low
EMP2013,Dennis Martinez,Marketing,12.3,8.6,8,4,Hybrid,76,218163.0,0,Low
EMP1711,,HR,8.2,,6,9,Remote,95,197891.0,27,Low
EMP4003,Daniel Richmond,Marketing,6.6,3.7,1,10,Remote,88,235885.0,5,High
EMP5964,Mark Chavez,Sales,4.2,6.6,4,1,Onsite,54,148529.0,29,Low
EMP2701,Lisa Roberts,IT,14.0,4.6,6,0,Hybrid,90,31771.0,10,Low
EMP4807,Amy Anderson,Finance,4.0,,1,2,Onsite,73,152839.0,9,Low
EMP2763,Jacob Brown,IT,14.4,3.9,9,10,Onsite,77,107433.0,27,Low
EMP2875,Lynn Alexander,IT,5.8,7.3,2,12,Hybrid,63,118606.0,10,Medium
EMP2259,Ashley Sheppard,Sales,10.5,3.1,9,7,Hybrid,72,210533.0,23,Medium
EMP4344,Ian Williams,Marketing,10.7,4.2,1,0,Hybrid,100,220679.0,7,Low
EMP5696,Brian Lloyd,Support,8.3,7.8,4,0,Remote,59,136971.0,9,Low
EMP3253,Jimmy Spencer,Support,13.5,8.7,6,2,Onsite,good,48654.0,16,High
EMP3781,Carol Robinson,Support,12.3,3.9,1,9,Hybrid,57,,23,Medium
EMP4877,Whitney Pierce DDS,Support,9.7,5.5,6,1,Hybrid,95,172111.0,10,Low
EMP1526,Danielle Francis,HR,7.9,5.7,10,10,Onsite,87,172294.0,27,High
EMP4691,Debra Guerra,IT,14.7,4.6,4,3,Remote,98,103646.0,17,Medium
EMP3946,Anna Carson,Support,8.1,4.2,10,2,Hybrid,48,67027.0,9,Low
EMP1377,Michael Davis,HR,6.1,5.4,1,12,Hybrid,97,233084.0,30,Medium
EMP2559,Anthony Thompson,Marketing,14.1,6.6,1,10,Remote,57,193211.0,15,High
EMP1692,Todd Garcia,Marketing,8.6,6.4,7,4,Onsite,98,183693.0,10,Low
EMP2963,Jason Ortega,Marketing,12.3,3.1,5,3,Onsite,96,201504.0,15,Medium
EMP5906,Traci Ward,Support,13.1,8.1,1,6,Remote,80,66428.0,1,Medium
EMP1348,Joel Butler,Operations,8.3,6.6,10,6,Onsite,67,73694.0,15,High
EMP3434,Paula Smith,Operations,10.3,4.9,6,11,Remote,58,84507.0,25,High
EMP3246,Frederick Pham,Finance,4.1,5.2,9,11,Hybrid,85,68963.0,29,Low
EMP5320,Kristen Pratt,IT,13.6,7.2,10,7,Onsite,98,51792.0,8,Low
EMP2709,Clayton Nguyen,HR,14.9,4.6,3,5,Onsite,67,123243.0,21,High
EMP2050,Jeremy David,HR,8.3,8.0,1,1,Hybrid,69,122119.0,29,Low
EMP1590,Derek Moore,Marketing,5.0,4.6,6,1,Hybrid,78,34897.0,23,High
EMP1519,Sharon Short,Finance,9.0,3.8,7,9,Onsite,84,fifty thousand,16,High
EMP4380,Melody Brown,Operations,13.9,6.2,9,10,Remote,85,78531.0,15,Medium
EMP4049,,HR,7.4,8.4,2,8,Onsite,57,29816.0,24,High
EMP5888,Dustin Robinson,Operations,8.0,4.1,1,6,Hybrid,60,41833.0,2,High
EMP3477,Andrew Mendez,Support,10.6,3.0,8,1,Remote,45,235017.0,11,Low
EMP2083,Douglas Obrien,Marketing,5.3,8.3,3,12,Onsite,52,75248.0,17,Medium
EMP4872,Edward Miller,Marketing,11.0,6.3,5,7,Remote,49,190746.0,6,Medium
EMP5954,Ricardo Kidd,HR,4.6,4.6,2,5,Hybrid,76,212301.0,2,Low
EMP5675,Donald Townsend,Marketing,10.9,,9,9,Onsite,76,62416.0,8,Low
EMP2294,Mrs. Tamara Robinson,HR,13.1,8.5,9,4,Hybrid,85,84589.0,13,Low
EMP2809,Victoria Ruiz,Operations,ten,5.1,7,6,Hybrid,96,134504.0,14,Medium
EMP4595,Kimberly Davis,Marketing,11.1,6.4,7,8,Remote,95,38571.0,21,Medium
EMP1791,Gavin Wallace,Support,14.1,4.7,7,11,Hybrid,97,200001.0,24,Medium
EMP1792,Linda Rodriguez,Finance,5.8,3.4,1,6,Hybrid,64,112203.0,1,Low
EMP5267,Ryan Roberson,Operations,5.9,3.6,6,9,Hybrid,88,129973.0,7,Medium
EMP2855,Jennifer Cobb,HR,7.9,3.6,6,11,Remote,70,184335.0,9,High
EMP5933,Tony Trujillo,Sales,13.3,4.0,9,6,Hybrid,44,213325.0,11,Low
EMP2980,Lori Wheeler,Operations,14.8,3.8,5,7,Hybrid,73,234410.0,15,High
EMP4233,Linda Wright,Marketing,12.8,3.9,10,4,Onsite,61,243209.0,27,Medium
EMP4967,Erin Santos,it,9.0,8.5,10,3,Onsite,78,242731.0,11,Medium
EMP1933,Christopher Thomas,Marketing,14.3,7.5,5,3,Onsite,95,67002.0,29,Medium
EMP4655,Ann Compton,Marketing,4.5,4.2,3,0,Hybrid,42,194184.0,21,High
EMP4328,Jennifer Ramirez,Sales,10.4,3.6,4,10,Remote,55,80481.0,11,Medium
EMP2530,Taylor Wells,Sales,9.6,5.3,8,11,Onsite,65,,24,Low
EMP2410,Kimberly Moreno,Support,7.3,8.6,8,8,Hybrid,51,123557.0,25,Low
EMP4524,David Richmond,Sales,4.3,4.5,6,6,Onsite,74,173210.0,12,Medium
EMP5775,Melinda Hicks,Sales,14.2,3.4,6,0,Onsite,58,175267.0,19,Medium
EMP5818,Sara Golden,HR,6.8,4.3,5,4,Onsite,56,80119.0,26,High
EMP1083,Ralph Wade,Support,7.0,8.1,2,4,Hybrid,96,143175.0,7,High
EMP1868,Chris Beard,Support,14.9,3.4,6,9,Hybrid,70,173261.0,13,High
EMP3350,Michael Gutierrez,Marketing,12.7,8.0,10,2,Hybrid,98,128420.0,20,High
EMP1020,Brenda Gallagher,Sales,14.4,4.0,9,9,Onsite,67,80521.0,29,High
EMP4694,Tammy Garcia,Operations,13.8,3.2,7,7,Hybrid,94,95077.0,29,High
EMP4926,Sarah Shelton,Marketing,7.2,3.5,6,5,Hybrid,94,180167.0,13,Low
EMP3795,Eric Peck,HR,11.5,7.5,1,5,Remote,97,111206.0,0,Low
EMP4453,Jennifer Wilson,Support,7.4,8.7,10,5,Hybrid,97,131956.0,21,Medium
EMP5738,Erin Mitchell,HR,9.9,3.7,3,0,Onsite,59,232940.0,30,High
EMP2562,Brian Taylor,Support,8.1,,3,11,Remote,87,71375.0,27,Low
EMP5697,Jonathan Dickson,Finance,8.8,5.3,9,8,Onsite,99,60577.0,12,Medium
EMP4093,Haley Jimenez,Marketing,12.9,3.6,3,2,Hybrid,41,183196.0,11,Low
EMP4155,Jasmine Rhodes,Support,6.4,8.8,2,5,Remote,45,237851.0,16,Medium
EMP1973,Heather Murray,IT,8.5,5.8,10,4,Onsite,62,91810.0,18,Low
EMP2710,Sarah Sanders,HR,14.3,3.2,7,10,Remote,43,233193.0,6,Low
EMP4201,Natalie Foster,Marketing,14.9,5.5,2,0,Remote,48,107168.0,23,Medium
EMP5189,Justin Johnson,Marketing,8.4,3.6,6,5,Hybrid,96,69212.0,18,Medium
EMP5995,Vanessa Williams,Operations,10.2,6.5,5,0,Remote,76,87787.0,13,Medium
EMP2098,Amy Williams,Sales,6.5,7.5,8,3,Hybrid,73,178879.0,25,High
EMP5315,,Sales,12.7,4.3,5,10,Onsite,61,182295.0,13,High
EMP3844,Angela Taylor,Operations,12.3,6.0,2,9,Onsite,92,147325.0,24,Medium
EMP1886,David Garrison,Support,9.2,7.2,3,7,Hybrid,83,53134.0,5,Medium
EMP2406,,IT,14.5,7.3,3,11,Hybrid,52,138259.0,18,Low
EMP4968,Charles Turner,Operations,12.4,3.4,3,4,Remote,86,143342.0,8,Low
EMP4560,Sheila Nguyen,Support,5.0,6.3,5,4,Onsite,57,69091.0,9,Medium
EMP5746,Brittany Hoffman,Operations,10.3,8.3,2,6,Onsite,87,94722.0,11,High
EMP4846,Dr. Cathy Skinner DDS,IT,6.5,4.2,4,10,Hybrid,76,129921.0,18,Medium
EMP5564,Christopher Nicholson,IT,11.4,7.7,8,4,Remote,70,157167.0,3,High
EMP1515,Bonnie Anderson,Sales,13.2,6.5,8,7,Remote,82,179485.0,30,Medium
EMP5788,Michael Thomas,Operations,11.8,7.5,7,10,Onsite,56,42902.0,14,Low
EMP1737,Lisa Dixon,Sales,12.1,6.1,6,2,Onsite,89,50756.0,26,Low
EMP2453,Leslie Huerta,Support,6.6,6.5,4,6,Onsite,87,222281.0,28,High
EMP4553,Tracy Sanchez,Finance,11.3,5.2,10,8,Onsite,69,60549.0,20,Low
EMP4609,Dr. David Hendricks MD,Finance,8.6,5.1,5,9,Remote,68,116942.0,6,Low
EMP3006,Theresa Adams,it,6.6,8.3,8,6,Remote,77,81106.0,12,Medium
EMP5873,Michelle Cole,Sales,5.2,5.6,10,5,Onsite,86,101056.0,5,Low
EMP3506,Ashley Rice,HR,14.1,7.4,9,11,Remote,60,94875.0,21,High
EMP3994,Shawn Schwartz,Finance,10.4,7.5,1,1,Onsite,64,195522.0,27,High
EMP3126,Benjamin Harris,HR,9.1,3.2,7,4,Hybrid,100,190578.0,12,Medium
EMP3926,Brittany Solis,IT,11.8,3.4,4,5,Hybrid,62,27603.0,10,Low
EMP5920,Teresa Patel,HR,7.6,4.2,2,0,Hybrid,86,156903.0,2,Medium
EMP1906,Sheila Dickson,HR,8.2,5.6,6,6,Remote,62,39797.0,21,Low
EMP4935,Edward Payne,IT,10.3,7.7,8,9,Hybrid,64,140426.0,29,Low
EMP2030,Jeffrey Brewer,Marketing,14.5,6.3,1,9,Onsite,73,,24,Low
EMP3507,Amanda Mcdonald,Sales,9.7,6.1,1,8,Onsite,87,154234.0,30,High
EMP3428,Shirley Phillips,Sales,6.9,5.7,2,2,Hybrid,66,44002.0,12,Low
EMP1947,Jason Richardson II,Sales,4.3,8.9,4,9,Onsite,68,90095.0,11,High
EMP5099,Rodney Friedman,Finance,10.5,6.3,8,7,Onsite,61,101859.0,8,Medium
EMP1762,William Mendez,Marketing,11.7,5.4,6,11,Onsite,64,131439.0,12,Low
EMP1715,Stephanie Rogers,Sales,9.2,5.5,2,9,Hybrid,78,26723.0,7,High
EMP1284,Brandon Cannon,HR,12.4,3.2,7,9,Remote,89,29101.0,7,Low
EMP1686,Duane Obrien,Operations,11.3,7.0,6,1,Hybrid,41,101675.0,27,Low
EMP1703,Rhonda Blackwell,Operations,11.9,5.4,10,9,Remote,74,162686.0,20,High
EMP4341,Adam Love,HR,10.9,5.9,7,3,Remote,61,89506.0,4,High
EMP3353,Patrick Miller,IT,7.7,,6,12,Onsite,82,37923.0,3,Low
EMP3257,Dennis Kerr,HR,6.0,3.9,10,9,Remote,53,219247.0,13,High
EMP4829,Donna Rivera,Support,13.8,8.2,1,2,Remote,79,174777.0,1,Medium
EMP1473,Michael Baker,Sales,6.0,3.6,3,11,Remote,56,215103.0,25,High
EMP1021,Karen Martinez,IT,6.2,4.9,6,7,Remote,97,160679.0,14,Low
EMP3752,Tammy Best,HR,8.4,7.2,10,10,Remote,84,25942.0,18,High
EMP1885,Cynthia Castro,HR,14.6,4.0,9,0,Onsite,86,50869.0,29,High
EMP3448,Alan Johnson,Sales,14.5,9.0,8,12,Onsite,72,126685.0,3,Low
EMP1917,Renee Meyers,Sales,6.9,6.8,10,12,Onsite,98,138698.0,29,High
EMP5056,Mark Harris,Marketing,8.0,4.3,9,7,Onsite,84,90695.0,15,High
EMP5049,Mark Velez,HR,4.5,3.3,9,2,Onsite,96,63094.0,16,Medium
EMP3239,Matthew Walters,IT,7.2,6.0,5,9,Onsite,98,56105.0,30,Medium
EMP1730,Ronnie Ortega,Marketing,10.9,8.4,9,5,Onsite,69,230518.0,26,Low
EMP4395,Nicole Edwards DVM,Sales,5.4,7.4,9,6,Remote,52,25287.0,24,Low
EMP2265,Robert Cameron,HR,11.9,7.1,5,10,Hybrid,80,183424.0,17,Low
EMP1483,Eric Smith,Sales,5.8,7.9,5,4,Onsite,69,215796.0,16,Medium
EMP5922,Norman Carr,Marketing,7.4,7.5,2,4,Hybrid,80,133989.0,0,High
EMP3963,Kayla Wright,IT,6.5,8.2,6,7,Hybrid,87,95232.0,5,High
EMP2219,Nicole Byrd,Sales,4.6,7.4,6,11,Hybrid,89,90303.0,21,High
EMP1277,Katherine Hill,Support,5.5,5.5,10,0,Hybrid,75,146209.0,21,High
EMP1988,Connie Wood,Marketing,11.7,3.1,5,11,Remote,52,148008.0,11,High
EMP3084,James Flores MD,Marketing,4.8,6.4,3,3,Hybrid,66,36502.0,6,High
EMP2245,Harold Hunter,Operations,4.2,4.2,1,6,Onsite,66,162618.0,9,Low
EMP3382,Ernest West,Sales,7.9,3.1,9,0,Hybrid,91,246982.0,2,Low
EMP1571,James Santos,HR,6.5,,2,7,Onsite,83,150518.0,15,Low
EMP2435,Gwendolyn Villa,Support,4.4,7.5,8,12,Remote,63,183999.0,20,Low
EMP1993,Karen Ramirez,Operations,6.3,3.3,1,5,Remote,96,93369.0,11,Low
EMP5961,Melody Peterson,IT,11.8,6.7,8,1,Remote,91,,12,Low
EMP4718,Mitchell Young,Sales,14.2,3.6,7,6,Hybrid,42,65732.0,25,High
EMP1585,Jessica Allen,Support,10.7,9.0,7,12,Onsite,53,133325.0,17,Medium
EMP4526,Brianna Garcia,,6.4,7.1,4,6,Remote,86,84510.0,22,Medium
EMP4947,Kevin Murphy,Operations,4.6,7.1,9,6,Remote,70,58516.0,6,Low
EMP3514,Mr. Jeffrey Lang MD,HR,8.4,7.3,5,11,Hybrid,89,191652.0,10,Low
EMP2349,Amanda White,IT,8.1,4.9,8,12,Remote,50,72135.0,9,High
EMP2007,Sandra Bowen,HR,13.9,6.7,3,11,Onsite,65,141965.0,20,High
EMP1674,Keith Ramirez,IT,12.0,5.4,8,12,Remote,78,175799.0,16,Medium
EMP3412,Katherine Nguyen,IT,9.8,6.2,9,8,Hybrid,73,191534.0,18,High
EMP3903,John Smith,Finance,13.8,3.7,7,3,Onsite,62,195974.0,1,Medium
EMP1447,Joshua Austin,Support,4.5,3.5,7,3,Onsite,92,189423.0,4,Medium
EMP4745,Beth Martin,Operations,14.6,7.1,3,0,Onsite,53,169865.0,26,High
EMP5861,Dustin Burns,Support,6.0,3.7,10,6,Remote,70,74098.0,1,Low
EMP4994,Mr. Willie Humphrey DDS,Sales,9.5,5.4,6,11,Hybrid,95,202304.0,6,Low
EMP1359,Joan Tapia,IT,14.5,6.1,2,2,Hybrid,88,230964.0,13,High
EMP3064,Julie Farmer,HR,8.6,6.9,8,0,Onsite,47,131311.0,18,Medium
EMP5615,,Marketing,12.9,8.9,10,10,Hybrid,53,180589.0,5,High
EMP5102,Abigail Matthews,Marketing,6.0,5.7,2,11,Remote,77,79734.0,8,High
EMP2690,Veronica Kent,Operations,13.7,8.7,2,6,Onsite,41,141379.0,27,Low
EMP5585,Linda Melendez,Finance,10.3,3.0,2,12,Remote,68,89518.0,21,Medium
EMP2548,Matthew Newman,IT,10.5,3.6,4,4,Remote,51,93927.0,18,High
EMP2247,Matthew Church,IT,8.0,8.7,7,3,Remote,60,37466.0,5,Low
EMP2985,Karla Lewis,Operations,12.3,5.7,10,12,Hybrid,88,221404.0,4,Medium
EMP1294,Shawn Crawford,HR,11.4,4.3,4,5,Onsite,59,29019.0,6,Low
EMP2547,Ashley Mcneil,Operations,12.0,5.2,7,4,Remote,75,166824.0,20,Low
EMP3012,Jessica May,Sales,13.1,5.9,5,9,Remote,58,186332.0,26,High
EMP1588,Jason Wilson,Operations,6.4,5.4,6,12,Onsite,75,185963.0,22,Low
EMP4329,Mark Roberson,HR,10.6,3.5,1,0,REMOTE,43,194378.0,0,High
EMP3403,Charles Larson,Finance,8.6,7.5,9,10,Hybrid,48,76114.0,10,High
EMP3129,Joshua Lee,Support,8.1,5.5,5,4,Onsite,72,175918.0,30,High
EMP5550,Jason Bates,Marketing,11.1,7.6,10,6,Hybrid,59,138774.0,0,Low
EMP4508,Brandon Reynolds,Operations,8.5,5.5,1,3,Onsite,74,173200.0,21,Low
EMP3410,Jill Davila,Finance,4.2,7.6,4,6,Onsite,66,168716.0,6,Low
EMP3719,Justin White,Operations,9.9,5.5,9,4,Hybrid,97,100363.0,5,Medium
EMP5720,Christian Hall,Finance,4.1,5.3,8,7,Remote,88,68288.0,2,High
EMP1425,Kimberly Torres,Sales,12.1,5.6,8,10,Onsite,60,70666.0,22,High
EMP3582,William Marquez,IT,10.4,4.7,10,4,Onsite,96,132457.0,8,High
EMP2054,John Smith,HR,9.4,6.3,10,10,Remote,83,183065.0,18,High
EMP5722,Stephen Torres,IT,6.4,6.0,6,5,Hybrid,70,90175.0,3,Low
EMP5728,Robert Gregory,IT,4.6,3.9,1,8,Remote,81,189693.0,15,Low
EMP1556,Paul Terry,Operations,14.5,4.0,6,3,Onsite,90,83071.0,22,Medium
EMP5518,Kyle Rodriguez,Marketing,9.0,3.8,1,10,Onsite,55,131216.0,20,Low
EMP3054,Mia Rios MD,Support,6.0,4.3,2,3,Onsite,43,97486.0,9,High
EMP5885,Kristy Hall,Operations,14.2,3.8,3,9,Onsite,41,55881.0,27,Low
EMP3469,Dawn Hill,Support,10.9,7.0,10,11,Remote,89,64177.0,7,Medium
EMP4738,Lisa Stafford,Support,14.4,,2,2,Onsite,96,157796.0,27,Medium
EMP5883,Jennifer Francis,Finance,8.3,7.0,1,5,Hybrid,99,158676.0,7,High
EMP1355,Michael Ross,Finance,12.1,6.9,4,4,Hybrid,95,33449.0,14,Low
EMP2193,Brenda Long,HR,8.1,8.9,3,0,Remote,46,118214.0,15,Low
EMP2716,Evan Moore,IT,11.8,3.8,6,4,Onsite,68,139337.0,17,Low
EMP4416,Andrew Terrell,Finance,8.1,3.1,2,9,Hybrid,41,171663.0,24,Low
EMP3604,Heather Sanders,IT,7.6,6.4,2,3,Remote,53,27611.0,7,Low
EMP5988,Michael Macdonald,Marketing,9.3,7.3,8,3,Remote,57,208776.0,27,High
EMP3828,Douglas Gibson,,13.4,4.6,10,4,Onsite,70,147442.0,26,Low
EMP2704,Claudia Young,Support,14.8,8.1,9,7,Onsite,48,249635.0,19,Low
EMP3863,Connie Henderson,it,4.7,3.1,5,1,Remote,87,136433.0,19,Low
EMP5024,Todd Curtis,,9.1,5.3,4,5,Remote,82,31695.0,20,Medium
EMP3618,Maria Freeman,Sales,5.1,,1,1,Remote,73,145033.0,30,Low
EMP3400,Kaitlin Kaufman MD,Sales,10.6,8.2,8,11,Remote,64,56903.0,0,Medium
EMP3139,Miranda Torres,Finance,14.0,4.3,1,12,Hybrid,41,178640.0,3,Low
EMP4239,Natasha Brooks,Support,,5.3,7,5,Remote,92,112166.0,18,Medium
EMP3383,Kevin Boyle,,13.1,4.5,4,0,Hybrid,64,184614.0,25,High
EMP4218,Clayton Thomas,IT,9.7,3.3,9,12,Remote,63,156608.0,1,High
EMP5040,Mrs. Jeanette Edwards,Marketing,,4.2,10,0,Remote,56,202831.0,26,Low
EMP2285,Joshua Pugh,IT,11.9,6.2,4,11,Remote,45,86654.0,11,Low
EMP5428,Brenda Gray,IT,7.7,7.2,1,7,Onsite,77,42337.0,24,Medium
EMP2772,Christopher Floyd,Support,6.1,6.7,3,8,Onsite,53,115504.0,3,Low
EMP5634,Claire Taylor,Support,4.9,3.4,9,9,Remote,81,215180.0,18,Medium
EMP3087,Michael Garcia,Finance,13.8,3.6,4,9,Onsite,47,49513.0,25,High
EMP2889,Jennifer Wyatt,Sales,13.5,4.2,7,11,Remote,60,145031.0,12,Medium
EMP4781,Shelly James,Marketing,13.8,7.8,7,1,Onsite,46,53181.0,1,Medium
EMP2591,Stacey Burch,Support,7.8,7.0,10,0,Remote,54,184520.0,5,Medium
EMP2346,Jason Andrews,Sales,10.9,6.8,10,1,Remote,47,145357.0,29,Low
EMP5596,Kelly Moses,Finance,10.3,8.5,5,8,Remote,47,101072.0,3,Low
EMP3162,Jesse Fisher,IT,10.4,6.8,10,3,Hybrid,49,111600.0,18,Low
EMP3396,Jennifer Fry,Sales,14.8,7.0,8,0,Remote,65,239148.0,5,Low
EMP4931,Kimberly Norman,Sales,9.3,8.0,4,1,Hybrid,69,81742.0,30,Medium
EMP3271,Marcus Smith,Finance,4.9,6.4,10,5,Remote,47,145642.0,2,Low
EMP5656,John Nelson,IT,12.6,7.4,1,3,Hybrid,80,191115.0,25,Medium
EMP4111,Christina Rush,HR,10.3,3.0,7,2,Onsite,40,245927.0,1,Medium
EMP2137,Michelle Mccullough,Support,10.6,8.7,6,2,Remote,57,108240.0,20,High
EMP1592,Tracy Hopkins,Sales,8.8,4.2,9,4,Onsite,52,33810.0,25,High
EMP1972,Pamela Cole,IT,8.7,6.4,9,1,Onsite,98,36821.0,16,Medium
EMP1795,Debra Castro,Marketing,4.8,6.4,5,12,Remote,68,29919.0,28,High
EMP4020,Cynthia Garcia,Sales,13.5,5.4,9,7,Remote,85,154874.0,14,Medium
EMP2711,Robert Lewis,Sales,11.0,8.0,4,2,Hybrid,65,109549.0,0,Medium
EMP4387,Eric Boone,Operations,5.0,,8,5,Hybrid,75,36354.0,2,High
EMP1036,Patrick Andrews,IT,7.5,7.5,2,0,Remote,69,187833.0,18,High
EMP1453,Erika Arellano,Finance,8.4,8.3,4,0,Hybrid,87,149575.0,29,Low
EMP1913,Jennifer Rosario,Sales,13.3,3.6,6,4,Hybrid,44,173485.0,25,Medium
EMP5240,Amber Joyce,Marketing,10.7,8.9,1,3,Onsite,48,246552.0,23,Medium
EMP2199,Jessica Walter DDS,Finance,8.2,9.0,7,4,Remote,76,57829.0,3,High
EMP2274,Tamara Fields,Support,6.7,6.3,5,10,Remote,74,57263.0,0,Low
EMP3375,Shirley Yang,Finance,7.9,7.9,3,5,Remote,56,159756.0,5,Low
EMP1037,Aaron Howard,Finance,6.3,4.6,6,1,Remote,96,89037.0,11,Medium
EMP1974,Edward Hall,IT,5.3,7.0,3,12,Remote,51,245963.0,12,Medium
EMP4195,David Cameron,Finance,10.1,6.9,5,1,Hybrid,54,231500.0,24,High
EMP1983,Beth Gonzalez,Marketing,13.5,6.5,4,4,Remote,76,242435.0,26,Medium
EMP4297,Tracy Tucker,Support,13.8,3.6,2,3,Hybrid,62,199853.0,0,Low
EMP5233,Michelle Zhang,Support,11.8,5.6,10,3,Onsite,50,34590.0,15,Low
EMP2418,Lisa Wright,IT,5.5,8.4,3,4,Hybrid,80,106498.0,23,High
EMP4332,Larry Carter,IT,12.0,6.5,10,12,Hybrid,97,62388.0,7,Medium
EMP2560,Adam Montgomery,Operations,11.7,4.6,1,9,Hybrid,92,32976.0,27,High
EMP1039,Christina Hoffman,Sales,14.2,3.6,3,4,Remote,47,53058.0,23,Medium
EMP2486,Kevin Sanchez,Support,11.2,6.6,8,12,Remote,66,85231.0,18,High
EMP1520,Hailey Wilson,Sales,13.5,7.3,9,10,Onsite,53,77661.0,6,Medium
EMP1169,Beth Hale,Operations,7.6,3.0,7,2,Remote,48,124669.0,17,High
EMP2355,Sharon Hernandez DDS,Support,6.2,8.1,5,6,Onsite,46,177999.0,25,Medium
EMP3785,Rachael Rhodes,Operations,9.9,3.7,1,2,Remote,46,52866.0,18,Medium
EMP5088,Crystal Gonzalez,Finance,6.8,7.1,9,9,Onsite,75,200193.0,23,Low
EMP5923,Tammy Gould,Marketing,12.2,5.3,1,6,Remote,91,180958.0,20,High
EMP4720,Dawn Cunningham,Support,7.3,3.0,1,7,Onsite,46,90961.0,12,Medium
EMP4612,Howard Nelson,Finance,8.4,7.4,3,3,Hybrid,87,101154.0,23,Low
EMP1987,Wanda Carlson,Operations,10.1,4.6,7,7,Hybrid,47,154705.0,19,Medium
EMP3682,Carlos Martin,Marketing,7.4,7.9,9,3,Hybrid,79,180976.0,23,High
EMP5877,Steven Murphy,Sales,8.8,4.4,1,2,Hybrid,50,,19,Low
EMP5243,Mary Tate,Marketing,5.0,6.1,3,10,Onsite,49,96241.0,14,Medium
EMP2640,Martin Thomas,Finance,4.4,3.8,9,4,Onsite,41,82939.0,28,Medium
EMP2290,Mark Lamb,Marketing,8.0,3.5,2,0,Remote,76,242859.0,26,Low
EMP4681,Joshua Hall,Sales,7.6,6.8,9,11,Onsite,79,153069.0,8,Medium
EMP2380,James Rodriguez,HR,13.5,6.1,7,3,Onsite,44,97833.0,13,Medium
EMP2933,Charles Johnson,Marketing,9.8,4.8,3,5,Remote,98,88878.0,27,Low
EMP1579,Amanda Ellis DVM,Support,12.3,3.6,3,9,Onsite,74,241929.0,0,High
EMP5375,James Ortiz,Finance,12.4,,7,10,Onsite,65,33509.0,28,Medium
EMP4160,Catherine Friedman,Operations,13.1,8.2,9,10,Onsite,80,142446.0,1,Medium
EMP3030,Timothy Reilly,Marketing,13.8,8.1,4,10,Hybrid,97,176929.0,8,Low
EMP1892,Benjamin Morrow,Finance,8.4,6.5,2,11,Remote,99,69229.0,2,Medium
EMP5176,David Campbell,HR,10.7,5.4,10,6,Onsite,65,204940.0,19,Low
EMP1780,Daniel Meyer,Marketing,4.6,4.6,2,0,Hybrid,50,146638.0,12,Medium
EMP4939,Nicholas Johnson,Operations,9.9,6.6,1,1,Onsite,100,102586.0,21,Medium
EMP1159,Justin Gray,HR,14.7,6.6,6,1,Onsite,76,158015.0,6,Medium
EMP1002,Ashley Reyes,,4.3,4.2,9,6,Remote,54,142757.0,18,Low
EMP3263,Marcia Jackson,Marketing,13.1,8.2,8,0,Remote,51,174695.0,5,Low
EMP4216,Casey Patterson,Support,9.0,6.1,10,5,Onsite,53,41653.0,4,Low
EMP3109,Stephen Golden,Sales,12.6,6.2,6,0,Remote,90,190372.0,23,High
EMP1849,Michele Fletcher,HR,9.0,4.0,3,11,Onsite,74,99775.0,5,High
EMP3737,Kenneth Davis,Marketing,5.4,4.7,1,2,Remote,59,80621.0,22,Medium
EMP3466,Natalie Campbell,Support,13.5,,7,7,Remote,69,123822.0,24,Medium
EMP5925,Jeremy Rice,IT,14.0,6.6,1,6,Hybrid,61,27347.0,13,Medium
EMP4938,Stephanie Watson,Marketing,10.1,4.1,6,12,Remote,56,128060.0,9,High
EMP2596,Catherine Burns,Sales,11.2,5.4,1,2,Hybrid,60,58748.0,18,High
EMP2776,Megan Ramos,Support,15.0,8.5,8,10,Hybrid,75,243043.0,12,Low
EMP2913,Danielle Thomas,IT,6.0,7.7,2,1,REMOTE,56,143646.0,30,Medium
EMP2043,Heather Jackson,IT,15.0,8.1,4,9,Remote,93,158779.0,9,High
EMP5886,Anthony Peterson,HR,5.4,5.2,2,12,Hybrid,50,41570.0,26,Low
EMP2544,Stephen Calderon,HR,8.6,3.9,2,0,Onsite,59,208884.0,6,Low
EMP3736,Emily Brewer,IT,8.7,6.4,9,5,Onsite,92,165250.0,25,High
EMP4997,Nicole Moreno,IT,,8.9,5,8,Hybrid,77,29897.0,7,Medium
EMP5785,Mrs. Karen Winters,Operations,ten,3.4,8,9,Onsite,96,168184.0,6,Medium
EMP1053,Cynthia Reeves,Finance,12.1,4.2,7,1,Onsite,100,,29,Medium
EMP2796,William Avery,Marketing,13.2,4.1,2,3,Onsite,67,186302.0,11,Low
EMP4588,Amanda Ware,Finance,6.9,8.3,3,3,Onsite,58,207005.0,6,High
EMP4845,Erika Sullivan,Finance,10.6,7.3,1,11,Hybrid,67,141096.0,30,High
EMP2911,Trevor Walsh,Support,12.8,6.0,2,11,Hybrid,100,,7,Medium
EMP3306,Chad Ryan,Support,4.9,6.5,9,3,Hybrid,93,61234.0,22,Low
EMP3553,Dr. Tommy Malone Jr.,Marketing,11.2,4.9,1,10,Remote,44,82606.0,24,Medium
EMP3800,Mark Wells,Sales,11.4,8.7,10,11,Remote,69,218989.0,22,Medium
EMP1936,Charles Martinez,Operations,6.9,3.4,7,9,Hybrid,86,238235.0,17,Medium
EMP5280,David Alvarado,Support,11.0,6.4,1,4,Remote,62,221929.0,15,High
EMP1824,Kelli Crawford,HR,14.2,5.7,7,5,Onsite,48,144993.0,23,Medium
EMP5908,Robert Randolph,Marketing,8.4,4.2,6,2,Remote,95,133947.0,6,High
EMP4178,Gregory Smith,Sales,7.0,7.9,5,0,Remote,59,121375.0,16,Low
EMP4401,Vincent Porter,IT,12.0,5.3,4,3,Remote,58,229204.0,8,High
EMP2389,Angela Cox,Operations,7.2,6.6,1,1,Onsite,51,156921.0,29,Medium
EMP4564,Hannah Smith,IT,5.1,6.0,4,9,Remote,74,187540.0,22,Medium
EMP2144,,Sales,14.5,5.2,7,2,Onsite,70,140704.0,13,High
EMP1884,Caitlin Watkins,HR,6.7,6.4,2,9,Onsite,88,28665.0,16,Low
EMP5098,Elizabeth Bennett,Operations,13.2,4.1,8,6,Onsite,79,156975.0,16,Medium
EMP4646,Nathaniel Sims,Sales,7.6,8.3,2,12,Onsite,75,219506.0,5,Low
EMP4731,Peter Nicholson DDS,IT,7.0,3.5,4,3,Remote,91,115546.0,26,High
EMP2607,Jordan Lopez,Finance,8.2,8.9,2,5,Hybrid,99,191917.0,23,Medium
EMP2594,Andrew Price,Finance,8.7,4.7,7,10,Hybrid,92,151000.0,1,Low
EMP1771,Adrian Gonzalez,Finance,4.9,6.8,10,4,Onsite,79,38834.0,28,Low
EMP3611,Linda Woodard,Support,7.2,8.3,1,7,Hybrid,92,,13,High
EMP4782,Carl Lee,Marketing,8.3,8.3,6,4,Hybrid,83,219820.0,11,Medium
EMP4224,Caitlin Kane,Marketing,4.8,8.7,3,11,Remote,87,76426.0,0,Low
EMP3273,David Brown,Finance,14.4,7.5,1,1,Onsite,59,77124.0,15,High
EMP2868,Anna Aguilar,Support,7.3,4.2,5,0,Hybrid,41,195822.0,20,Low
EMP2085,Robert Rivera,HR,12.7,5.0,1,10,Onsite,90,98419.0,27,High
EMP1010,Timothy Rivera,Marketing,4.7,8.5,10,11,Hybrid,60,80738.0,20,High
EMP4896,Kelly Ayala,Sales,11.8,7.8,3,3,Onsite,77,58315.0,15,Medium
EMP2325,Cindy Adams,HR,7.6,8.9,6,0,Hybrid,49,145234.0,29,Medium
EMP4390,Linda James,Finance,8.7,6.4,4,4,Onsite,60,43253.0,20,High
EMP2463,Bethany Huffman,IT,6.3,4.1,7,8,Onsite,43,198120.0,9,Medium
EMP1806,Mr. David Taylor DDS,Operations,5.6,6.9,8,9,Remote,42,88617.0,22,Low
EMP5031,Crystal Scott,HR,11.8,4.9,6,11,Remote,68,35984.0,29,Low
EMP5192,Karen Rivera,IT,11.7,8.3,2,6,Hybrid,74,124931.0,3,Medium
EMP5071,Ashley Bush,Operations,7.6,3.4,1,9,Hybrid,99,25132.0,1,Low
EMP3108,Kathy Nguyen,Marketing,4.9,4.0,10,1,Remote,45,205343.0,6,Medium
EMP5391,Nancy Banks,Marketing,11.7,3.1,10,9,Remote,45,114817.0,28,High
EMP5062,Wesley Bentley,Operations,10.0,3.1,4,1,Hybrid,84,245025.0,30,Medium
EMP3234,Elizabeth Swanson MD,Finance,8.0,4.4,9,8,Hybrid,75,249514.0,24,Low
EMP4211,Tyler Shea,Support,6.4,8.1,9,5,Hybrid,40,71897.0,23,Medium
EMP1963,Matthew King,Support,14.7,6.9,8,5,Onsite,100,216770.0,23,Low
EMP4415,Tasha Perez,Finance,11.4,3.8,9,6,Onsite,82,38010.0,2,High
EMP5051,Mikayla Foster,HR,9.4,6.2,8,12,Remote,50,168524.0,29,Medium
EMP1398,Jillian Patterson,Operations,7.4,4.2,4,6,Hybrid,71,40701.0,4,Low
EMP3632,Kayla Snyder,HR,,5.4,9,1,Remote,49,237211.0,19,High
EMP5684,,Finance,4.6,3.2,3,2,Remote,44,201920.0,9,High
EMP3996,Kelsey Powers,Marketing,9.2,8.6,3,6,Remote,80,103209.0,1,Low
EMP1704,Lisa Dunn,Operations,5.2,5.7,1,3,Remote,73,165999.0,12,High
EMP1431,James Fox,HR,12.7,7.3,1,6,Hybrid,68,217042.0,13,Medium
EMP5838,Jennifer Allen,Finance,10.7,5.2,2,11,Onsite,83,199862.0,30,Medium
EMP1292,Angela Phillips,Sales,6.8,5.0,2,7,Onsite,94,122275.0,2,Low
EMP1838,,Finance,11.1,7.2,9,11,Remote,89,78664.0,4,High
EMP1145,Tyler Warren,HR,14.7,3.3,6,3,Remote,48,231301.0,18,High
EMP5510,Drew Dominguez,IT,4.2,4.1,10,9,Hybrid,67,50082.0,30,Low
EMP3033,Jason Burke,Sales,12.5,7.0,8,9,Hybrid,53,,21,Low
EMP4741,Donald Medina,Finance,ten,6.3,3,5,Hybrid,91,187187.0,27,Medium
EMP5361,Kristine Gordon,IT,10.8,8.1,8,0,Onsite,45,31593.0,24,Low
EMP2165,Seth Delgado,Finance,8.7,5.2,6,5,Onsite,92,87808.0,30,Medium
EMP4500,Erik Ewing,Finance,10.2,6.3,1,3,Remote,87,106180.0,20,Low
EMP3050,Kathleen Ellis,Support,13.4,3.3,5,10,Hybrid,48,207427.0,8,Low
EMP4760,Amy Chapman,Sales,13.5,6.4,2,3,Hybrid,65,fifty thousand,4,Medium
EMP3624,Russell Rivera,Finance,5.6,5.3,7,10,Onsite,60,204594.0,25,High
EMP5539,Stephen Allen,Finance,9.7,7.3,5,11,Onsite,59,36314.0,12,High
EMP1339,Kristen Luna,IT,9.3,5.9,8,11,Hybrid,84,143606.0,10,Low
EMP5140,William Knapp,Finance,8.0,,8,4,Hybrid,93,236842.0,6,Medium
EMP4961,Annette Scott,Sales,7.5,6.0,2,5,Onsite,60,209151.0,11,High
EMP3973,Frank Hammond,Sales,ten,3.2,4,7,Remote,57,136360.0,18,Low
EMP1265,Michael Price,Sales,9.0,6.8,9,7,Hybrid,96,60179.0,27,Medium
EMP3424,Julie Olson,Operations,5.4,8.2,8,0,Remote,85,175607.0,0,Low
EMP2262,Alexandra Miller,IT,9.9,3.0,6,10,Onsite,78,121760.0,10,High
EMP2771,Yvonne Hall,Finance,4.1,5.0,5,0,Remote,91,173918.0,18,Low
EMP4511,Caitlin Campbell,IT,5.4,4.5,2,12,Hybrid,43,149227.0,29,Low
EMP1271,Joshua Mays,Finance,5.8,7.1,5,11,Hybrid,47,192434.0,29,High
EMP1696,Sarah Lewis,Support,12.4,8.3,7,6,Onsite,59,141130.0,23,High
EMP1747,James Parker,Operations,10.2,3.6,8,1,Onsite,69,106367.0,21,Medium
EMP1244,Rita Chavez,Sales,12.7,5.0,6,12,Hybrid,49,77181.0,19,High
EMP1317,Erin Brown,Operations,6.5,6.3,7,6,Hybrid,51,203177.0,18,Low
EMP1476,Heather Velazquez,Sales,14.4,3.4,4,8,Hybrid,47,203440.0,12,Medium
EMP3032,Tyler Nelson,Support,9.9,8.4,7,0,REMOTE,72,217086.0,25,Medium
EMP1957,Jennifer King,Sales,11.8,5.6,8,0,Hybrid,68,118459.0,22,Medium
EMP1028,Jonathan Smith,IT,12.9,8.1,2,0,Remote,81,166711.0,26,Low
EMP1813,Joe Maxwell,Support,4.1,8.6,10,4,Hybrid,66,206797.0,25,High
EMP5325,Christopher Bell,Marketing,,3.1,10,5,Remote,69,195535.0,14,Medium
EMP2914,Stacey Herrera,HR,11.3,3.1,10,4,Hybrid,61,126645.0,11,Medium
EMP4810,Katie Holmes,Marketing,5.5,8.2,2,0,Remote,95,95532.0,12,Medium
EMP5769,Angela Armstrong,IT,14.4,4.6,6,6,Hybrid,69,233422.0,15,High
EMP4487,Ms. Angelica Bell,Marketing,10.1,7.7,4,1,Hybrid,55,91938.0,4,Medium
EMP2297,Veronica Williams,Operations,7.4,6.9,7,2,Hybrid,43,,11,Low
EMP5216,Lydia Nguyen,HR,11.8,7.6,9,3,Onsite,80,80906.0,15,High
EMP2804,Stephanie Martin,Sales,4.4,6.3,1,10,Onsite,92,149892.0,29,Medium
EMP1758,Elizabeth Ponce,HR,11.3,5.7,5,6,Remote,79,176501.0,14,High
EMP1250,Lauren Olson,IT,9.8,7.3,7,2,Onsite,92,203448.0,7,High
EMP3461,Emily Cooper,IT,12.4,4.5,6,10,Hybrid,76,114251.0,4,Medium
EMP1545,Kathy Smith,IT,4.2,7.0,9,0,Onsite,81,213818.0,19,High
EMP4241,Michael Knapp,Finance,10.8,5.5,5,1,Remote,57,148923.0,25,Low
EMP1738,Jessica Lee,IT,6.3,3.2,7,11,Hybrid,95,161929.0,3,Low
EMP1310,Lisa Dennis,Support,5.9,6.0,7,10,Remote,90,111840.0,18,High
EMP5080,Randy West,Operations,13.6,7.7,7,11,Onsite,76,227230.0,25,Medium
EMP3941,Tammy Anthony,Finance,11.1,3.5,3,12,Remote,50,89404.0,29,Medium
EMP2131,Nicolas Johnson,HR,14.8,3.6,9,12,Hybrid,99,247944.0,18,Low
EMP2449,Jennifer Taylor,HR,6.5,5.1,8,4,Remote,90,247778.0,28,Low
EMP1373,,HR,10.7,4.0,6,11,Hybrid,53,189647.0,23,High
EMP1015,Lee Mercer,Operations,7.7,4.8,3,7,Hybrid,40,214292.0,28,High
EMP4232,Timothy Walker,Sales,6.5,3.6,4,10,Hybrid,51,120320.0,5,Low
EMP3769,Christopher Terrell,HR,4.4,4.8,9,6,Remote,46,205235.0,12,Medium
EMP4468,Allen King,Finance,7.3,5.1,3,8,Remote,46,106697.0,6,Low
EMP1920,Lauren Brown,HR,5.8,7.1,4,6,Remote,55,54768.0,4,Low
EMP4029,Adam Larsen,Sales,5.7,6.1,4,5,Hybrid,93,85850.0,0,Medium
EMP2372,Larry Velasquez,Support,5.2,8.7,2,4,Hybrid,61,205334.0,19,Medium
EMP4587,Natasha Riddle,Marketing,4.8,7.4,7,0,Onsite,83,50145.0,12,Medium
EMP3544,Dawn George,Support,6.4,8.8,9,10,Hybrid,51,210096.0,2,High
EMP4959,Michelle Torres,IT,10.9,7.6,9,6,Remote,72,54613.0,27,Medium
EMP4598,Joseph Paul,Marketing,11.1,,6,2,Hybrid,98,210627.0,15,High
EMP1038,David Clark,Operations,13.2,7.2,10,12,Onsite,81,163658.0,0,Medium
EMP1363,Robert Duncan,HR,5.0,8.8,6,1,Hybrid,90,165096.0,12,Low
EMP5253,Jason Delgado,Operations,7.0,4.3,2,9,Onsite,73,234963.0,22,Medium
EMP1182,Lee Sharp,HR,14.5,5.7,6,11,Remote,45,157264.0,20,Low
EMP4033,Rachael Hayes,Support,5.1,6.2,10,5,Onsite,70,65091.0,24,High
EMP3983,Jason Black,Sales,12.4,6.5,1,7,remote,52,237227.0,18,High
EMP2194,Kevin Ramirez,Marketing,14.8,6.9,10,6,Remote,49,189357.0,23,Low
EMP3852,Charles White,,9.3,7.6,9,3,Remote,71,113826.0,26,Medium
EMP5065,Brandon Ruiz,IT,6.6,5.2,5,1,Remote,93,129571.0,25,High
EMP2121,Robert Boone,Marketing,13.2,6.6,3,4,Remote,47,165156.0,23,Low
EMP3940,,Sales,12.3,8.9,8,2,Hybrid,75,132790.0,6,Low
EMP3235,Victor Martinez,Marketing,13.8,8.6,9,12,Hybrid,98,,24,Low
EMP3667,Mark Lopez,Operations,10.0,4.8,8,2,Onsite,87,202093.0,0,Low
EMP5013,Jordan Hayes,HR,12.5,4.5,4,9,Remote,69,128789.0,22,High
EMP4223,Joel Mann,HR,10.0,8.0,3,6,Remote,92,176568.0,21,High
EMP2182,Randall Cruz,Support,9.7,6.6,4,1,Hybrid,65,27408.0,17,Medium
EMP5338,Aaron Miller,,11.9,6.1,6,6,Onsite,41,111346.0,19,Low
EMP5451,Melanie Ray,Finance,8.6,6.2,9,10,Onsite,86,45779.0,10,Low
EMP1614,Bill Frey,Marketing,15.0,8.1,high,8,Hybrid,86,107766.0,25,Medium
EMP1655,,Sales,6.0,3.2,2,7,Onsite,52,50887.0,1,Medium
EMP2466,Robert Robinson,Operations,8.3,7.3,5,8,Onsite,69,136105.0,18,High
EMP1401,Chris Walters,Operations,6.6,4.6,6,12,Hybrid,65,208691.0,26,Medium
EMP4042,Melissa Bradford,Finance,7.5,3.4,1,11,Remote,93,148321.0,13,High
EMP1934,Carlos Mcdonald,IT,13.7,7.6,7,12,Hybrid,42,96837.0,27,Medium
EMP3419,Patrick Wright,Sales,6.0,3.4,9,10,Remote,91,243834.0,20,Medium
EMP5215,Scott Day,Operations,7.3,4.7,5,2,Remote,80,209972.0,28,Medium
EMP5680,Joshua Brown,Finance,6.2,8.1,6,6,Remote,91,203947.0,15,High
EMP3641,Beth Lawson,Support,8.6,6.0,7,4,Onsite,97,27211.0,3,Low
EMP5205,Jeremiah Johnson,Marketing,7.0,8.2,8,7,Remote,42,29088.0,22,Medium
EMP1726,William Patterson,Support,12.8,9.0,7,0,Onsite,61,116658.0,17,Low
EMP1826,Sara Ortega,Finance,ten,5.8,3,12,Onsite,61,82633.0,28,Low
EMP2521,Robin Gill,HR,12.4,6.3,1,8,Remote,53,119921.0,17,High
EMP4911,Brandon Lopez,Finance,13.0,5.8,4,1,Hybrid,41,76886.0,3,Medium
EMP5919,Karen Dominguez,Sales,6.0,7.1,4,0,Remote,61,147037.0,26,Medium
EMP3930,Ana Fields,Operations,10.9,7.1,9,12,Remote,47,179848.0,5,Medium
EMP1136,Russell Spencer,Support,13.5,7.3,7,12,Hybrid,75,120885.0,2,Low
EMP4590,Lindsay Jackson,Finance,7.7,5.5,10,12,Hybrid,100,85116.0,15,Low
EMP1628,Kimberly Huber,Sales,10.5,5.7,10,6,Hybrid,73,192716.0,20,Medium
EMP1334,Aaron Scott,Sales,5.2,4.5,6,2,Onsite,81,185609.0,1,High
EMP4853,Gregory Maynard,Finance,13.0,5.0,1,7,Hybrid,85,48533.0,11,High
EMP1390,James Neal,Marketing,4.0,8.2,1,3,Remote,42,148670.0,11,Low
EMP5549,Candace Orr,Sales,9.1,7.2,9,2,Hybrid,96,51360.0,3,Medium
EMP3846,,Marketing,ten,4.6,10,10,Onsite,58,246616.0,20,Medium
EMP5113,Marie Molina,Sales,4.9,8.6,3,10,Remote,94,169434.0,21,Medium
EMP2817,Ian Zhang,Operations,12.4,5.9,10,12,Remote,79,164090.0,23,High
EMP4990,Scott Gray,Operations,10.7,7.8,10,9,Onsite,85,133973.0,3,Low
EMP1400,Julie Tyler,Marketing,5.1,3.8,7,1,Onsite,77,173850.0,1,Low
EMP1710,Emily Dalton,HR,11.0,3.5,7,11,Hybrid,90,159130.0,19,High
EMP2039,James Parker,Support,7.0,8.8,2,3,Remote,88,170413.0,20,Medium
EMP1777,Heather Landry,Marketing,11.3,5.2,3,4,Remote,90,208703.0,7,High
EMP4359,Mike Turner,Operations,9.1,8.9,1,4,Onsite,98,115410.0,15,Medium
EMP1046,Michele Villanueva,Operations,13.7,3.1,6,12,Onsite,99,132928.0,25,Low
EMP2561,Brandon Lynch,,11.0,5.9,8,11,Remote,95,194750.0,24,Low
EMP4948,Ryan Wade,Marketing,4.7,7.0,9,1,Onsite,71,202279.0,28,Low
EMP5975,Thomas Duncan,Finance,14.3,8.4,7,4,Onsite,75,89142.0,23,Low
EMP2669,,Support,7.5,7.7,6,8,Remote,75,218728.0,6,High
EMP4642,Colton Harding,IT,6.7,5.0,6,5,Hybrid,52,247553.0,1,Low
EMP4726,David Jordan,Sales,12.7,4.6,1,7,Remote,74,138371.0,22,High
EMP1926,,Marketing,10.6,7.6,6,5,Onsite,93,178177.0,23,High
EMP2112,James Johnson,Finance,11.1,8.5,6,11,Hybrid,93,211554.0,25,High
EMP3513,Cody Stanley,Marketing,13.5,7.7,7,11,Hybrid,76,201983.0,8,Medium
EMP4608,Monique Anderson,HR,8.3,5.5,8,4,Remote,41,94504.0,27,Medium
EMP2223,Kevin May,,12.2,6.3,8,12,Onsite,95,27803.0,30,High
EMP2755,,Operations,8.1,8.4,4,5,Remote,74,118604.0,2,Medium
EMP4023,Sophia Harrison,IT,6.1,7.6,2,2,Remote,48,130500.0,0,Low
EMP3421,Kayla Beard,Operations,14.4,5.0,10,1,Hybrid,68,38997.0,25,High
EMP2508,Valerie Schaefer,HR,14.4,6.8,4,2,Onsite,77,123620.0,27,Low
EMP2750,Jeffery Parker,HR,10.7,8.8,6,3,Onsite,68,241566.0,1,Low
EMP4021,,HR,14.1,5.6,5,1,Remote,55,91796.0,16,High
EMP5248,Adam Schroeder,Support,11.4,4.1,10,3,Remote,46,34265.0,7,High
EMP2799,Christopher Whitney,Operations,4.6,5.3,5,8,Remote,44,84044.0,5,Medium
EMP1338,Elizabeth Zavala,Support,14.1,3.5,3,5,Remote,59,114932.0,14,High
EMP1215,Kyle Parks,Support,8.9,5.7,6,9,Remote,67,96973.0,20,Low
EMP4663,Leah Schultz,Support,4.4,8.4,6,10,Remote,93,117908.0,13,Low
EMP2341,Cody Johnson,Marketing,5.1,7.8,9,1,Onsite,80,176239.0,25,Medium
EMP1011,Anthony Morrison,Operations,9.0,4.6,4,11,Onsite,75,166289.0,8,Medium
EMP4886,Timothy Hernandez,HR,13.3,5.4,8,3,Hybrid,73,158693.0,15,Medium
EMP2520,Jonathan Nguyen,Operations,5.4,6.2,1,12,Hybrid,64,48659.0,24,Medium
EMP4894,Jonathan Patel,Finance,8.0,7.0,9,9,Remote,87,36397.0,26,High
EMP4640,Jordan Smith,IT,12.2,4.5,1,9,Onsite,87,51635.0,5,Medium
EMP1329,Felicia Booker,Sales,5.3,6.4,10,8,Remote,51,203706.0,24,High
EMP5075,Douglas Alexander,Support,12.7,5.8,8,10,Hybrid,84,196429.0,21,High
EMP4004,Jeffrey Roberts,Marketing,13.9,4.6,5,3,Onsite,60,235519.0,19,High
EMP3864,Brianna Kim,Marketing,7.5,4.4,3,1,Onsite,63,43682.0,12,Medium
EMP5026,Mr. Ryan Powers,Finance,,3.1,4,6,Remote,77,179106.0,19,High
EMP4115,Robert Smith,Operations,13.2,7.2,10,12,Onsite,44,92551.0,19,Medium
EMP4351,,Operations,7.5,5.1,4,7,Hybrid,100,243738.0,11,Medium
EMP3322,Michael Mcdonald,Sales,13.9,8.4,2,7,Onsite,41,,26,High
EMP3571,Jessica Cole,Finance,12.4,6.0,5,9,Remote,68,180473.0,14,Medium
EMP3913,Jose Taylor,Sales,12.8,7.1,1,3,Onsite,94,131121.0,18,High
EMP1101,Sheila Wilkerson,Finance,11.1,8.5,3,1,Onsite,43,68495.0,25,High
EMP4549,Aaron Jordan,Sales,14.9,7.2,7,12,Hybrid,42,56854.0,22,Low
EMP2458,Kevin Valdez,Marketing,13.8,4.9,9,8,Onsite,46,39155.0,11,High
EMP1171,Matthew Robinson,Operations,14.1,8.2,10,6,Hybrid,76,131017.0,22,Medium
EMP1107,Kyle Ortiz,Support,,5.0,8,4,Onsite,82,129976.0,26,Low
EMP5351,Courtney Mccarthy,Operations,7.6,8.9,5,5,Onsite,63,85398.0,17,Low
EMP4569,Melanie Wang,HR,14.3,5.5,3,12,Remote,50,174382.0,11,High
EMP2807,Nicole Cobb,Operations,,7.4,7,4,Remote,96,67026.0,11,Medium
EMP4874,Brian Green,Sales,6.4,,10,7,REMOTE,100,161427.0,24,High
EMP5453,Richard Martin,Support,13.3,4.6,high,7,Hybrid,64,52083.0,21,Low
EMP1024,Michaela Reyes,Marketing,6.4,3.8,10,9,Hybrid,70,88700.0,25,Low
EMP5127,Brittany Summers,Finance,7.4,4.0,5,0,Hybrid,88,215531.0,4,Medium
EMP5275,Alec Bell,Operations,5.4,6.6,5,8,Onsite,73,137929.0,12,Low
EMP1938,Nicholas Vazquez,Sales,6.2,4.8,10,1,Onsite,47,66372.0,7,High
EMP1060,Katherine Holland,Marketing,8.6,6.8,4,11,Remote,84,125657.0,15,Low
EMP2240,Brian Lopez,Marketing,7.8,3.1,4,0,Onsite,83,242536.0,10,High
EMP5806,Melissa Carlson,Marketing,10.9,,7,5,Remote,61,92437.0,14,Medium
EMP2040,Elaine Harper,Sales,10.3,5.7,9,3,Remote,90,62320.0,11,Low
EMP5858,Brendan Morris,HR,5.1,7.6,3,0,Onsite,40,189412.0,4,Low
EMP3760,Bethany Moreno,HR,14.4,5.1,9,10,Onsite,95,134872.0,0,Low
EMP3120,Joseph Silva,Sales,13.5,4.5,9,1,Onsite,96,170697.0,29,Low
EMP2524,Richard Moore,HR,4.5,4.7,1,3,Remote,80,227483.0,22,Medium
EMP4521,Terri Perry,IT,5.9,5.5,4,0,Hybrid,58,203251.0,3,Medium
EMP1153,Krystal Payne,Marketing,10.9,6.5,6,6,Onsite,78,164082.0,9,High
EMP3248,Matthew Willis,Support,5.5,8.0,3,3,Onsite,78,62542.0,28,Low
EMP1481,Samuel Griffin,IT,12.0,8.7,6,12,Onsite,93,164207.0,6,Low
EMP5388,Michelle Owen,IT,4.8,4.3,2,5,Hybrid,59,162806.0,30,Medium
EMP5463,Sheri Swanson,,13.3,3.6,7,2,Hybrid,52,202666.0,18,High
EMP4578,Gabriel Pope,Sales,14.9,6.7,8,10,Hybrid,95,27164.0,7,High
EMP5278,Albert Collins,Sales,14.3,3.5,7,12,Onsite,43,231279.0,26,Low
EMP4920,Cindy King,Sales,7.1,4.7,9,6,Hybrid,69,182141.0,9,High
EMP4562,Christopher Green MD,Operations,11.7,4.8,7,5,Onsite,84,48818.0,3,High
EMP4315,Margaret Parker,Sales,9.1,8.0,3,5,Hybrid,91,237753.0,0,High
EMP2762,Brenda Francis,HR,6.4,5.7,9,11,Onsite,83,104865.0,10,High
EMP4538,William Gray,IT,8.6,4.8,7,3,Remote,71,171945.0,16,High
EMP5979,Kimberly Mcknight,IT,8.1,4.1,5,8,Onsite,89,171627.0,19,High
EMP1750,David Ballard Jr.,HR,9.3,8.1,5,12,Onsite,62,183450.0,18,Low
EMP4619,Dr. Kathryn Strickland MD,IT,8.7,4.9,5,7,Onsite,68,136424.0,29,High
EMP2785,Richard Jones,Operations,13.6,7.4,9,2,Remote,72,122209.0,21,Low
EMP3711,Steven Bates,Finance,6.0,7.1,6,2,Hybrid,47,141698.0,22,Medium
EMP2333,Sandra Stephens,Sales,4.2,8.6,2,7,Remote,87,222060.0,19,High
EMP5617,Krista Jordan,HR,11.2,7.8,3,12,Hybrid,99,159031.0,18,High
EMP3854,David Bates,IT,12.0,6.3,6,7,Remote,95,156203.0,1,High
EMP1186,Suzanne Rogers,Marketing,4.9,7.0,6,4,Remote,81,208102.0,21,High
EMP2136,Devin Harris,IT,5.5,6.0,4,2,Remote,64,78578.0,20,High
EMP3058,Jamie Brooks,Sales,12.9,5.4,2,4,Remote,50,179888.0,30,Low
EMP5353,Angela Cole,Operations,11.8,,9,8,Onsite,71,103440.0,10,High
EMP1148,Jessica Palmer,Finance,5.4,5.1,4,9,Remote,60,29136.0,5,Low
EMP4363,Patricia Bond,IT,4.7,8.5,8,6,Hybrid,89,216324.0,14,Low
EMP3866,James Walker,IT,11.3,8.6,6,3,Remote,59,169166.0,2,Medium
EMP4776,Jerry Wood,HR,13.3,6.8,8,12,Remote,55,36693.0,7,Medium
EMP2386,Michael Hart,IT,4.5,4.5,2,3,Onsite,47,38929.0,28,Medium
EMP5904,Kim Murphy,IT,12.0,5.4,6,2,Onsite,85,87848.0,19,High
EMP4629,Michael Ramirez,Marketing,4.2,8.4,3,11,Onsite,54,230282.0,16,Low
EMP5669,Justin Jones,Support,6.8,4.6,7,2,Hybrid,89,101636.0,9,Low
EMP4028,Holly Palmer DDS,Sales,7.3,7.5,3,4,Onsite,98,27977.0,10,High
EMP3969,Denise Clark,Operations,14.2,8.4,2,5,Remote,82,102839.0,28,High
EMP5516,Melanie Anthony,Marketing,8.4,3.3,4,3,Hybrid,65,47661.0,28,Medium
EMP2708,Hannah Silva,Sales,6.0,7.0,6,11,Onsite,69,200205.0,18,High
EMP3953,Hunter Gonzalez,IT,14.3,7.3,7,5,Onsite,57,239205.0,9,Low
EMP1454,Edward Burgess,Operations,7.7,7.8,5,4,Onsite,93,153875.0,27,Low
EMP1609,Jerry Castillo,Sales,4.1,7.0,7,9,Hybrid,46,110311.0,11,Low
EMP5405,Duane Hernandez,Finance,13.3,7.9,4,4,Hybrid,94,141222.0,29,High
EMP3074,Craig Shepard,Operations,7.0,5.9,8,2,Hybrid,41,229736.0,7,Medium
EMP5052,Amy Allen,IT,6.1,4.0,9,11,Remote,87,219642.0,0,Medium
EMP5220,Christina Saunders,Operations,14.6,7.1,9,12,remote,78,97769.0,2,Medium
EMP2622,William Williams,Operations,7.1,7.6,2,10,Onsite,96,205052.0,30,Medium
EMP5552,Kathleen Randolph,HR,13.0,3.9,6,1,Onsite,53,121572.0,12,High
EMP1040,David Best,Finance,7.1,4.3,6,3,Onsite,83,191261.0,27,Medium
EMP3089,Nicholas Johnson,Finance,12.3,7.4,8,3,Remote,90,132953.0,28,Low
EMP4924,Mark Howard,IT,12.9,7.9,1,7,Hybrid,73,52069.0,3,Low
EMP3175,Renee Krause,IT,13.9,8.1,3,7,Onsite,88,83650.0,0,High
EMP1074,Nicholas James,Operations,13.2,5.8,9,0,Remote,100,116740.0,7,High
EMP5157,Kelly Townsend,Operations,13.9,3.5,2,3,Remote,91,104325.0,23,Medium
EMP5524,,Support,9.2,3.3,8,9,Remote,58,74373.0,4,High
EMP3657,Frederick Mitchell,Marketing,13.4,4.1,9,3,Onsite,96,156491.0,19,Low
EMP4180,Sarah Bell,Marketing,14.3,8.9,6,0,Remote,52,,17,Medium
EMP3076,Denise Adkins,Operations,9.7,7.1,5,10,Hybrid,73,234573.0,9,Low
EMP1441,John Hunter,HR,5.0,6.3,3,5,Hybrid,96,124993.0,11,Low
EMP3051,Isaiah Fisher,Finance,7.1,8.1,2,8,Onsite,63,44690.0,15,Medium
EMP3541,Lori Murphy,IT,5.0,5.1,1,7,Onsite,65,49022.0,29,Medium
EMP2301,Barbara Wright,Marketing,4.5,4.9,5,0,Onsite,62,222048.0,9,Low
EMP4430,Tara Wheeler,IT,10.7,5.8,7,11,Onsite,95,118317.0,20,Low
EMP2304,Lance Dalton,Operations,7.2,3.9,8,1,Remote,96,189089.0,2,Low
EMP1236,Joan Olson,Sales,13.5,4.9,6,6,Onsite,48,224403.0,11,Low
EMP5677,Keith Johnson,Finance,8.7,8.9,4,2,Hybrid,55,46951.0,26,High
EMP3599,Jeffery Mcintosh,Operations,12.3,8.8,3,12,Hybrid,81,48506.0,20,Medium
EMP3573,Crystal Smith,IT,4.3,4.5,6,11,Onsite,54,148275.0,6,High
EMP4280,Sherry Jones,Operations,5.9,6.8,2,5,Remote,58,37552.0,2,Low
EMP4186,Jacob Taylor,HR,6.3,3.7,10,7,Onsite,63,143752.0,22,High
EMP4953,Melissa Ellison,Operations,,6.6,7,8,Onsite,52,108064.0,29,High
EMP3768,Patricia Hammond,Sales,,7.2,4,2,Onsite,66,51130.0,3,Low
EMP3106,Katherine Mcdonald,Support,11.0,3.5,6,7,Hybrid,50,203608.0,8,Low
EMP3679,Gabriela Barber,Sales,8.4,8.8,1,6,Remote,65,100989.0,17,Low
EMP3761,Aimee Chavez,Operations,8.4,5.1,3,0,Remote,99,93672.0,2,Low
EMP2387,Kimberly Hunt,Operations,6.6,6.2,5,3,Hybrid,96,187587.0,22,Medium
EMP5867,Eric Green,HR,9.1,6.8,9,7,Onsite,40,59963.0,15,Low
EMP5692,Jeffrey Conway,Operations,13.1,6.1,4,10,Remote,87,fifty thousand,10,High
EMP2279,Elizabeth Jones,IT,6.0,5.6,5,9,Hybrid,92,100236.0,11,Medium
EMP3527,,Operations,6.9,7.1,8,0,Remote,47,155343.0,6,High
EMP2555,Connor Salazar,Marketing,8.9,7.2,5,10,Onsite,47,171251.0,28,Medium
EMP4190,Lucas Young,Support,4.8,5.1,5,8,Hybrid,55,177850.0,13,Low
EMP5862,Martha Brooks,Marketing,10.8,6.6,4,1,Onsite,82,227711.0,14,Medium
EMP4594,Rebekah Riley,Marketing,12.3,8.2,5,8,Remote,90,43702.0,20,High
EMP2920,Kaylee Mcintyre,Operations,6.4,,1,10,Remote,48,180563.0,27,High
EMP1513,Rhonda Grimes PhD,HR,9.4,7.9,7,1,Remote,56,185131.0,6,Medium
EMP2308,Sharon Hartman,Support,14.9,3.6,1,2,Remote,89,106144.0,17,Medium
EMP1914,Carla Walters,Operations,6.3,7.8,5,8,Onsite,91,103619.0,13,Medium
EMP4452,Sharon Jordan,IT,7.2,3.1,6,7,Onsite,96,229968.0,22,Medium
EMP4695,David Barrett,Marketing,11.7,6.0,1,10,Onsite,61,221447.0,6,Medium
EMP4156,Daniel Smith,Finance,9.9,3.9,3,6,Onsite,92,119847.0,26,Medium
EMP3198,Jeffrey Nelson,,4.3,7.7,10,8,Onsite,86,191894.0,13,Low
EMP1774,Matthew Pitts,Operations,10.9,6.5,10,0,Onsite,82,101481.0,25,Low
EMP1943,John Tucker,Sales,10.8,6.6,3,1,Remote,63,69596.0,30,Low
EMP1822,Amber Boyd,Operations,13.9,4.4,2,5,Hybrid,54,50706.0,7,Low
EMP1164,Daniel Gonzales,Operations,9.8,5.3,8,5,Hybrid,50,122007.0,9,High
EMP4983,Courtney Mullins,Sales,6.2,5.7,4,9,Remote,47,138964.0,24,High
EMP3538,Jackie Mendez,Operations,7.9,8.4,4,3,Onsite,49,69296.0,4,Medium
EMP5951,David Jackson,Support,12.3,8.4,10,4,Hybrid,76,,24,Medium
EMP2311,Traci Burton,Marketing,14.3,8.8,8,0,Onsite,63,100137.0,12,High
EMP5713,Sherry Tucker,IT,7.0,3.2,7,5,Remote,82,121097.0,3,High
EMP5331,Donna Henderson,Marketing,12.4,4.9,9,2,Onsite,57,236789.0,30,High
EMP5814,Nicholas Casey,Support,5.2,8.9,6,9,Hybrid,55,173729.0,22,Medium
EMP4300,Dr. Jose Guzman DDS,Sales,10.1,3.2,8,8,Remote,55,32657.0,4,Low
EMP4310,Alejandro Santos,IT,9.7,7.8,7,0,Hybrid,64,42479.0,23,Medium
EMP1327,Sarah Valdez,Marketing,5.5,4.9,4,7,Hybrid,60,71566.0,30,Medium
EMP3490,Ellen Joseph,IT,5.4,6.8,1,2,Hybrid,42,191210.0,6,High
EMP5857,Scott Morrow,IT,10.1,3.0,3,2,Hybrid,99,234662.0,0,Low
EMP1832,Daniel Valentine,IT,12.0,8.7,3,5,Remote,58,87668.0,20,Medium
EMP4079,Vincent Rodriguez Jr.,Support,12.4,5.4,7,2,Onsite,95,69007.0,19,Medium
EMP4462,Tyler Price,Operations,4.3,7.3,5,5,Remote,91,40616.0,11,High
EMP5553,Blake Baxter,it,14.3,7.0,5,11,Remote,73,230110.0,21,Medium
EMP1054,Scott Allen,Finance,11.3,3.7,5,8,remote,59,199821.0,13,High
EMP5064,Heather Williams,Sales,6.1,3.7,3,12,Onsite,88,93815.0,4,Medium
EMP4451,Lawrence Nguyen,Support,8.7,4.6,10,7,Onsite,63,87709.0,15,High
EMP2901,Donald Snyder MD,Finance,10.0,5.2,6,11,Onsite,75,166758.0,4,High
EMP2481,Robert Clark,IT,4.4,7.4,7,12,Remote,81,45563.0,30,High
EMP5150,Raymond Smith,Sales,,5.3,10,4,Onsite,69,78079.0,0,High
EMP4335,Laura Thompson,Sales,12.1,8.0,8,0,Hybrid,90,219010.0,3,Medium
EMP1946,Christopher Sellers,HR,10.6,9.0,5,11,Hybrid,83,74640.0,13,Low
EMP4293,Eric Cole,HR,5.9,6.0,2,1,Remote,62,232812.0,21,Low
EMP3161,Crystal Young MD,HR,11.4,7.6,8,1,Onsite,96,161894.0,9,Medium
EMP4057,Bryce Miller,Support,11.9,6.6,10,1,Onsite,74,244963.0,23,High
EMP1768,James Spears,Sales,9.5,5.5,9,9,Hybrid,63,33771.0,1,High
EMP2615,,HR,14.2,3.1,6,5,Hybrid,62,240647.0,14,High
EMP4495,Patricia Martinez,Sales,13.0,3.9,2,9,Remote,75,89536.0,12,Medium
EMP1285,Kendra Brown,Marketing,10.5,5.7,1,3,Remote,87,36596.0,12,High
EMP3094,,IT,6.2,6.8,5,10,Remote,67,65351.0,22,Medium
EMP5614,Levi Jones,IT,12.8,3.8,5,2,Hybrid,67,115794.0,9,High
EMP3332,Timothy Floyd,Support,9.4,6.3,4,2,Onsite,71,99479.0,21,High
EMP3717,Frank Mendoza,Sales,10.4,3.2,1,1,Hybrid,43,164530.0,19,Medium
EMP3079,Stacy Baker,Sales,14.8,3.0,1,5,Hybrid,89,205784.0,24,High
EMP4389,James Adams,HR,4.1,7.7,6,3,Hybrid,50,241460.0,14,Medium
EMP1722,John Robinson,Sales,10.7,3.7,9,1,Onsite,70,214811.0,22,Medium
EMP1951,Adam Roman,Sales,6.8,6.7,5,6,Remote,82,122229.0,4,High
EMP5526,Jason Davis,HR,12.6,6.8,6,11,Onsite,47,175349.0,0,Low
EMP3262,Logan Carr,HR,6.9,4.5,8,9,Hybrid,85,215062.0,3,High
EMP1989,Terri Gray,Operations,6.4,8.5,6,9,Hybrid,94,245847.0,22,Low
EMP4212,Carlos Thomas,Operations,4.7,7.3,4,12,Hybrid,57,229337.0,9,High
EMP2759,Anthony Hatfield,Operations,10.5,3.4,3,0,Remote,75,142563.0,17,Medium
EMP5259,Mr. Christopher Cunningham,IT,12.0,3.8,9,3,Remote,80,235446.0,18,High
EMP2724,Daniel Jones,Marketing,13.0,7.6,4,6,Hybrid,90,66797.0,20,High
EMP1341,Carl Baker,Support,,6.3,6,8,Hybrid,67,146124.0,7,High
EMP4701,Barry Graham,IT,7.2,5.4,8,8,Hybrid,79,228623.0,26,Medium
EMP1688,Brian Franco,Finance,9.5,,1,0,REMOTE,55,163783.0,9,Medium
EMP4432,Erika Smith,HR,13.6,3.8,9,8,Hybrid,91,81818.0,13,High
EMP1966,Erik Forbes,Marketing,8.3,5.4,3,1,Onsite,59,153672.0,25,Medium
EMP5900,Martin Payne,HR,11.8,6.0,8,2,Remote,79,184300.0,28,High
EMP3203,Scott Greene,Sales,4.8,6.9,3,1,Hybrid,76,61370.0,10,Medium
EMP3713,David Patel,HR,5.1,6.4,2,5,Hybrid,67,204715.0,15,Medium
EMP5572,Rebecca Ortiz,Finance,9.7,7.4,4,6,Hybrid,77,208980.0,27,High
EMP4572,Dylan Harmon,Operations,,4.8,7,6,Remote,83,,16,Medium
EMP2990,Darrell Kent,Operations,6.1,8.5,3,0,remote,46,63257.0,23,Medium
EMP5120,Courtney Paul,Operations,11.7,7.7,3,7,Hybrid,49,163722.0,14,Low
EMP5254,David Villanueva,Operations,12.3,7.1,2,7,Hybrid,100,135353.0,18,High
EMP5917,Jasmin Wall,IT,12.4,6.4,2,5,Hybrid,55,248888.0,0,Medium
EMP4600,Kimberly Caldwell,Marketing,8.6,4.5,5,3,Onsite,80,181010.0,8,High
EMP5733,Kimberly Lawrence,Finance,7.1,3.4,6,0,Remote,50,233481.0,23,Low
EMP1144,Laura Harmon,Operations,8.4,4.1,2,7,Onsite,45,198740.0,6,High
EMP5277,John Johns,Sales,13.8,6.8,4,10,Hybrid,70,159767.0,11,High
EMP1385,Ashley Jordan PhD,HR,11.2,4.1,1,11,Hybrid,48,,0,Medium
EMP5531,Melinda Marshall,HR,12.5,4.6,8,7,Remote,42,192716.0,20,Medium
EMP5921,Sylvia Bush,Operations,14.8,8.4,4,11,Hybrid,70,,20,Low
EMP1536,Anthony Briggs,Support,6.4,4.3,6,5,Onsite,63,101958.0,6,High
EMP5836,David Davenport,HR,4.5,3.5,8,2,Remote,51,179753.0,17,Low
EMP5212,Erin Nichols,Operations,7.1,7.4,10,7,Remote,85,48880.0,21,Low
EMP4507,Lisa Griffin,IT,12.1,7.1,2,12,Onsite,83,126380.0,16,High
EMP1201,Christopher Murphy,HR,9.2,6.7,2,0,Onsite,56,81532.0,26,High
EMP2332,Sophia Mcclain,IT,11.5,6.8,10,1,Remote,45,236272.0,26,High
EMP4502,Terry Mueller,Marketing,4.1,7.7,4,4,REMOTE,66,204527.0,22,Medium
EMP3708,Christopher Becker,Operations,8.6,8.2,2,11,Onsite,52,87821.0,26,High
EMP5021,Eric Martinez,Finance,9.6,4.9,9,12,Hybrid,54,201142.0,15,High
EMP2854,Ryan Smith,Marketing,9.4,7.3,7,6,Onsite,100,248241.0,5,Low
EMP5635,,Finance,14.4,4.8,8,11,Remote,83,248244.0,23,Low
EMP3872,Katrina Huber,Operations,12.1,3.1,5,12,Hybrid,58,139067.0,24,Medium
EMP4030,Christopher Schmidt,Sales,8.7,8.7,2,9,Hybrid,100,93424.0,17,Low
EMP2205,Robert Jimenez,Support,14.7,6.9,4,4,Hybrid,42,161168.0,28,High
EMP2645,Curtis Holder,Marketing,5.7,8.1,6,8,Onsite,63,124084.0,27,Low
EMP4417,Richard Mcgrath,IT,13.1,6.0,2,6,Onsite,81,78193.0,23,High
EMP4476,Brittany Johnson,HR,7.4,7.1,8,11,Hybrid,42,225505.0,13,Low
EMP3861,David Perkins,Finance,14.8,8.7,9,12,Remote,56,229936.0,5,High
EMP2792,Shelby Mann,HR,11.7,5.7,4,1,Hybrid,80,54984.0,3,Low
EMP4797,Cory Martin,Support,9.3,8.7,4,1,Onsite,47,176691.0,20,Low
EMP4368,Bryan Wood,Operations,14.3,7.1,10,6,Remote,71,214735.0,23,High
EMP4367,Jacob Parker,IT,6.3,7.5,7,7,Onsite,83,176062.0,12,Low
EMP4533,Jodi Mack,Marketing,10.8,6.7,1,5,Remote,50,60342.0,3,Low
EMP5556,Joseph Nunez,HR,12.0,4.6,8,4,Hybrid,71,143260.0,19,High
EMP4449,Wendy Williams,IT,10.7,7.9,9,0,Remote,64,69079.0,28,Medium
EMP1603,Stephanie Cole,Operations,14.4,7.1,4,7,Remote,good,77341.0,7,Medium
EMP4056,Samuel Williams,HR,4.5,7.3,10,8,Remote,70,36156.0,19,High
EMP5520,Gerald Black,IT,10.0,3.3,10,0,Remote,60,146204.0,30,Low
EMP1126,Amanda Jackson,HR,10.7,5.3,4,7,Hybrid,98,177871.0,4,High
EMP4876,Lauren Johnson,Marketing,13.8,4.6,8,4,Hybrid,76,34258.0,30,High
EMP3935,Jay Walker,Marketing,9.8,8.0,9,2,Onsite,89,109053.0,22,Medium
EMP4531,Dr. Henry Walker,Marketing,11.7,7.6,7,10,Hybrid,43,247293.0,26,High
EMP3730,William Becker,Finance,10.9,4.0,2,7,Hybrid,69,176281.0,1,Low
EMP1827,Paul Henderson,HR,12.7,6.8,10,2,Remote,76,169901.0,27,Medium
EMP2639,Molly Garcia,Sales,7.8,7.1,6,12,Hybrid,68,208385.0,8,High
EMP1984,Chelsea Graham,Sales,4.1,6.8,7,6,remote,94,154945.0,23,High
EMP4281,Chloe Knight,Operations,14.1,4.3,1,6,Remote,78,198921.0,13,Medium
EMP2419,Julie Navarro,IT,11.6,3.7,1,2,Remote,78,56728.0,16,Low
EMP3188,Matthew Maynard,HR,4.9,4.0,7,1,Onsite,54,221696.0,13,High
EMP5850,Jerome Miranda,Sales,10.6,7.5,2,8,Hybrid,43,124202.0,27,Low
EMP3443,Johnathan Gutierrez,Operations,14.6,4.9,4,6,Hybrid,98,234136.0,29,Medium
EMP1362,Danielle Duffy,Sales,8.4,7.5,6,7,Remote,100,152937.0,10,High
EMP3349,William Bernard,Marketing,9.1,6.3,2,4,Onsite,good,141090.0,8,Low
EMP1345,Eric Nelson,Sales,13.5,6.2,6,9,Remote,64,185250.0,12,Medium
EMP1814,Jennifer White,HR,5.4,3.9,5,8,Onsite,68,133011.0,7,High
EMP4205,Melissa Reilly,Support,13.5,6.7,6,2,Hybrid,80,104804.0,8,Low
EMP5314,Mallory Adams,HR,7.9,8.2,9,12,Remote,71,177255.0,23,Medium
EMP5971,Matthew Richardson,IT,,4.1,2,3,Hybrid,63,202921.0,23,High
EMP4325,Kevin Clark,Marketing,5.9,5.4,10,3,Remote,70,243683.0,0,Low
EMP5106,Shane Baker,IT,7.7,4.5,1,5,Remote,54,51774.0,12,High
EMP3116,Michael Garcia,Support,9.6,8.9,6,10,Remote,43,120999.0,9,High
EMP2834,David Miller,Support,12.9,8.5,9,1,Remote,41,237534.0,4,Low
EMP1793,Jon Brown,Marketing,8.8,6.0,4,9,Remote,65,71777.0,20,Low
EMP5749,Laura Shepard,Sales,8.1,7.7,3,6,Remote,97,207777.0,28,Low
EMP3674,Jessica Young,Sales,7.9,6.7,10,4,Remote,65,97299.0,2,High
EMP1094,Kurt Andersen,Operations,14.4,5.9,2,6,Onsite,71,44420.0,18,Low
EMP5225,Nicole Burke,Sales,14.7,6.4,8,7,Onsite,40,39812.0,15,Low
EMP4756,Eric Cooley,Finance,8.7,4.8,10,9,Onsite,45,130192.0,1,High
EMP3891,Kristina Nichols,Marketing,13.1,6.9,8,6,Remote,78,56638.0,30,Medium
EMP3371,Stacy Ball,IT,5.9,6.6,6,7,Hybrid,99,230938.0,28,Medium
EMP5303,Jennifer Peterson,IT,9.5,7.8,8,1,Onsite,70,27041.0,17,Medium
EMP5597,William Thomas,Sales,6.4,6.1,6,11,Onsite,85,129011.0,28,Low
EMP4228,Matthew Brock,Support,10.2,3.1,7,6,Onsite,97,90496.0,6,High
EMP3853,Christopher Nelson,Sales,13.7,6.4,2,0,Remote,51,234261.0,9,High
EMP3912,Michael Mcdaniel,Finance,12.9,5.1,1,1,Hybrid,79,216204.0,7,Medium
EMP2865,Kelly Callahan,Finance,13.1,5.9,3,12,Onsite,57,108895.0,15,High
EMP2857,Frank Escobar,Finance,7.4,6.7,10,1,Hybrid,78,58928.0,16,High
EMP3645,Kristin Anderson,Marketing,7.1,8.2,5,12,Onsite,87,56130.0,19,Low
EMP3243,Brandon Leon,Finance,11.0,6.3,3,10,Onsite,46,99425.0,9,High
EMP3336,Andrew Foster,Sales,6.9,,3,1,Hybrid,68,28044.0,4,Low
EMP1950,Dana Bernard,,9.2,5.1,10,10,Remote,91,181822.0,22,Low
EMP4068,Courtney Wilson,Support,4.1,8.4,9,6,Remote,43,111676.0,29,Medium
EMP2120,Mr. Michael Soto,Support,4.9,6.9,8,2,Remote,70,240069.0,8,Low
EMP3597,Joann Duncan,IT,8.6,7.4,7,12,Remote,92,166629.0,26,High
EMP3204,Robert Hanson,Finance,12.3,8.7,9,9,REMOTE,74,227524.0,21,Medium
EMP1419,Christopher Lloyd,Support,14.3,8.9,3,2,Onsite,55,180325.0,10,High
EMP1922,Jodi Williams,Support,7.0,3.2,5,10,Remote,75,71133.0,20,High
EMP2254,Lauren Bates,Sales,,6.3,5,12,Hybrid,94,246796.0,29,Medium
EMP1477,Marie Evans,,4.6,8.1,3,3,Remote,61,132267.0,18,Medium
EMP3035,Daniel Hartman,IT,4.2,5.6,6,10,Remote,55,150793.0,0,High
EMP2202,Samuel Rice,HR,12.3,4.2,2,2,Remote,95,,22,High
EMP3626,Karen Estes,Sales,14.7,4.8,8,0,Hybrid,59,156649.0,26,High
EMP5994,Kyle Vaughan,Support,9.1,7.2,6,6,Hybrid,83,134156.0,2,Medium
EMP2970,Stephanie Copeland,Support,9.7,6.2,4,0,Remote,64,120570.0,1,Low
EMP4110,Kaylee Boyd MD,Marketing,13.6,5.8,6,8,Remote,50,137204.0,14,Medium
EMP5018,James Cohen,Finance,14.9,3.7,7,0,Remote,99,234802.0,23,Medium
EMP3151,Nicholas Brown,HR,9.0,4.9,4,1,Hybrid,100,71008.0,24,Medium
EMP4687,Roberto Johnson,Finance,13.2,5.4,4,0,Onsite,45,223862.0,23,Medium
EMP2997,Christopher Johnson,,5.8,3.2,8,12,Onsite,44,82434.0,14,Medium
EMP5033,Earl Haley MD,Sales,7.0,5.8,7,1,Onsite,89,66973.0,3,Low
EMP4054,Kari Morrison,HR,10.6,8.2,4,5,Remote,86,134451.0,4,Low
EMP2248,Whitney Jackson,Marketing,11.3,4.9,5,7,Remote,57,183996.0,3,Medium
EMP3192,Joshua Edwards,IT,7.1,3.3,8,3,Hybrid,83,90569.0,26,Medium
EMP3712,Justin Young,Support,13.1,4.3,6,11,Onsite,54,151518.0,25,Low
EMP1992,Stanley Lopez,Marketing,5.4,4.2,10,7,Hybrid,46,233006.0,13,Low
EMP3190,Amber Sparks,Operations,4.8,7.0,5,4,Remote,56,180334.0,1,High
EMP4762,Melissa Valenzuela,HR,13.9,7.4,6,2,Remote,65,233637.0,0,Low
EMP4597,Michael Caldwell,HR,10.0,5.3,6,1,Remote,91,185010.0,20,Medium
EMP2318,Christian Gonzalez,IT,10.0,8.7,3,10,Onsite,53,108935.0,18,Medium
EMP2863,Lance Newman,HR,13.9,8.7,5,1,Hybrid,68,127125.0,24,High
EMP3343,Melissa Bullock,HR,8.5,4.4,8,11,Remote,66,25111.0,10,Low
EMP3449,Stephanie Mendoza,Operations,5.6,7.8,8,10,Remote,64,39151.0,21,Low
EMP3136,Scott Ryan,HR,10.9,4.2,4,2,Remote,65,193828.0,10,Medium
EMP2065,Joseph Gillespie,IT,7.3,6.8,2,1,Hybrid,83,39625.0,17,Medium
EMP1179,Alexis Garcia,Finance,9.6,4.9,8,0,Remote,43,121662.0,26,High
EMP5227,Kayla May,Marketing,12.5,8.0,9,2,Onsite,88,68515.0,12,High
EMP3621,James Costa,HR,5.7,3.6,10,9,Onsite,56,207044.0,11,Medium
EMP1077,Andrea Ellis,Finance,10.7,7.5,2,12,Remote,92,67930.0,30,High
EMP3898,Alexandra Wilkins,Sales,,4.1,8,2,Remote,56,98311.0,12,Low
EMP2314,Jill Parker,Marketing,13.0,3.0,2,4,Remote,64,66472.0,18,Low
EMP5547,David Davenport,Support,9.5,5.4,3,8,Onsite,41,115367.0,29,High
EMP1872,Melanie Graham,Finance,6.1,6.8,2,9,Hybrid,88,68813.0,17,High
EMP4850,Kathleen Smith,HR,4.6,8.9,7,4,Hybrid,46,246546.0,5,Medium
EMP5963,Monica Mitchell,Operations,9.8,4.8,7,10,Remote,91,137691.0,1,High
EMP3965,Patrick Martinez,Operations,9.2,3.5,7,0,Onsite,59,153117.0,27,Medium
EMP4391,Brendan Flores,IT,4.7,4.9,9,5,Remote,100,103597.0,13,Low
EMP3560,Vanessa Morris,IT,4.8,8.2,8,1,Remote,48,216093.0,21,Medium
EMP3138,,Sales,5.0,8.8,7,12,Remote,75,213818.0,27,Low
EMP3635,Michael Moore,Sales,8.8,5.8,3,10,Onsite,66,70183.0,26,Medium
EMP4530,Brett Barnes,Sales,9.6,4.7,2,8,Remote,52,30353.0,2,Medium
EMP1375,Tiffany Vang,HR,7.9,5.6,3,3,Onsite,57,193983.0,2,High
EMP2908,Jesse Molina,Support,11.5,7.7,8,1,Hybrid,60,216851.0,26,High
EMP5689,Katherine Carter,HR,ten,9.0,6,8,Onsite,49,130244.0,16,High
EMP5540,Vickie Mitchell,HR,12.8,4.8,6,2,remote,87,112568.0,18,Medium
EMP5027,Lisa Conrad,HR,7.7,7.6,3,3,Onsite,45,225534.0,30,Medium
EMP2604,Christopher Norman,IT,7.9,3.2,7,3,Remote,51,47032.0,17,High
EMP2118,Marissa Fowler,,11.4,5.8,6,11,Remote,65,249335.0,6,Low
EMP4677,Dawn Smith,Operations,8.8,6.1,6,6,Hybrid,74,215707.0,9,Medium
EMP4490,James Cook,IT,11.1,4.5,10,5,Onsite,54,233547.0,2,High
EMP5121,,Support,11.9,3.9,9,7,Hybrid,68,172072.0,7,Medium
EMP3958,Victoria Guerrero,HR,ten,4.8,5,1,Hybrid,89,155078.0,5,Medium
EMP2994,James Davis,HR,7.6,7.3,5,2,remote,49,224782.0,29,High
EMP4968,Charles Turner,Operations,12.4,3.4,3,4,Remote,86,143342.0,8,Low
EMP5515,Sandra Johnson,Marketing,10.7,5.7,4,12,Hybrid,45,72085.0,13,Medium
EMP3376,James Reyes,Support,11.4,7.2,4,8,Hybrid,60,91379.0,11,Low
EMP2342,Karen Bryant,Marketing,13.2,4.0,6,3,Remote,45,49448.0,0,High
EMP1320,Angela Powell,Sales,8.0,4.6,3,1,Onsite,51,137978.0,14,High
EMP2619,Andrew Wise,Marketing,10.2,5.5,1,12,REMOTE,58,170867.0,23,Medium
EMP4713,Garrett Bell,Sales,11.6,5.9,3,5,Hybrid,100,120756.0,14,Medium
EMP3060,Luis Miller,,6.4,7.2,3,11,Hybrid,92,203899.0,16,Low
EMP3219,Juan Orr,HR,11.5,7.4,5,12,REMOTE,65,242660.0,27,High
EMP2673,Lindsay Schultz,Finance,8.1,8.5,2,7,Onsite,48,221562.0,2,Medium
EMP1260,Miss Cynthia Randolph,Support,6.6,3.6,6,11,Remote,70,51357.0,21,Low
EMP5581,Scott Mccoy,Marketing,5.0,7.3,1,3,Remote,59,145076.0,11,High
EMP3039,Matthew Kelly,Sales,5.2,5.7,2,8,Hybrid,89,243940.0,24,High
EMP1901,Jane Ellis,Operations,9.1,3.2,9,10,Remote,95,229310.0,9,Medium
EMP4744,Danielle Kelley,Marketing,11.3,7.6,6,1,Remote,53,125151.0,29,High
EMP3026,Sharon Rogers,Sales,6.3,5.0,9,4,Onsite,73,127417.0,28,High
EMP5234,Taylor Brown,Sales,10.3,8.3,9,3,Remote,57,157279.0,8,High
EMP2917,Dale Williams,IT,11.6,6.7,6,10,Hybrid,71,32163.0,12,Low
EMP2828,Julia Johnson,HR,6.1,4.7,9,0,Remote,71,108510.0,28,High
EMP2573,William Mathis,IT,13.7,4.1,5,4,Hybrid,84,140238.0,8,Medium
EMP5557,Lacey Jones,Sales,14.2,7.0,6,10,Remote,75,105450.0,6,Medium
EMP5208,Thomas Harding DDS,Marketing,13.2,8.9,8,11,Remote,84,117727.0,27,Medium
EMP1224,Martin Adkins,Support,12.7,6.1,2,3,Hybrid,90,61405.0,7,Low
EMP1723,Kathleen Fry,HR,8.7,8.1,5,8,Onsite,76,188379.0,11,High
EMP5651,Brandon Miller,Support,13.5,4.3,8,7,Remote,82,,4,High
EMP2141,Lydia Torres,Support,14.9,8.6,3,1,Remote,51,180354.0,17,Low
EMP3762,Alexis Webb PhD,Finance,13.8,6.7,6,7,Hybrid,69,60114.0,0,Low
EMP1846,Teresa Brown,Marketing,11.1,5.5,6,10,Onsite,81,231261.0,10,High
EMP5289,Daniel Ruiz,IT,6.8,5.4,6,2,Onsite,47,73933.0,26,Medium
EMP3551,Ryan Villanueva,Support,4.7,6.9,9,0,Hybrid,57,129023.0,21,Medium
EMP3928,Andrew Price,Marketing,13.4,5.9,10,7,Onsite,80,61610.0,8,Low
EMP1117,David Jones,HR,8.1,8.6,4,11,Hybrid,55,174893.0,12,Low
EMP1645,Jeremy Jones,Operations,11.6,3.9,2,3,Onsite,good,156050.0,2,Medium
EMP1003,Ronald Vincent,IT,11.7,5.0,3,3,Hybrid,88,113236.0,3,Low
EMP5170,Douglas Roman,Support,4.8,8.4,8,12,Onsite,65,115424.0,1,Medium
EMP1467,Alicia Flores,Finance,14.6,8.0,9,10,Onsite,78,184658.0,9,Low
EMP1005,Henry Carter,IT,4.9,4.8,10,5,Remote,76,75407.0,22,High
EMP1919,Veronica Luna MD,Finance,8.5,8.2,2,10,Hybrid,53,246765.0,13,High
EMP3595,James Richardson,Finance,5.7,7.0,3,0,Hybrid,94,90184.0,6,Medium
EMP5324,Robert Martinez,Finance,10.3,3.2,5,2,Remote,78,96874.0,2,High
EMP2063,Christian Nguyen,IT,12.5,6.7,2,10,Remote,68,176764.0,3,Low
EMP3590,Susan Wright,Finance,,3.7,8,5,Onsite,94,128149.0,27,High
EMP1242,Rebecca Rose,IT,4.5,3.3,9,3,Hybrid,63,170024.0,9,High
EMP2160,Andrew Marquez,HR,13.0,4.1,1,11,REMOTE,51,237121.0,24,Medium
EMP3870,Michelle Payne,Sales,12.9,3.8,10,5,Remote,88,172531.0,15,Medium
EMP4735,Nicholas Rogers,Operations,9.7,3.1,1,10,Remote,43,144610.0,21,Medium
EMP3397,Sarah Mckee,HR,9.7,6.1,1,11,Remote,76,171026.0,29,Low
EMP4517,Gregory Hogan,Marketing,13.3,4.4,6,6,Hybrid,46,60251.0,23,Medium
EMP4421,Raymond Bell,Operations,12.0,7.9,5,8,remote,42,70479.0,16,Medium
EMP3563,Allison Riley,HR,8.7,8.4,4,1,Remote,91,182795.0,24,Medium
EMP2605,Darrell Trevino,HR,5.6,6.0,5,5,Onsite,69,205615.0,19,High
EMP1106,,Finance,8.8,7.9,2,7,Onsite,62,132046.0,10,Low
EMP3324,Matthew Gardner,Finance,13.8,4.8,3,2,Onsite,88,56520.0,14,High
EMP3709,Kristen Lee,HR,14.8,5.6,1,8,Onsite,70,157652.0,17,Low
EMP5561,Jennifer Johnston,Sales,6.6,3.2,2,3,Remote,88,170519.0,15,Low
EMP2312,Craig Campbell,Marketing,5.4,5.2,10,5,Onsite,63,46886.0,21,Medium
EMP4448,Lisa Brooks,Support,8.4,6.9,6,2,Remote,51,fifty thousand,7,Medium
EMP4812,Jonathan George,,6.8,4.0,1,3,Hybrid,95,214087.0,12,High
EMP5825,Jim Kim,IT,8.5,5.9,9,10,Remote,59,146247.0,20,Medium
EMP3362,Paul Rodriguez,Finance,9.9,3.2,8,12,Remote,100,105877.0,24,Low
EMP2975,Charles Henderson,Support,4.8,7.6,5,12,Hybrid,51,164972.0,3,High
EMP4514,Jose Stevens,Sales,12.3,6.7,5,5,Hybrid,56,120254.0,13,Low
EMP2761,Alan Howard,Operations,6.8,8.4,1,11,Remote,78,153662.0,13,Medium
EMP3739,Jennifer Armstrong,HR,,7.1,9,11,Remote,78,130104.0,18,Medium
EMP5829,Jose White,Marketing,13.0,6.1,2,12,Onsite,86,246021.0,15,High
EMP3472,Jose Wilson,Marketing,9.6,4.5,3,1,Remote,45,125670.0,12,Low
EMP5007,Philip Shelton,Sales,11.5,3.4,9,10,Onsite,76,160322.0,18,Low
EMP2493,Dana Armstrong,Support,12.1,5.1,8,6,Hybrid,80,142900.0,23,Medium
EMP5206,Todd Smith,it,14.2,5.0,10,5,Remote,96,211076.0,3,High
EMP3158,Timothy Cox,Marketing,11.8,7.8,5,9,Hybrid,51,29134.0,22,High
EMP2169,Julia Brown,IT,11.3,3.0,6,0,Onsite,80,119425.0,27,Medium
EMP5947,Leonard Williams,Support,14.2,7.6,6,7,Hybrid,97,83591.0,15,High
EMP1232,John Johnson,Sales,13.3,6.4,1,1,Hybrid,42,193153.0,24,High
EMP1066,Christian Humphrey,Operations,7.7,8.4,2,2,Remote,49,85623.0,12,High
EMP2603,Mr. Guy Morales,IT,6.0,5.1,1,7,Onsite,60,103035.0,20,Low
EMP4283,Phillip Chang,Marketing,12.1,8.4,1,2,Onsite,80,120232.0,9,Low
EMP4596,April Thompson,Support,9.6,4.3,2,0,Remote,89,45831.0,27,Medium
EMP1125,Jill Maldonado,HR,8.7,4.5,7,9,Remote,83,232754.0,5,Low
EMP2296,Sara Reed,Operations,6.0,7.5,9,9,Hybrid,93,45239.0,26,Medium
EMP2976,David Hester,Support,,7.3,3,8,Remote,99,73970.0,7,Medium
EMP5683,Amber Norris,Operations,5.5,5.3,8,1,Onsite,55,218201.0,12,Low
EMP5647,Robert Simpson,Operations,7.7,5.0,8,9,Hybrid,59,59906.0,1,Low
EMP3075,Daniel Cooper,Finance,6.4,8.7,9,10,Onsite,99,62930.0,3,Medium
EMP4086,Gregory Davis,Marketing,6.7,5.0,8,9,Hybrid,56,39841.0,22,High
EMP5505,Krista Johnson,Support,9.5,8.6,7,6,Hybrid,85,78690.0,5,High
EMP4345,Edgar Butler,HR,10.3,6.2,3,3,Remote,84,207790.0,2,Medium
EMP5630,Natasha Khan,Operations,11.4,8.9,7,3,Onsite,65,223262.0,11,Low
EMP3797,Cheryl White,Sales,9.0,6.6,10,0,Onsite,40,,16,Low
EMP1918,Linda Smith,Operations,4.7,4.2,8,2,Hybrid,55,64445.0,23,Medium
EMP2646,Brian Steele,IT,13.6,5.9,8,6,Hybrid,40,200307.0,30,Low
EMP1364,Steven Miller,Sales,9.4,4.9,5,5,Hybrid,75,176501.0,4,Medium
EMP4287,Kristen Hernandez,Operations,8.0,7.7,5,2,Onsite,94,73295.0,14,Low
EMP3125,Madeline Howell,Support,8.1,7.4,9,6,Hybrid,53,52287.0,9,Low
EMP5123,Daniel Fleming,Marketing,11.0,5.1,6,7,Remote,55,114685.0,28,Low
EMP1525,Victoria Swanson,Support,11.5,3.9,1,11,Onsite,90,102369.0,6,Low
EMP1055,David Johnson,Operations,7.3,3.8,7,10,Remote,100,124390.0,21,High
EMP1638,Jack Johnson,Finance,12.6,6.0,6,7,Remote,84,232467.0,1,Low
EMP1302,Ian Baker,Support,14.9,8.7,9,0,Onsite,93,246956.0,2,Low
EMP3766,Pamela Boyd,Sales,12.0,6.3,3,11,Hybrid,64,92045.0,27,Low
EMP2276,Dawn Ruiz,Operations,5.6,6.9,4,10,Remote,64,205031.0,28,Medium
EMP3055,Cody Hardin,Finance,,3.5,9,9,Onsite,95,206005.0,17,High
EMP5432,Tammy Blevins,HR,7.1,7.1,5,4,Onsite,79,58894.0,15,Low
EMP4644,Sarah Osborne,Sales,11.8,8.4,10,11,Hybrid,66,119519.0,19,High
EMP5143,Joseph Garcia,Sales,13.9,5.1,8,5,Hybrid,76,114983.0,19,Medium
EMP3878,Allison Russell,Marketing,10.2,5.0,high,10,Remote,73,130598.0,4,High
EMP5202,Benjamin Garcia,Sales,14.8,6.5,5,0,Remote,89,212730.0,19,Medium
EMP3286,Angelica Mitchell,Finance,10.4,7.9,2,3,Remote,69,56103.0,4,Medium
EMP3261,Kimberly Bell,IT,12.2,6.0,3,12,Onsite,65,100980.0,7,Medium
EMP3296,Renee Cervantes,Support,8.8,3.7,9,0,Onsite,89,56066.0,25,Low
EMP2753,Aaron Wall,Sales,8.6,6.3,10,3,Onsite,66,73773.0,27,Medium
EMP2968,Michael Lawson,Marketing,8.0,3.1,7,11,Hybrid,68,136185.0,2,Medium
EMP5511,Clayton Wagner,Marketing,7.5,,4,0,Hybrid,59,26635.0,20,High
EMP4117,Carrie Parker,Operations,5.6,5.5,7,4,Remote,53,58438.0,4,High
EMP3393,Thomas Golden,Operations,11.5,4.5,4,0,Onsite,91,48472.0,27,High
EMP1523,Sarah Lynch,Support,11.4,8.4,9,4,Remote,96,247114.0,13,High
EMP4900,Brianna Carter,Marketing,10.0,5.4,2,3,Remote,95,145976.0,7,Medium
EMP4122,Sharon Barnes,Operations,13.1,8.6,3,5,Onsite,65,fifty thousand,14,High
EMP5156,Joseph Galloway,IT,14.0,3.5,4,2,Remote,60,104295.0,13,High
EMP2969,Sherri Farmer,Support,6.5,5.2,5,7,Onsite,50,69182.0,7,High
EMP1671,John Wade,Marketing,,7.7,6,5,Remote,96,239208.0,13,Low
EMP5188,James Phillips,IT,9.3,7.3,2,6,Remote,54,153737.0,24,Low
EMP1666,David May,Support,4.2,3.8,5,0,Hybrid,59,83166.0,6,Low
EMP5497,David Martinez,IT,9.5,6.4,1,0,Onsite,96,117421.0,10,Low
EMP2887,Catherine Jones,Marketing,12.2,8.0,4,9,Remote,92,104526.0,11,High
EMP4266,Robert Oliver,Finance,4.8,4.5,9,1,Onsite,46,129977.0,0,High
EMP1280,Micheal Patterson,Support,12.5,7.6,7,5,Hybrid,97,125264.0,14,Medium
EMP2719,Dr. Shelly Lee MD,Finance,12.8,5.2,4,11,Remote,100,,5,Low
EMP3947,Lori Hill,IT,5.0,6.6,7,0,Onsite,84,37262.0,13,Low
EMP5455,David Woods,Operations,12.1,6.1,3,10,Hybrid,56,100525.0,13,Low
EMP1899,Anna Joseph,Support,7.2,6.0,9,4,Onsite,74,115076.0,25,High
EMP1333,,Sales,10.0,7.7,6,11,Onsite,97,237938.0,17,Low
EMP1760,Samantha Mendoza,Sales,14.9,5.4,3,4,Remote,43,121789.0,28,Low
EMP2906,Rachel Benson,Marketing,13.4,6.4,4,11,Remote,65,46428.0,26,High
EMP5042,Emma Hester,Sales,13.8,6.4,3,10,Hybrid,51,64234.0,1,Medium
EMP4823,David Jones,Marketing,11.7,3.7,5,2,Remote,59,172138.0,25,High
EMP5138,Tara Smith,Finance,14.4,6.0,7,2,Hybrid,74,83679.0,7,High
EMP4818,Timothy Simon,IT,5.5,6.7,6,1,Onsite,76,59261.0,1,Low
EMP5300,Kevin Johnson,Support,8.2,8.5,2,9,Onsite,58,184274.0,18,Low
EMP3593,Raymond Barnett,HR,8.0,4.8,5,11,Remote,60,128952.0,12,Low
EMP5164,Michael Hernandez,HR,11.4,8.2,1,8,Remote,49,43377.0,21,Medium
EMP4031,Nancy Snyder,Marketing,14.1,6.4,9,0,Onsite,good,249737.0,11,Low
EMP4579,Stephanie Cummings,Support,13.6,5.5,6,3,Hybrid,60,182532.0,3,Medium
EMP3832,John Coleman,Finance,5.0,7.7,7,4,Remote,78,218529.0,24,Medium
EMP4472,Shannon Walters,Operations,13.0,3.9,7,10,Hybrid,64,,25,Low
EMP1137,Vincent Stewart,Sales,6.9,3.7,6,10,Hybrid,87,201250.0,8,High
EMP3180,Michael Martinez,IT,6.2,6.5,8,10,Onsite,66,189358.0,4,Medium
EMP3128,Diane Hendricks,Operations,7.7,7.1,5,3,Remote,95,216167.0,0,Medium
EMP4177,Kristen Guzman MD,Operations,7.9,6.9,9,7,Remote,79,183204.0,21,High
EMP5527,Richard Sanders,Sales,7.4,8.1,2,5,Remote,85,104896.0,17,Medium
EMP5261,Kerry Strickland,Finance,4.9,5.2,4,2,Onsite,46,180677.0,16,High
EMP5344,William Lynch,Operations,5.6,3.6,8,9,Onsite,100,173334.0,27,High
EMP2331,Andrew Lang,Finance,8.7,4.1,10,2,Onsite,74,139262.0,12,High
EMP3017,Ricky Stokes,HR,5.7,3.5,10,1,Remote,49,53226.0,14,High
EMP3482,Nicole Carpenter,Marketing,12.2,7.1,8,2,Onsite,85,206071.0,3,High
EMP2358,Christopher Yu,Finance,13.0,5.7,1,8,Onsite,56,178844.0,13,High
EMP2329,William Weber DVM,Marketing,13.0,3.1,5,8,Onsite,92,57701.0,22,Medium
EMP3150,Amy Mcdaniel,Marketing,8.0,5.4,10,1,Remote,92,224946.0,0,High
EMP5530,Heather Shaffer,Finance,7.3,5.8,1,0,Remote,76,239861.0,17,Medium
EMP3122,Cynthia Walker,HR,8.2,7.6,9,10,Remote,44,129781.0,8,High
EMP4981,Jeremy Perry,IT,6.3,,8,2,REMOTE,48,88078.0,10,High
EMP2252,Tina Smith,IT,5.3,6.5,4,3,Remote,85,141855.0,29,High
EMP4278,Vernon Walton,Support,8.2,8.2,4,9,Remote,44,,17,Low
EMP4374,Paul Scott,IT,10.3,7.5,1,4,Hybrid,56,192262.0,2,Low
EMP3814,Raymond Schmitt IV,Sales,,7.6,3,8,Remote,84,112035.0,3,High
EMP2848,Philip Smith,Operations,12.9,5.2,5,12,Remote,71,107175.0,17,Low
EMP4037,Heather Osborne,Sales,9.5,8.8,1,3,Onsite,66,47586.0,24,Low
EMP1388,Andrew Morrison,IT,11.8,6.5,2,7,Hybrid,69,158898.0,11,High
EMP1235,Timothy Phelps,Sales,11.6,3.9,7,7,Remote,69,78483.0,10,Medium
EMP2077,Barry West,Marketing,12.1,8.7,6,12,Remote,87,123543.0,6,Low
EMP2984,Brady Navarro,HR,8.1,5.2,6,7,Hybrid,52,fifty thousand,0,High
EMP5363,Shannon Reyes,Operations,10.0,5.1,9,11,Onsite,66,189337.0,2,High
EMP4962,Stanley Cannon,Marketing,12.6,3.3,7,11,Onsite,96,68751.0,24,Medium
EMP1770,Colleen Cooper,Operations,9.7,6.1,10,1,Onsite,55,148850.0,20,High
EMP3165,Kristina Parker,Marketing,10.2,8.6,7,9,Remote,84,31019.0,17,Medium
EMP5533,Mark Holt MD,Support,11.7,6.7,9,10,Remote,93,236024.0,7,High
EMP1673,Adrian Roberts,HR,4.5,6.2,3,5,Remote,72,207915.0,7,High
EMP1249,Kendra Shaw,Sales,4.3,5.8,10,9,Hybrid,54,214110.0,1,Low
EMP2574,Christy James,Support,10.4,5.1,9,7,Remote,93,190419.0,21,Low
EMP4419,Brooke Mayo,IT,11.8,8.0,4,12,Remote,40,48438.0,29,High
EMP3081,Daisy Hall,Sales,11.7,4.6,4,10,Onsite,65,200593.0,26,High
EMP2823,Ivan Turner,Support,5.1,3.2,7,7,Remote,64,150011.0,5,High
EMP5544,Douglas Williams,Support,8.2,7.4,2,1,Remote,75,139323.0,16,High
EMP1716,Shawn Carter,it,10.9,7.9,4,0,Hybrid,51,63864.0,1,Low
EMP5839,Michelle Hughes,Operations,13.9,6.3,1,7,Onsite,91,138381.0,21,High
EMP3048,David Diaz,Sales,9.7,7.6,10,2,Onsite,70,154589.0,17,Medium
EMP5178,Richard Bullock,Operations,9.8,3.1,1,9,Remote,71,42223.0,8,High
EMP3724,Michael Morris,Sales,13.2,7.9,5,8,Hybrid,74,74160.0,20,Low
EMP5687,Antonio Roth,Finance,14.6,4.9,10,9,Onsite,85,185198.0,9,Low
EMP2460,Crystal Meza,Operations,8.1,7.9,3,0,Hybrid,55,208066.0,14,Low
EMP2668,Thomas Watts,Finance,12.4,3.1,4,3,Hybrid,82,212871.0,8,Low
EMP3756,Rodney Peterson MD,IT,12.3,8.0,5,12,remote,86,225714.0,26,Medium
EMP3000,Sylvia Vasquez,HR,13.2,6.5,5,12,Remote,78,229025.0,28,Low
EMP1404,Johnny Price,Finance,7.4,4.6,2,1,Onsite,50,236706.0,21,High
EMP1384,Kristen Joseph,Finance,6.7,8.5,2,7,Onsite,79,184601.0,1,High
EMP3575,David Baker,HR,10.2,5.1,10,11,Remote,64,83389.0,10,High
EMP3152,Richard Powell,,7.9,7.9,9,8,Hybrid,51,139357.0,18,High
EMP2633,Tyler Espinoza,IT,13.5,3.4,7,4,Onsite,96,212688.0,17,High
EMP5817,Jessica Douglas,Finance,11.4,6.6,1,0,Remote,85,97379.0,26,Medium
EMP4925,Amy Lawson,HR,10.3,7.6,1,0,Remote,57,186503.0,0,Medium
EMP5158,Ryan Howard,Support,12.8,7.3,8,1,Onsite,52,81187.0,19,High
EMP1223,Donald Green,,4.7,6.3,5,2,Onsite,85,211007.0,29,Low
EMP3193,Katherine Mcmillan,Sales,9.9,,8,11,Remote,90,155982.0,21,Low
EMP4136,Jeffery Anderson,Support,9.8,8.5,7,0,Hybrid,72,228300.0,7,Medium
EMP5469,Elizabeth Jones,,13.8,5.2,7,12,Onsite,good,57250.0,13,Low
EMP2824,Timothy Martin,IT,11.6,7.9,8,9,Hybrid,76,72666.0,14,High
EMP5767,,Support,13.6,8.0,9,2,Remote,47,107324.0,18,Low
EMP1797,Steven Woods,Operations,9.7,8.6,8,7,REMOTE,67,130883.0,27,High
EMP3871,Chris Williams,Marketing,8.0,3.9,1,12,Remote,82,237886.0,19,Low
EMP1009,James Johnson,Finance,6.4,4.9,1,3,Hybrid,92,33414.0,25,Medium
EMP2944,Amber Rice,IT,5.0,5.9,6,8,Hybrid,73,186576.0,20,High
EMP2838,Joshua Flores,HR,14.2,4.1,2,0,Remote,67,232511.0,21,Low
EMP1255,Dawn Williams,Operations,7.3,8.6,5,12,Onsite,58,209785.0,6,Medium
EMP5485,Nicole Wilson,,8.9,7.7,6,8,Hybrid,45,204070.0,22,Medium
EMP5674,Tiffany Fields,IT,12.3,6.8,1,4,Hybrid,91,84658.0,16,Medium
EMP2581,Jeanne Williams,Marketing,8.8,6.7,10,9,Hybrid,84,139024.0,23,Low
EMP3956,Jose Martinez,IT,12.9,5.8,6,1,Remote,72,169304.0,14,Medium
EMP1924,Ashley Miller,IT,11.4,8.3,7,11,Onsite,93,61847.0,7,High
EMP5594,Andrew Hayes,Operations,12.0,6.3,10,0,Hybrid,85,111296.0,5,High
EMP3508,Brian Hernandez,Finance,5.1,6.7,7,2,Onsite,80,87941.0,23,Low
EMP4775,Karl Roth,Operations,6.5,4.9,10,12,Onsite,85,144287.0,21,Low
EMP5136,Michael Ramirez,IT,4.3,5.5,9,9,Remote,60,79087.0,1,High
EMP3779,Michael Cowan,Support,8.5,8.9,3,3,Remote,88,104045.0,9,Low
EMP1539,Roberta White,Sales,6.8,7.3,1,8,Onsite,92,226980.0,11,Medium
EMP3745,Henry Yoder,Support,4.1,8.5,5,2,Hybrid,73,46550.0,12,Medium
EMP5664,Dr. Christopher Schaefer,,14.6,8.2,9,12,Onsite,77,68186.0,20,Low
EMP3464,,Operations,6.9,7.7,4,7,Remote,72,95007.0,22,High
EMP2145,Amanda Hernandez,Support,8.8,3.9,8,0,Remote,88,124986.0,13,Medium
EMP5468,Jodi Crawford,,7.1,5.2,9,3,Onsite,90,100966.0,11,Medium
EMP1667,Robert Horn,Sales,12.5,8.7,5,8,Remote,72,170836.0,18,Low
EMP4019,Charles Hayes,Sales,10.5,7.4,9,3,Onsite,53,109047.0,24,Medium
EMP1357,John George,HR,10.7,5.6,10,2,Remote,90,79164.0,26,High
EMP3831,Krystal Obrien,HR,7.4,4.8,7,11,Remote,88,124196.0,17,Low
EMP3783,Donna Garcia,Marketing,7.5,,3,7,Onsite,66,45683.0,20,Medium
EMP2353,Cheryl Ayala,IT,4.9,7.1,3,4,Hybrid,57,151241.0,6,High
EMP1470,Laura Myers,Marketing,11.3,7.1,1,10,Hybrid,71,102490.0,8,Medium
EMP3703,Angela Freeman,Sales,4.6,8.5,9,10,REMOTE,43,120229.0,9,Medium
EMP4330,Vanessa Bell,Marketing,11.1,5.6,7,2,Onsite,51,245643.0,10,High
EMP4637,Lisa Matthews,IT,6.4,6.2,10,1,Onsite,75,212820.0,24,Low
EMP2396,Laura Duncan,Support,7.3,5.0,9,12,Onsite,82,249645.0,27,Medium
EMP4584,Pamela Ramirez,Finance,13.6,8.2,7,9,Onsite,43,47283.0,27,Medium
EMP5652,Stacy Lozano MD,Operations,9.9,6.2,10,3,Remote,79,144661.0,20,Low
EMP4376,Bruce Mcdonald,Marketing,13.2,4.1,2,4,Hybrid,72,194273.0,6,Medium
EMP2256,Autumn Nichols,Support,10.6,7.2,3,4,Onsite,42,173419.0,1,Low
EMP4512,Jennifer Marshall,Operations,8.8,4.6,6,12,Onsite,41,233261.0,20,High
EMP2250,Andre Scott,Sales,7.6,7.4,6,11,Hybrid,89,179379.0,16,Low
EMP5983,Amy Peterson,Sales,4.8,5.2,5,2,Hybrid,96,248822.0,23,Medium
EMP5298,Randall Wade,IT,5.8,5.0,8,3,Remote,90,160963.0,0,Low
EMP4284,Peggy Simmons,Sales,14.3,5.8,9,9,Onsite,85,185846.0,8,Medium
EMP3933,Peter Hicks,Operations,13.6,8.7,3,5,Hybrid,69,212803.0,17,Medium
EMP5175,Patricia Knight,IT,13.5,4.2,7,6,Hybrid,95,,0,High
EMP2852,Laura Rodriguez,HR,5.7,8.7,4,1,Hybrid,41,127574.0,15,Medium
EMP4773,,IT,10.1,4.9,4,7,Onsite,64,171437.0,8,Medium
EMP3105,Rhonda Phillips PhD,IT,5.5,7.7,2,8,Hybrid,49,188798.0,14,High
EMP1133,Benjamin Tyler,Operations,4.4,5.2,3,1,Hybrid,98,102361.0,10,Low
EMP1928,Brooke Wong,Sales,13.5,3.3,9,5,Hybrid,84,54612.0,10,Medium
EMP1823,Krista Hamilton,Marketing,8.1,4.3,8,9,Remote,71,39244.0,28,Low
EMP5709,Aaron Cooper,IT,12.1,8.3,3,7,Hybrid,86,75605.0,23,High
EMP2531,Veronica Griffin,Finance,,6.5,1,6,Hybrid,89,85847.0,14,High
EMP2214,Tammy Payne,IT,7.0,3.6,4,6,Remote,100,52525.0,25,High
EMP1504,Glenn Moore,HR,11.3,4.5,6,10,Onsite,83,193140.0,12,High
EMP5285,Daniel Stevens,IT,9.5,8.9,5,3,Onsite,92,94212.0,11,Medium
EMP2996,Rachel Garcia,HR,10.3,5.5,3,6,Remote,75,173946.0,8,Low
EMP4072,Crystal Tran,HR,11.0,3.9,3,0,Onsite,78,93758.0,10,Low
EMP2958,Crystal Neal,HR,13.2,3.9,9,9,Hybrid,60,224845.0,7,Low
EMP2384,Donna Moon,Marketing,4.6,4.6,2,0,Remote,81,125275.0,23,Medium
EMP1894,Whitney Sanchez,Operations,12.4,7.6,10,4,Hybrid,88,231960.0,25,Medium
EMP1455,Jeffrey Obrien,Finance,14.7,4.4,5,11,Hybrid,68,227907.0,26,High
EMP5805,Rebecca Hill,HR,11.4,4.0,6,11,REMOTE,84,88314.0,30,Medium
EMP4709,Carlos Brown,Support,5.9,3.8,1,9,Remote,57,226243.0,19,Medium
EMP5786,Eric Morgan,Marketing,11.8,3.5,4,5,Onsite,62,129180.0,30,Medium
EMP5268,Kelsey Jones,Sales,,7.1,7,3,Hybrid,78,183260.0,8,High
EMP4522,Virginia Skinner,HR,12.6,7.1,3,10,Hybrid,82,51808.0,11,High
EMP5134,Jared Berger MD,HR,14.1,5.6,1,10,Remote,94,135949.0,28,High
EMP4602,Joan Smith,Operations,6.4,5.6,7,1,Remote,70,212187.0,26,Medium
EMP1713,Julia Duarte,IT,6.0,8.4,4,0,Hybrid,79,225643.0,8,Medium
EMP5186,Linda Parsons,HR,6.1,8.7,9,0,Hybrid,42,92658.0,22,Medium
EMP3214,Julie Salinas,Operations,4.4,6.9,6,10,Remote,73,25171.0,12,High
EMP3923,Thomas Santiago,HR,,8.1,7,4,Onsite,64,51970.0,28,Low
EMP2810,Justin Harper,Operations,14.5,5.8,6,5,Onsite,82,129564.0,4,Low
EMP4486,Jeffrey Gray,Support,ten,5.2,4,6,Onsite,59,121014.0,1,Low
EMP4141,Dr. Billy Woods,Finance,9.2,5.9,10,7,Remote,48,245384.0,8,High
EMP2827,James Richardson,it,10.6,7.8,1,9,Hybrid,97,,13,Medium
EMP2155,Patricia Miller,Sales,13.6,4.0,7,4,Onsite,84,104225.0,16,Medium
EMP2324,Pamela Jordan,Sales,13.1,6.4,10,3,Onsite,44,214457.0,21,Low
EMP5312,Kim Cole,Operations,4.7,3.5,2,10,Onsite,86,59540.0,27,High
EMP1510,Charles Montgomery,Sales,9.0,5.0,1,3,Onsite,94,144133.0,10,High
EMP2680,Brandi Howell,IT,12.7,6.0,10,5,Onsite,80,42592.0,23,Low
EMP1499,Janet Hernandez,Support,11.1,7.8,2,2,Remote,84,215424.0,1,Low
EMP5702,Joanna Dunn,Operations,4.7,8.0,10,3,Hybrid,49,245832.0,20,Medium
EMP2856,John Haas,HR,14.4,7.8,7,7,Hybrid,40,105742.0,20,High
EMP2388,Kathleen Mcgrath,HR,8.3,4.3,5,7,Hybrid,53,69834.0,25,High
EMP4719,Tammy Hicks,Operations,11.0,7.7,7,2,Onsite,55,80942.0,23,High
EMP3386,Robert Andrews,Finance,9.6,6.1,2,6,Hybrid,62,70154.0,8,High
EMP4236,Ashley Morgan,Marketing,5.9,3.3,10,5,Onsite,55,139626.0,24,High
EMP2540,Lisa Garner,Finance,12.2,6.3,7,0,Onsite,58,55823.0,13,High
EMP2217,Kelly Day,Marketing,11.5,7.7,high,9,Onsite,96,247725.0,12,Low
EMP3681,Andres King,IT,10.1,6.2,9,3,Hybrid,95,199515.0,25,Medium
EMP3993,Adrian Myers,Finance,11.0,8.7,5,10,Onsite,54,202681.0,3,High
EMP2191,David Fisher Jr.,HR,11.2,6.5,8,11,Remote,70,101305.0,28,Low
EMP2542,William Tucker,Marketing,6.2,6.7,6,8,Remote,78,90860.0,15,Medium
EMP4301,Lisa Valentine,,4.3,4.8,10,4,Remote,98,211723.0,30,Medium
EMP4324,Christopher Vance,Operations,7.3,5.4,9,12,Remote,51,56253.0,11,High
EMP3539,Eric Wilson,Finance,6.5,6.7,9,9,Hybrid,78,70693.0,0,Medium
EMP1953,Tina Mclaughlin,Support,9.8,3.9,2,5,Hybrid,42,58520.0,15,High
EMP5330,Mary Martinez,Marketing,4.9,7.6,7,2,Hybrid,89,213523.0,17,Low
EMP1732,Timothy Sandoval,IT,12.8,8.3,6,1,Hybrid,49,98520.0,26,Medium
EMP2156,Daniel Collier,Support,,7.4,2,1,Hybrid,80,175106.0,24,Low
EMP4294,Travis Vaughn,Sales,5.6,3.9,3,8,Hybrid,49,99424.0,0,Medium
EMP3982,Mrs. Linda James DDS,IT,11.5,5.7,7,6,Remote,53,73973.0,26,Medium
EMP3156,Frank Wallace,IT,5.5,3.3,4,10,Remote,63,186089.0,23,Low
EMP2062,Sara Martinez,Support,6.7,5.8,6,0,Remote,92,112448.0,16,Low
EMP3616,April Lee,Sales,7.8,5.4,9,4,Onsite,85,91773.0,29,High
EMP2167,Jacob Hernandez,Sales,12.0,8.3,3,0,Hybrid,78,57216.0,27,High
EMP4222,Michael Johnson,IT,9.8,5.5,3,5,Hybrid,88,144050.0,26,High
EMP4636,Linda Mooney,Support,8.1,,10,2,Remote,53,166043.0,6,High
EMP3938,Ruben Davis,HR,8.1,7.7,7,2,Hybrid,75,66687.0,5,Low
EMP5491,Andrea Lucas,Support,4.7,8.4,9,2,Remote,93,61465.0,18,Low
EMP4140,Greg Gonzalez,Operations,4.8,4.6,10,0,Remote,77,226892.0,13,High
EMP1143,Tina Mendez,Operations,14.5,8.1,2,10,Hybrid,63,167728.0,28,Low
EMP4577,Justin Nguyen,Operations,13.0,3.1,6,2,Onsite,88,248494.0,17,High
EMP3782,Joseph Johnson,Operations,13.7,5.3,1,3,Onsite,83,72875.0,13,Medium
EMP1717,Cassandra Graham,IT,5.6,3.2,10,9,Remote,59,111798.0,29,Low
EMP2819,Jennifer Fuentes,Finance,14.2,5.1,3,3,Onsite,59,245378.0,2,Medium
EMP3502,Douglas Fleming,Marketing,7.2,7.6,5,4,Hybrid,81,34483.0,14,Low
EMP5360,Hannah Norton,Sales,11.5,5.2,4,3,Hybrid,96,97516.0,25,Low
EMP5171,Alyssa Moore,HR,9.0,7.5,3,5,Remote,85,196184.0,14,Low
EMP1395,Colin Martinez,Marketing,7.2,7.7,10,3,Remote,69,121540.0,18,High
EMP1794,,Finance,9.9,5.6,10,10,Remote,46,140757.0,22,Low
EMP5492,Vincent Frye,HR,11.3,6.9,3,4,Remote,64,171849.0,15,Low
EMP2365,Ryan Evans,Operations,10.6,6.5,4,9,REMOTE,41,99720.0,0,Low
EMP5724,,Marketing,14.9,3.3,10,3,Remote,93,86063.0,14,Low
EMP1595,Dalton Campbell,Sales,4.8,3.5,5,11,Hybrid,93,171568.0,29,Medium
EMP4952,Jessica Craig,Support,14.7,4.3,1,2,Remote,52,133386.0,8,High
EMP3914,Steven Hughes,HR,7.1,7.7,10,3,Remote,88,228362.0,7,Medium
EMP3326,Alan Fletcher,Marketing,4.7,3.2,9,0,Onsite,66,149336.0,10,Low
EMP4766,Kristina Russell,Finance,13.7,5.0,2,7,Hybrid,59,113623.0,29,High
EMP4440,Christian Frazier,Operations,8.1,7.5,1,5,Hybrid,41,43989.0,29,Low
EMP4851,Troy Sawyer,Support,14.3,3.1,10,8,Hybrid,63,75037.0,22,Low
EMP5132,Michael Ross PhD,HR,14.2,4.6,7,7,Onsite,87,84838.0,6,Low
EMP5757,Angela Hall,IT,10.8,7.1,8,11,Onsite,91,140655.0,26,Medium
EMP3143,Dr. Holly Khan,IT,10.6,7.9,9,10,Onsite,89,175740.0,9,Medium
EMP2571,Peter Blake,Finance,13.2,6.9,4,11,Remote,88,218491.0,4,Medium
EMP5079,Ricardo Davis,Marketing,8.8,3.2,6,1,Onsite,97,74192.0,7,Low
EMP2122,Joseph Gonzalez,HR,11.4,3.1,high,2,Onsite,68,118870.0,5,Low
EMP3786,Mary Shepherd,Marketing,14.5,6.2,2,2,Onsite,91,137687.0,17,Medium
EMP3967,Kevin Cain,Operations,4.6,7.4,2,8,Hybrid,88,143324.0,26,Medium
EMP3504,Charles Kelly,Marketing,11.1,5.3,8,3,Remote,48,246907.0,5,Medium
EMP4465,Jennifer Barrera,Support,6.5,7.4,3,9,Hybrid,60,95684.0,20,High
EMP1675,Steven Davis,Operations,7.2,5.4,3,5,Remote,45,149742.0,18,High
EMP3808,Laura Rodriguez,IT,,7.2,7,6,Remote,68,63868.0,22,Low
EMP4348,Samantha Hicks,IT,4.8,8.9,4,8,Hybrid,48,35811.0,3,High
EMP1728,Albert West Jr.,Sales,7.6,3.0,6,5,Remote,65,214896.0,18,Low
EMP1412,David Shields,,7.0,5.7,3,0,Onsite,79,187313.0,19,Medium
EMP4146,Carolyn Yu,Sales,11.2,7.9,1,12,Onsite,54,48599.0,11,Low
EMP2516,Brian Jackson,Support,10.6,7.1,1,4,Hybrid,57,158034.0,6,Low
EMP1825,Charles Jordan,Finance,14.7,4.2,3,0,Remote,84,174072.0,1,Low
EMP4267,Theresa Brown,Finance,11.8,7.0,2,12,Onsite,41,37467.0,27,Low
EMP4974,Brett Reynolds,Operations,13.8,,9,8,Hybrid,52,46816.0,5,Low
EMP1616,Melissa Williams DDS,Sales,13.2,3.6,6,4,Hybrid,63,119452.0,17,Medium
EMP1114,Matthew Yates,IT,5.6,4.1,10,8,Hybrid,87,60784.0,27,Medium
EMP1417,Ashlee Keller,HR,9.8,7.6,4,2,Hybrid,46,89974.0,21,High
EMP4069,Samantha Nash,IT,6.6,5.4,4,6,Remote,93,27192.0,11,High
EMP2625,Robin Gillespie,Marketing,5.9,8.4,7,9,Remote,81,134602.0,13,High
EMP4150,Sharon Raymond,Support,11.9,4.2,9,8,Onsite,88,214768.0,4,Medium
EMP5185,Jillian Golden,Marketing,9.5,6.4,4,8,Onsite,85,153198.0,6,High
EMP3896,William Holland,HR,8.6,3.2,2,7,Remote,69,224091.0,0,Medium
EMP5842,,Sales,7.4,5.4,7,6,Remote,78,105899.0,22,Medium
EMP3082,Tiffany Garcia,IT,7.9,5.3,10,3,Hybrid,96,89194.0,10,Medium
EMP1753,Michael Diaz,Support,7.7,7.9,10,6,Hybrid,90,139125.0,18,High
EMP3546,Natalie Young,HR,7.6,7.5,3,2,Remote,53,81804.0,22,Low
EMP4969,Allen Ramos,Sales,4.7,7.1,7,7,Hybrid,40,82256.0,22,Low
EMP4373,Daniel Martinez,Sales,7.8,8.4,1,8,Onsite,96,37789.0,6,High
EMP5107,Lynn Padilla,Support,5.4,6.8,5,3,Hybrid,55,38856.0,6,High
EMP3444,Martin Macdonald,Marketing,14.1,6.2,6,5,Hybrid,43,141789.0,26,High
EMP5380,Elizabeth Petersen,Sales,10.9,6.2,2,11,Hybrid,66,215476.0,10,Medium
EMP2066,Alexandra Riley,Operations,8.4,6.7,7,3,Onsite,95,182175.0,25,Low
EMP4913,Nancy Morales PhD,Finance,9.0,4.6,4,3,Onsite,94,142894.0,8,High
EMP4498,Benjamin Lindsey,Finance,10.8,7.4,6,3,Remote,43,91662.0,8,Low
EMP3738,Lauren Fitzpatrick,Marketing,4.8,5.1,9,7,Remote,53,124382.0,24,Medium
EMP5000,Jessica Mendez,HR,7.6,7.2,5,10,Remote,86,120542.0,19,Medium
EMP2568,Sarah Frey,IT,7.0,5.1,6,7,Onsite,76,244180.0,22,Medium
EMP3427,Maria Berry,HR,4.1,,9,10,Remote,100,239126.0,16,High
EMP4746,Kimberly Martinez,Support,5.1,6.6,8,11,Remote,67,159477.0,9,High
EMP5808,Roy Clarke,Operations,14.3,4.1,7,6,Remote,67,52722.0,10,High
EMP2687,Carlos Cox,Sales,5.7,7.6,4,4,Onsite,51,51449.0,0,Low
EMP1851,Jose Morales,Finance,6.9,4.1,9,11,Remote,42,199470.0,10,Medium
EMP4546,Cory Yang,Finance,9.3,4.7,4,9,Hybrid,80,65403.0,4,Low
EMP1895,Taylor Parks,Support,9.2,6.6,7,7,Hybrid,72,98109.0,4,Low
EMP5592,Richard Robertson,IT,8.0,7.8,3,8,Hybrid,61,,25,Medium
EMP1335,Philip Mooney,IT,11.1,8.8,6,12,Hybrid,67,52772.0,0,Low
EMP3839,Ricky Ferrell,Operations,11.2,4.7,3,3,Hybrid,95,32682.0,3,Low
EMP4087,Jonathan Reese,IT,12.2,4.3,6,11,Hybrid,100,147562.0,18,High
EMP5611,Keith Mckenzie,IT,4.6,6.2,8,7,Hybrid,95,60151.0,2,High
EMP2348,Karen Smith,HR,5.1,7.8,7,1,Onsite,71,189018.0,2,Medium
EMP2015,Jose Gill,Sales,7.9,4.7,10,10,Onsite,48,212262.0,12,Low
EMP3816,Nicole Maldonado,HR,11.3,8.4,2,0,Remote,43,146804.0,19,Low
EMP2631,Katherine Pope,Support,14.7,6.0,2,12,Remote,78,244644.0,10,Low
EMP3489,David Tran,Operations,4.7,8.8,6,9,Remote,78,211263.0,6,High
EMP4730,Ricky Wheeler,Sales,9.8,5.4,8,0,remote,69,58577.0,4,Low
EMP4251,Crystal Williams,Support,11.2,7.2,2,0,Remote,55,31061.0,15,Medium
EMP5802,Peter Scott,HR,9.4,5.2,10,3,Onsite,87,89684.0,30,Low
EMP3070,Martin Mills,Marketing,6.7,,5,6,Hybrid,43,91089.0,0,Low
EMP5452,Thomas Alvarez,Support,6.7,8.6,2,9,REMOTE,67,215822.0,23,Medium
EMP3377,,Operations,4.3,8.7,5,4,Hybrid,81,121318.0,9,Medium
EMP2635,David Zuniga,Sales,13.1,7.4,1,5,Onsite,65,212858.0,29,High
EMP5646,Hannah Richard,HR,,5.4,2,0,remote,80,101623.0,3,Low
EMP3479,Dominique Simon,IT,12.7,7.4,3,1,Onsite,62,162476.0,25,High
EMP3265,Linda Clarke MD,Sales,6.4,7.2,6,2,Remote,77,171358.0,30,Low
EMP3959,Alisha Spencer,Finance,8.7,5.0,4,8,Hybrid,92,126900.0,18,High
EMP5905,Dr. Kelly Mcbride,HR,10.1,7.0,7,2,Hybrid,90,65768.0,15,Low
EMP4059,Melissa Ayala,IT,8.2,3.6,9,4,Hybrid,75,,17,Low
EMP3141,Amanda Daniels,Marketing,11.7,4.6,5,9,Remote,47,,29,High
EMP4118,Scott Clark,,6.8,5.3,3,1,Onsite,50,213376.0,17,High
EMP5898,Cheryl Brown,Finance,9.1,3.8,4,11,Onsite,49,40550.0,19,High
EMP5045,Paul Clark,Sales,10.4,4.3,5,9,Hybrid,42,144824.0,13,Low
EMP4356,Kenneth Murillo,Finance,,8.3,8,2,Onsite,78,85664.0,23,Low
EMP3744,Richard Salinas,Operations,9.3,5.7,3,8,Hybrid,78,135578.0,24,Medium
EMP4506,Sarah Berry,HR,5.1,6.2,9,2,Remote,63,233691.0,7,High
EMP2679,Casey Pearson,IT,13.1,3.4,9,5,Onsite,41,173298.0,13,Medium
EMP5249,Rachel Lam,Finance,9.2,7.6,1,0,Remote,74,206646.0,18,High
EMP4147,Jonathan Steele,HR,7.7,4.7,1,7,Remote,52,246350.0,9,Low
EMP3294,Tara Lamb,Support,13.8,,2,5,Hybrid,68,179697.0,21,Medium
EMP1580,Rebecca Chambers,Support,8.7,5.5,1,11,Hybrid,73,137448.0,7,Medium
EMP2470,Brenda Arnold,Marketing,7.4,7.0,5,2,Remote,68,146300.0,0,Medium
EMP5070,Robin Anderson,IT,8.9,5.3,3,10,Onsite,98,101984.0,13,Low
EMP4343,Rachel Blackwell,IT,11.9,6.9,6,6,Hybrid,54,155542.0,2,Low
EMP5583,Scott Mclaughlin,HR,,5.0,6,4,Remote,66,67642.0,0,Low
EMP4672,Joshua Yu,Support,10.5,8.3,7,7,Onsite,53,192668.0,1,Medium
EMP1559,Scott Murray,Sales,6.2,7.4,2,11,Onsite,44,29883.0,27,Low
EMP3849,Mark Hill,HR,12.2,5.8,8,9,Hybrid,88,39742.0,22,Low
EMP1512,Raymond Jackson,IT,7.9,6.8,5,8,Remote,73,123013.0,22,Low
EMP5729,Clayton Foster MD,Operations,9.7,8.1,5,5,Onsite,51,,19,Medium
EMP2081,Danielle Cox,HR,4.2,7.1,7,10,Hybrid,90,,10,Medium
EMP2664,Dawn Pittman,Sales,12.4,7.7,3,9,Hybrid,82,66191.0,10,High
EMP2012,Charles Williamson,Finance,14.9,3.7,1,5,Remote,56,189361.0,16,Low
EMP2931,Hannah Valdez,HR,10.4,3.7,1,3,remote,52,63636.0,9,High
EMP2150,Bryan Lee,Finance,5.8,7.6,5,12,Onsite,98,222021.0,23,High
EMP3838,Miguel Bird,Finance,13.3,7.9,1,2,Hybrid,45,67204.0,26,Low
EMP1116,Keith Mills,Finance,15.0,5.9,3,7,Onsite,74,151967.0,11,High
EMP1740,Ross Simpson,HR,7.4,6.5,5,10,Remote,97,80009.0,10,Medium
EMP5982,Jonathan Sullivan,IT,15.0,5.6,6,2,Remote,55,241181.0,18,Medium
EMP4675,Brenda Mata,HR,13.8,5.2,9,10,Onsite,51,66641.0,16,High
EMP1830,Richard Hardy,Sales,13.9,5.5,1,0,Remote,70,217276.0,24,Medium
EMP1119,Wendy Davis,Support,14.6,3.8,10,5,Hybrid,95,51309.0,27,Low
EMP5752,Kimberly Landry,,4.1,6.3,6,7,Hybrid,82,157631.0,27,High
EMP5955,Shannon Cross MD,Sales,8.6,7.4,8,5,Hybrid,54,244455.0,22,Low
EMP5913,Christopher Ross,HR,10.1,7.3,3,10,Onsite,89,103710.0,12,Low
EMP1635,David Hall,Sales,5.5,3.7,8,9,Hybrid,68,96338.0,22,Low
EMP5465,Colleen Harrison,,8.7,4.6,1,6,Remote,59,57486.0,25,Medium
EMP5364,Amber Bright,Operations,9.6,8.0,8,8,Remote,65,39073.0,30,Low
EMP5142,Bryan Mayo,Operations,14.2,5.2,7,10,Onsite,79,121492.0,14,High
EMP1991,Stephanie Duran,IT,12.8,8.1,10,3,Onsite,58,206062.0,23,Medium
EMP1876,Jordan Huerta,Support,10.1,7.5,2,6,Remote,69,45027.0,3,Low
EMP1004,Lori Taylor,Sales,7.9,5.1,5,12,Remote,42,216294.0,14,Medium
EMP4051,Bryan Cisneros,Support,12.4,7.4,1,3,Onsite,72,122451.0,29,High
EMP4124,James Castro,IT,10.0,,6,10,Hybrid,74,247250.0,9,High
EMP3660,Gregory Campbell,HR,14.7,4.1,9,12,Onsite,50,77723.0,28,High
EMP3491,Russell Foster,Finance,11.7,4.3,3,2,Remote,85,140056.0,15,High
EMP4854,Jeremy Myers,Finance,13.5,3.3,10,4,Remote,80,208045.0,1,Low
EMP5777,Faith Smith,Operations,5.6,,2,10,Remote,84,170230.0,11,Medium
EMP2715,Maria Gonzales,IT,11.1,8.8,3,1,Remote,54,144913.0,26,High
EMP2148,Tracey Ewing,Marketing,4.1,6.0,6,7,Onsite,65,134004.0,30,Medium
EMP4261,Melissa Sawyer,IT,5.2,5.3,3,5,Remote,90,227730.0,18,Medium
EMP1574,Melanie Suarez,Finance,10.6,6.4,1,11,Remote,86,198472.0,26,Low
EMP4769,Joy Deleon,HR,9.6,6.8,8,9,Hybrid,77,28128.0,29,High
EMP4736,Jacob Ferrell,Support,12.5,5.6,6,8,Remote,92,65204.0,12,High
EMP5146,Bryan Duran,Finance,10.9,8.7,6,2,Remote,87,248671.0,21,Low
EMP1853,Jaime Mann,Finance,14.2,3.9,9,8,Hybrid,61,194671.0,22,Medium
EMP2982,Amber Ramos,Sales,11.9,7.5,5,8,Hybrid,99,131870.0,5,Low
EMP3774,Margaret Espinoza,Support,4.3,5.8,10,7,Remote,45,74678.0,24,High
EMP2166,Mario White,Marketing,8.2,3.3,6,5,Onsite,91,51260.0,0,Medium
EMP1971,Zachary Richards,,8.8,8.4,8,4,Remote,49,58499.0,21,High
EMP3701,Lindsay Potts,HR,7.6,4.1,5,2,Onsite,83,245646.0,11,Medium
EMP5495,Nicole Lopez,Marketing,9.5,3.3,5,12,Onsite,61,110946.0,18,Medium
EMP4847,Cory Carr,HR,13.4,7.4,10,2,Onsite,90,205588.0,11,Medium
EMP3368,Joyce Phillips,Finance,8.3,3.6,3,4,Onsite,85,51192.0,2,Medium
EMP5115,Brooke Palmer,Sales,13.2,6.7,7,9,Hybrid,99,212367.0,19,Low
EMP5780,Tommy Spencer,HR,6.2,3.2,3,12,Remote,95,47995.0,8,Low
EMP5131,Miss Michelle Hays,Finance,9.1,,6,6,Onsite,78,27663.0,9,High
EMP3950,Drew Mcgrath,HR,14.3,3.1,10,5,remote,54,146380.0,5,Medium
EMP1524,Carrie Mason,Support,5.2,5.3,1,10,Remote,43,77403.0,8,Medium
EMP3455,Jason Wilkerson,Finance,12.4,7.2,3,7,Onsite,78,169374.0,1,High
EMP2841,Lori Black,Operations,14.7,4.6,9,9,Remote,52,208492.0,3,Low
EMP1537,Amy Jensen,HR,9.2,6.4,1,1,Onsite,82,115703.0,14,High
EMP3806,Melanie Travis,Support,11.0,7.8,1,1,Remote,63,78334.0,10,Medium
EMP5341,Jeffery Carey,Sales,5.2,7.9,2,4,REMOTE,95,33118.0,25,High
EMP4175,Victoria Mccoy,HR,8.9,7.8,8,3,Onsite,87,51623.0,24,Low
EMP1784,Jennifer Pena,Finance,14.1,8.2,6,4,Onsite,57,235322.0,3,High
EMP5057,Christopher Griffin,Marketing,6.9,5.6,10,4,Hybrid,66,108382.0,15,Low
EMP2409,Nathan Owens,Finance,5.5,7.6,5,2,Hybrid,66,170302.0,6,Low
EMP3537,Brenda Smith,Operations,11.1,6.5,8,12,Hybrid,55,115169.0,4,High
EMP1154,Vincent Bell,Operations,8.7,7.8,2,10,Remote,81,226578.0,17,Medium
EMP4009,Kelsey Hendrix,Support,4.0,8.5,5,3,Onsite,64,108426.0,4,Medium
EMP2686,Rose Olson,Finance,9.9,6.9,4,12,Onsite,92,175585.0,29,High
EMP3901,Shannon Long,Sales,5.7,5.1,10,8,Remote,60,53501.0,22,High
EMP3819,Kaitlyn Mcgee,Sales,4.8,3.5,1,10,Onsite,97,94334.0,30,Medium
EMP5721,Anthony Baker,Support,10.9,8.7,9,6,Hybrid,96,174225.0,21,Medium
EMP4863,Mark Graham,Operations,4.6,6.6,7,8,Hybrid,91,118978.0,21,High
EMP3733,James Hill,IT,4.1,8.0,6,3,Onsite,48,201510.0,12,High
EMP2895,Rachel Reynolds,Sales,9.0,8.3,9,4,Hybrid,57,30913.0,22,Low
EMP1569,Elizabeth Rodriguez,HR,12.7,8.3,1,8,Remote,96,61429.0,14,Low
EMP2816,Allen Ray,HR,8.4,7.7,4,2,Onsite,66,107966.0,14,Low
EMP3065,Denise Thompson,Operations,11.6,6.5,10,1,Remote,82,90216.0,4,Low
EMP1127,Dylan Wade,Sales,6.8,,1,12,Remote,69,100400.0,21,Low
EMP4394,Jessica Evans,Finance,9.2,8.5,2,1,Remote,96,224217.0,16,Medium
EMP4327,Denise Wilson,Marketing,7.3,7.7,6,0,Remote,51,64642.0,1,High
EMP4591,Randy Bennett,IT,5.5,7.3,5,2,Hybrid,90,172060.0,13,High
EMP3975,Melissa Wright,Marketing,12.7,8.4,9,2,Hybrid,51,217648.0,5,Medium
EMP1980,Nancy Fields,HR,,3.1,4,0,Onsite,53,151121.0,20,Low
EMP3300,Christopher Jones,IT,9.1,4.2,1,6,Hybrid,68,51651.0,7,High
EMP1190,Betty Holloway,Operations,5.7,4.8,2,8,Onsite,89,166497.0,26,Low
EMP2139,Melissa Cohen,HR,6.7,6.2,4,12,Onsite,83,207525.0,23,Medium
EMP1699,Stephanie Jacobs,HR,12.6,3.8,10,7,Hybrid,85,195280.0,11,Medium
EMP5956,Margaret Davis,Finance,11.8,4.2,10,7,Remote,64,209924.0,7,High
EMP1606,Yvonne Walls,Sales,,6.0,10,4,Hybrid,71,,24,Medium
EMP5276,Mrs. Sarah Carpenter,Support,12.2,4.2,3,6,Hybrid,59,104745.0,29,High
EMP1301,Laura Perez,Marketing,9.4,4.0,6,2,Remote,48,213825.0,17,High
EMP4420,Courtney King,Marketing,4.4,3.3,10,9,Onsite,55,42292.0,17,Low
EMP5996,Charlotte Jones,IT,6.8,6.8,6,9,Onsite,96,122123.0,10,Medium
EMP2060,Carol Butler,Finance,6.5,7.1,2,3,Remote,52,68117.0,10,High
EMP3565,Eric Ware,HR,9.2,6.3,6,3,Onsite,93,192091.0,29,High
EMP1472,Bradley Brown,Support,11.0,5.9,6,8,Onsite,59,246621.0,5,High
EMP2069,Angel Ellis,Finance,12.7,4.2,10,2,Hybrid,80,158404.0,8,Medium
EMP3524,Charles Miranda,HR,11.1,7.4,8,8,Remote,92,118393.0,29,Low
EMP3205,John Hernandez,IT,10.9,6.3,9,0,Hybrid,100,66507.0,4,Low
EMP2243,Matthew Jones,HR,6.2,7.2,2,11,Remote,86,156683.0,19,High
EMP1016,John Bonilla,Sales,12.4,6.0,2,10,Onsite,59,245638.0,20,Low
EMP4120,James Johnson,Operations,4.2,7.2,3,10,Remote,68,139540.0,23,Low
EMP5642,Stephen Stanley,Support,14.7,3.4,9,7,Onsite,74,141815.0,20,Low
EMP5754,Connor Harris,Sales,10.4,7.7,1,5,Remote,98,153740.0,25,Medium
EMP1815,Travis Porter,Support,4.4,4.1,8,9,Hybrid,100,48074.0,20,Medium
EMP4067,Jacob Gardner,Marketing,12.2,3.4,9,4,Onsite,41,59010.0,11,Medium
EMP5960,Maureen Perez,IT,13.9,9.0,4,10,Hybrid,53,206283.0,16,Low
EMP1959,Cheryl Peterson,HR,13.2,7.5,5,9,Onsite,97,198837.0,18,Low
EMP5893,Mark Martinez,Support,14.1,3.6,5,5,REMOTE,84,131659.0,15,Medium
EMP1225,Denise Hubbard,IT,8.0,6.4,8,12,Remote,75,59018.0,19,Medium
EMP4354,Larry Villarreal,Marketing,8.5,3.8,1,6,Hybrid,77,58977.0,18,Medium
EMP3485,Christie Gaines,HR,12.8,4.7,5,0,Remote,82,50159.0,16,High
EMP1562,Jeremy Rocha,HR,,6.1,7,5,Onsite,72,27776.0,21,High
EMP4436,Elizabeth Gray,Operations,14.4,8.9,6,2,Onsite,51,169257.0,29,High
EMP2693,Jody Stephens,HR,14.3,7.4,6,11,Remote,60,133823.0,6,High
EMP2045,Sarah Williams,Operations,15.0,8.3,4,9,Hybrid,72,235254.0,10,High
EMP4446,Kenneth House,HR,4.2,3.8,4,0,Hybrid,47,51653.0,23,High
EMP5565,Jesse Daniels,IT,5.7,6.5,10,3,Hybrid,58,220561.0,11,Low
EMP1954,Jeremy Salazar,Finance,8.0,5.6,5,9,Onsite,93,224639.0,29,Medium
EMP1151,Joseph Thompson,Marketing,7.3,6.9,1,0,Onsite,70,247114.0,12,Low
EMP3735,Nicole Bush,,13.4,8.9,5,2,Remote,81,107614.0,11,High
EMP5183,,Sales,14.4,7.5,6,5,Remote,95,54509.0,6,High
EMP5735,Patrick Webb,IT,11.7,5.9,6,10,Onsite,74,113626.0,30,Medium
EMP5999,Mathew Allen,Sales,10.5,3.5,3,10,Hybrid,85,137631.0,28,High
EMP2218,Robert Ho,Sales,6.8,7.1,high,10,Onsite,48,62400.0,12,Medium
EMP2527,David Johnson,Finance,5.1,6.5,7,3,REMOTE,93,183778.0,27,Medium
EMP4987,Megan Graham,Sales,4.0,7.1,5,4,Remote,90,217513.0,10,Low
EMP2090,,Support,13.8,6.4,6,4,Remote,75,47219.0,4,Medium
EMP2300,Andrew Garner,IT,6.2,8.6,4,4,Onsite,45,174454.0,18,Medium
EMP5724,,Marketing,14.9,3.3,10,3,Remote,93,86063.0,14,Low
EMP1160,Cathy Thompson DVM,Sales,6.5,3.6,9,5,Remote,47,224912.0,8,Medium
EMP5067,Mr. Jared White,Operations,14.2,3.7,1,11,Hybrid,72,229326.0,23,Medium
EMP1956,Lisa Hernandez,Marketing,12.8,3.3,3,0,Hybrid,54,73009.0,1,Low
EMP4791,Colleen King,HR,9.9,8.4,3,4,Onsite,52,67982.0,7,Low
EMP4234,Angela Charles,Support,7.7,4.3,3,8,Hybrid,65,103224.0,24,High
EMP3869,Renee Larson,Marketing,12.2,8.5,2,2,Hybrid,74,226963.0,2,Medium
EMP4777,Lydia Ross,it,10.4,5.5,8,5,Hybrid,98,222900.0,15,Low
EMP5433,Rebecca Rhodes,it,10.8,4.1,8,8,Onsite,95,239739.0,16,Medium
EMP3961,Jesse Walker,Marketing,13.3,3.8,9,9,Remote,42,98629.0,22,Low
EMP3200,Maria Mills,HR,8.0,3.0,9,2,Remote,45,197729.0,26,Low
EMP1098,Robert Martin,Marketing,11.3,3.9,3,8,Hybrid,44,66034.0,0,High
EMP3557,Samantha Rivera,Sales,6.9,3.5,6,5,Onsite,67,96203.0,0,Low
EMP4183,Sarah Camacho,Support,6.9,5.6,5,4,Hybrid,66,149001.0,18,Low
EMP1253,James Moon,Sales,9.3,5.3,3,7,Hybrid,98,164756.0,10,High
EMP4923,Michael Hernandez,Finance,8.9,8.7,4,10,Onsite,70,107103.0,18,Low
EMP5199,Frederick Payne,Finance,12.5,8.7,9,6,Onsite,91,178890.0,15,Low
EMP2445,Jeffrey Torres,HR,4.3,5.0,5,3,Remote,61,225470.0,1,High
EMP2648,Carlos Gutierrez,Support,7.9,5.8,1,11,Onsite,94,239668.0,25,Low
EMP5682,Monique Phillips,Support,4.8,5.0,2,10,Remote,44,54764.0,18,High
EMP5723,Nancy Smith,IT,4.0,6.4,4,1,Onsite,75,143797.0,7,High
EMP4991,Tiffany Williams,Operations,5.3,8.0,6,5,Remote,50,208010.0,7,Low
EMP2696,David Fisher,Operations,6.5,7.2,7,7,Hybrid,41,,23,Low
EMP4191,Thomas Beck,Marketing,14.4,8.5,5,4,Onsite,90,125742.0,27,Medium
EMP5499,Jacob Hartman,Marketing,6.4,5.5,4,2,Remote,69,34547.0,11,Medium
EMP2154,Samantha Bell,IT,12.5,6.9,7,6,Onsite,85,178658.0,28,Low
EMP3255,Marvin Henderson DVM,HR,11.9,8.8,8,2,Remote,44,144843.0,21,Medium
EMP2682,Amanda Mills,Marketing,14.1,6.7,4,12,Hybrid,44,226094.0,21,Medium
EMP4170,Jason Chapman,,11.1,5.9,7,6,Remote,85,224340.0,27,Low
EMP3056,David Harrell,Operations,7.3,8.4,1,4,Hybrid,98,135145.0,2,Medium
EMP5090,Walter James,Support,13.0,5.7,4,10,Onsite,57,206712.0,29,Low
EMP4108,Timothy Smith,Operations,5.9,6.0,5,2,Remote,80,100409.0,2,High
EMP5548,Paul Johnson,Finance,11.6,5.8,8,7,Onsite,90,38042.0,2,High
EMP4723,Michelle Keller,IT,6.4,8.6,6,11,Hybrid,89,130492.0,1,Low
EMP3049,William Holmes,Marketing,5.3,7.9,6,3,Hybrid,59,165792.0,26,Low
EMP4643,Martin Maxwell,Sales,4.4,3.4,5,4,Remote,40,142907.0,14,High
EMP1931,,Support,6.6,6.3,5,10,Onsite,84,120120.0,28,Low
EMP1623,Jenna Potts,IT,11.3,8.6,2,3,Remote,50,129083.0,3,Medium
EMP1262,Susan Webb,Operations,7.5,6.9,2,10,Onsite,76,85875.0,17,Low
EMP4369,Scott Cook,Finance,6.3,3.1,6,10,Hybrid,83,91373.0,19,High
EMP5061,Laura Liu,Operations,13.5,3.4,9,6,Onsite,42,112736.0,12,Medium
EMP2802,Samantha Joseph,IT,4.2,7.3,6,5,Onsite,42,62614.0,28,Low
EMP5736,Thomas Trujillo,Marketing,10.3,3.6,6,0,Remote,58,187165.0,26,Low
EMP3696,Kevin Smith,Support,13.3,7.9,9,3,Remote,60,26600.0,15,Low
EMP3385,Anthony Fox,Marketing,4.1,8.1,2,8,Hybrid,44,212473.0,27,Medium
EMP2959,Jillian Allen,Finance,10.0,3.1,3,1,Hybrid,76,219106.0,19,Low
EMP3976,Brenda Allison,Marketing,14.0,,2,9,Onsite,41,227138.0,16,High
EMP1488,Mr. Brandon Nelson,Operations,11.6,5.5,7,1,Remote,75,91253.0,15,Low
EMP2843,Marcus James,Operations,8.5,6.8,4,6,Remote,56,241129.0,11,High
EMP2734,Monica Le,Support,10.4,4.3,7,10,Onsite,57,52253.0,24,Medium
EMP3911,Claudia Williams,HR,6.7,4.0,3,3,Hybrid,62,42625.0,1,High
EMP4219,Sarah Blake,IT,11.7,5.9,4,1,Hybrid,59,79035.0,18,Low
EMP1146,Miguel Bailey,Sales,6.3,4.3,4,5,Remote,89,63680.0,25,Medium
EMP2986,Eric Nichols,Marketing,6.7,3.1,4,7,Onsite,56,152605.0,12,Medium
EMP2369,Sally Bernard,IT,9.4,6.8,2,5,Remote,100,186998.0,3,Low
EMP3811,Michael Collins,IT,5.6,8.3,3,0,Hybrid,73,115872.0,16,Medium
EMP1659,Sarah Wall,Sales,4.4,3.4,5,1,Remote,100,81596.0,30,Low
EMP2794,Taylor Mckay,HR,7.1,,2,12,Remote,47,128522.0,26,High
EMP3511,Amber Ford,IT,6.6,4.5,4,0,Remote,91,205754.0,7,High
EMP4397,Anne Barnes,IT,6.1,7.1,8,3,Hybrid,96,202683.0,30,High
EMP5282,George Roth,Operations,9.9,7.6,1,11,Hybrid,89,231144.0,28,Low
EMP2147,James Mcdowell,HR,10.2,5.9,6,2,Remote,85,148013.0,6,Low
EMP4272,Molly Larson,HR,9.3,8.9,2,7,Onsite,93,180104.0,3,Medium
EMP1608,Christopher Phelps,Marketing,7.8,8.2,3,7,Hybrid,47,208040.0,16,High
EMP4582,Jenny Hall,Sales,12.0,6.9,7,8,Onsite,67,137643.0,14,High
EMP2930,Christopher Allen,IT,6.2,7.0,9,5,Onsite,75,93945.0,15,Low
EMP1197,Randall Watson,Support,7.1,7.6,5,7,Hybrid,97,159572.0,4,Low
EMP3931,Stephen Miller,Support,12.5,5.9,1,6,Onsite,71,191211.0,12,Low
EMP3327,Danielle Yang,Sales,13.1,4.1,4,6,Hybrid,76,47315.0,9,Low
EMP5389,Michael Fox,it,6.0,4.2,5,7,Hybrid,79,65968.0,24,High
EMP1766,Matthew Salinas,Support,10.6,5.6,3,7,Hybrid,72,136181.0,17,Medium
EMP5496,Rhonda Dickson,Support,11.4,5.7,7,10,remote,92,199610.0,29,Medium
EMP5218,Allison Johnson,Operations,4.5,3.8,6,6,Hybrid,57,192041.0,14,Low
EMP4255,Richard Chavez,HR,12.6,5.7,3,5,Onsite,81,97868.0,26,High
EMP1202,Michele Boyle,HR,10.7,5.5,5,3,Hybrid,59,56941.0,1,High
EMP4510,Mathew Johnson,IT,10.5,4.8,8,6,Remote,70,73283.0,1,Medium
EMP5931,Ruth Orr,,10.8,7.9,8,8,Remote,96,93489.0,5,High
EMP2733,Lance Valenzuela,Operations,7.6,7.0,5,5,Hybrid,45,28388.0,3,Low
EMP3777,David Gordon,Marketing,13.6,7.3,5,11,Remote,66,232709.0,3,High
EMP2707,Richard Huang,HR,11.3,7.5,7,4,Remote,96,186222.0,3,Medium
EMP4474,Loretta Jackson,IT,7.8,5.1,2,4,Onsite,80,223337.0,13,High
EMP1854,Erika Jennings,Operations,14.7,7.5,10,10,Hybrid,49,234604.0,18,Medium
EMP5737,Kim Hubbard,Marketing,8.3,6.7,7,2,Hybrid,68,,16,Low
EMP5097,Brandon Hernandez,Support,9.0,6.0,9,0,Remote,91,96152.0,11,High
EMP3160,Robert Wright PhD,Sales,10.3,5.3,5,8,Onsite,81,183508.0,24,High
EMP1698,Mr. John Williams,Finance,10.7,6.7,10,3,Remote,54,205191.0,0,High
EMP3220,Heather Pitts,IT,14.6,8.5,2,5,Onsite,65,68102.0,8,High
EMP3999,Brandy Owens,HR,13.3,5.0,1,10,REMOTE,94,30043.0,14,High
EMP4696,Brianna Briggs,Support,10.9,3.4,10,11,Hybrid,49,211278.0,16,Medium
EMP2636,Hector Reynolds,Support,8.8,7.7,2,2,Onsite,94,93812.0,24,Low
EMP4457,Matthew Evans,Sales,12.7,6.4,4,10,Hybrid,100,117582.0,20,High
EMP4581,Blake Mercado,Finance,12.8,5.0,3,8,Hybrid,72,144361.0,6,High
EMP2291,Megan Blake,Marketing,9.2,3.8,9,11,Onsite,100,103514.0,15,Medium
EMP5659,Candace Crawford,Finance,12.4,6.5,8,1,Remote,83,172728.0,10,Medium
EMP2853,Jennifer Ortiz,Finance,6.2,6.0,3,4,Remote,93,248822.0,17,Low
EMP4763,William Perez,Finance,8.7,7.4,1,8,Hybrid,85,158704.0,14,High
EMP4304,Erika Parker,HR,4.9,6.1,9,9,Hybrid,54,30917.0,12,Medium
EMP1468,,Operations,9.3,5.0,5,10,Onsite,60,97583.0,8,High
EMP4743,Erica Padilla,Support,11.6,4.9,5,1,Onsite,47,161517.0,3,High
EMP4445,Ryan Taylor,Operations,9.8,5.7,8,5,Remote,80,146387.0,1,High
EMP2998,Jeremiah Hancock,Marketing,5.3,7.0,6,9,Hybrid,86,122548.0,27,High
EMP1663,Paul Bruce,Finance,5.7,9.0,8,5,Hybrid,97,107615.0,17,Medium
EMP5779,Robert Park,Finance,12.6,4.7,1,6,Hybrid,91,150554.0,4,Medium
EMP4748,Francisco Rodriguez,Finance,14.4,4.6,9,3,Remote,52,88683.0,10,Low
EMP5413,Brent Frederick,Operations,12.9,7.2,1,5,Remote,46,37029.0,25,Medium
EMP5744,Kelly Kirby,HR,11.1,8.9,5,1,REMOTE,72,142335.0,19,High
EMP1709,Colleen Orr,IT,6.8,7.2,3,11,Onsite,86,57386.0,2,Medium
EMP2282,Jordan Foley,Marketing,5.0,9.0,3,12,Hybrid,64,117434.0,10,Medium
EMP3675,Scott Cooper,Support,12.8,,2,6,Hybrid,69,88578.0,9,High
EMP5029,Christopher Bender,HR,10.9,3.9,10,11,Remote,43,74381.0,4,Medium
EMP2306,Matthew Black,Marketing,8.9,3.8,5,5,Remote,79,249382.0,30,High
EMP3237,Randy Santiago,Finance,7.1,8.2,3,7,Onsite,85,113575.0,16,High
EMP4302,Hannah Cisneros MD,IT,4.8,5.0,3,12,Onsite,88,158834.0,24,Medium
EMP3038,Hailey Chambers,Support,14.8,8.2,1,3,Hybrid,44,229122.0,24,Low
EMP2529,Michael Parrish,Finance,8.1,5.6,4,6,Onsite,75,,15,High
EMP2663,Courtney Barry,Finance,5.1,4.8,10,3,Remote,76,201131.0,4,Low
EMP1742,,Sales,4.2,6.7,9,1,Hybrid,53,167220.0,11,Medium
EMP2973,Tanner Watkins,Support,9.7,4.4,2,9,Onsite,43,175106.0,20,Low
EMP4627,Kristine Munoz,Finance,,8.0,5,7,Remote,86,219156.0,16,Medium
EMP5891,Kirk Ross,Sales,11.2,4.0,5,0,Remote,68,218534.0,21,Medium
EMP3693,Sarah Chapman,HR,6.0,8.1,2,9,Onsite,40,111975.0,7,High
EMP4060,Monica Ford,IT,12.8,4.4,2,1,remote,78,,12,Medium
EMP2597,Ronnie Smith,Marketing,9.0,5.9,7,6,Hybrid,89,39289.0,9,High
EMP3729,Kristin Daniels,Support,10.3,8.3,1,11,Onsite,90,186794.0,21,High
EMP3625,Adam Baker,Sales,8.2,8.7,4,11,Remote,87,25395.0,22,Low
EMP4157,Micheal Bennett,HR,8.6,6.3,1,6,Hybrid,99,65045.0,7,High
EMP4314,Crystal Avila MD,Finance,12.0,6.7,3,10,Hybrid,79,247528.0,12,Medium
EMP2722,Anthony Lawson,Sales,9.1,3.8,5,0,Onsite,44,90884.0,22,Medium
EMP2059,Mrs. Anna Khan,Sales,9.9,4.9,7,3,Remote,61,46445.0,28,High
EMP5636,Daniel Carroll,Support,4.8,4.0,6,9,Hybrid,67,89007.0,24,Low
EMP4242,Linda Roberts,Finance,8.4,6.5,6,2,Hybrid,58,140744.0,24,Medium
EMP2678,Steven Murillo,Support,,3.1,2,10,Hybrid,66,137022.0,12,Low
EMP2757,Maria Ball,Operations,9.2,4.9,10,3,Onsite,86,116315.0,22,High
EMP5191,Barbara Eaton,Finance,6.8,3.5,8,2,Onsite,74,54554.0,22,Low
EMP1563,Julie Mcdowell,Sales,5.8,6.1,8,2,Onsite,51,173467.0,30,Low
EMP3790,Anthony Savage,Finance,10.3,5.9,10,9,Remote,48,47479.0,13,Low
EMP1863,Rebecca Carter,Finance,4.7,8.8,7,1,Hybrid,40,132337.0,20,Low
EMP2484,Diana Sawyer,IT,14.0,5.0,6,3,Onsite,69,107527.0,23,Low
EMP1206,Darryl Martinez,Operations,4.2,8.2,1,10,Remote,64,122858.0,8,Medium
EMP5488,David Sanders,Finance,11.7,4.5,6,5,Onsite,91,139599.0,12,Low
EMP1870,Steven Jensen,IT,10.4,3.9,8,11,Hybrid,48,118686.0,5,Medium
EMP5493,Marvin Shepard,IT,6.5,4.2,8,11,Hybrid,75,227778.0,8,High
EMP1502,Theresa Huang,Support,4.7,6.9,1,11,Onsite,95,202714.0,16,High
EMP2028,Kathleen Gomez,Support,4.5,7.0,8,11,Remote,57,194323.0,2,High
EMP4840,Mary Gonzales,HR,13.5,3.1,3,2,Onsite,67,226627.0,29,Medium
EMP3690,Shannon Sanchez,Marketing,10.5,3.3,8,4,Onsite,82,114900.0,30,Medium
EMP2103,,it,10.3,7.8,10,9,remote,95,127468.0,12,Low
EMP2570,William Young,Operations,12.4,7.7,4,10,Remote,63,145677.0,2,Medium
EMP3773,Heather Brown,Support,7.4,3.4,8,3,Onsite,48,112435.0,30,Low
EMP3731,Steven Wells,Support,10.2,5.6,7,9,Hybrid,53,82936.0,26,Low
EMP1804,Benjamin Daniels,Operations,4.6,7.7,1,6,Onsite,47,80490.0,25,High
EMP4645,Casey Murphy,HR,12.4,4.9,7,11,Onsite,93,210577.0,13,Medium
EMP3454,Jill Edwards,IT,11.6,4.6,10,5,Hybrid,42,139835.0,9,Low
EMP5598,Edwin Fletcher,IT,10.4,4.7,3,6,Remote,60,65327.0,0,High
EMP4104,Michael Delacruz,Operations,14.8,4.3,3,2,Onsite,89,223801.0,13,Low
EMP5875,Justin Bean,Marketing,5.2,7.8,8,12,Onsite,93,219503.0,17,Low
EMP1200,Crystal Walton,Operations,7.7,3.9,1,4,Remote,98,242517.0,15,High
EMP4099,John Crawford,Support,6.8,8.9,2,6,Remote,79,74518.0,7,High
EMP3278,Lisa Myers,Operations,4.5,6.7,1,7,Onsite,48,214529.0,10,High
EMP4561,Thomas Rose,Support,5.7,8.9,1,2,Hybrid,84,98272.0,7,Low
EMP5474,Daniel Warren,HR,6.5,6.3,1,12,Remote,100,186497.0,21,High
EMP5514,Gregory Watkins,Finance,13.1,3.7,8,3,Remote,93,65631.0,1,Low
EMP1391,Melissa Silva,Operations,14.2,8.1,9,12,Hybrid,98,212176.0,23,Low
EMP2495,Tim English,Marketing,5.7,3.0,10,5,Hybrid,83,195237.0,14,Medium
EMP3695,Dr. Jenny Wilkinson,,7.2,7.7,6,9,Remote,54,182491.0,13,Low
EMP3027,Cynthia Gonzalez,Finance,14.2,4.2,1,7,Onsite,86,179920.0,17,Medium
EMP3568,Scott Flores,Support,6.6,3.9,3,1,Remote,77,43154.0,11,Medium
EMP1064,Justin Mendez,Support,8.9,4.0,8,7,Onsite,56,222073.0,7,Medium
EMP4884,Melissa Weeks,IT,5.5,5.2,5,5,Hybrid,60,31232.0,21,Medium
EMP3062,Lori Rivera,Sales,6.6,5.6,10,10,Hybrid,64,75455.0,26,Medium
EMP1492,Diana Bowman,HR,4.4,6.0,4,11,Remote,99,151003.0,10,Low
EMP1379,Jacob Hancock,,13.5,6.4,6,8,remote,83,70290.0,24,Low
EMP5859,Wendy Miller,Operations,8.0,4.3,4,3,Onsite,92,241523.0,12,Low
EMP4993,Tyler Weaver,Operations,8.9,4.8,6,4,Onsite,87,40011.0,30,Medium
EMP5887,Nathaniel Thompson,Sales,8.7,4.2,7,8,Onsite,41,44135.0,28,Low
EMP2076,Megan Gross,HR,6.4,3.0,4,11,Remote,54,147299.0,19,Medium
EMP1878,Kyle Hughes,HR,5.9,,2,3,Onsite,48,249608.0,22,Low
EMP1337,Luke Grant,IT,12.5,6.5,9,2,Hybrid,62,,15,Medium
EMP2016,Bradley Cole,HR,5.2,6.1,4,12,Onsite,63,144094.0,3,Medium
EMP2275,Zachary Smith,HR,10.0,3.6,7,2,Hybrid,40,83802.0,0,Medium
EMP4798,Keith Potter,Finance,ten,5.2,5,2,Remote,73,235281.0,0,Medium
EMP5551,Joseph Watkins,Operations,11.0,8.8,6,6,Remote,84,,18,High
EMP4342,Steven Smith,Support,9.3,6.2,10,2,Onsite,44,61191.0,12,High
EMP5911,Patrick Lewis,Finance,13.6,,2,1,Onsite,46,147470.0,10,Medium
EMP1995,Carla Norman,IT,5.3,4.3,5,5,Onsite,90,118124.0,24,Medium
EMP2981,Paul Pearson,Support,10.0,5.4,9,7,Onsite,81,,11,High
EMP5297,Brandon Blankenship,Operations,11.9,5.4,2,3,Remote,72,107259.0,10,Low
EMP1161,Michael Taylor,IT,13.3,8.8,10,9,Onsite,83,193479.0,17,High
EMP5798,Raymond Marshall,HR,11.0,4.4,4,10,Hybrid,62,34560.0,16,Low
EMP2500,Brandon Davis,HR,8.8,8.3,5,4,Onsite,78,222517.0,3,Medium
EMP4843,Brian Ramirez,Operations,7.4,3.9,9,7,Hybrid,55,245734.0,23,Medium
EMP3613,Alexa Barker,Marketing,8.6,6.7,10,2,Hybrid,99,94129.0,1,High
EMP4461,Megan Bauer,Sales,6.8,4.5,7,9,Remote,84,113399.0,27,Medium
EMP2021,Tammy Johnson,Support,6.3,5.8,3,8,Hybrid,63,56133.0,19,Low
EMP4073,Billy Hughes,Finance,12.4,5.8,6,9,Remote,69,207482.0,19,Low
EMP4943,Tara Mccarty,IT,4.1,7.0,2,10,Hybrid,89,221567.0,1,Medium
EMP2585,Martin Yang,Support,,8.8,2,4,Hybrid,90,225755.0,4,Medium
EMP2955,Thomas Keller,Operations,7.1,6.3,5,2,Onsite,90,50137.0,29,Medium
EMP4152,Jamie Jackson,Operations,8.6,4.5,4,2,Onsite,97,137554.0,0,Medium
EMP1034,Philip Fry,Sales,10.4,3.2,2,6,Hybrid,82,178006.0,18,Medium
EMP5014,Jonathan Hamilton,Finance,14.0,6.4,1,7,Onsite,55,155139.0,18,High
EMP1775,Larry Taylor,Finance,7.2,3.5,9,1,Remote,94,230458.0,8,High
EMP3556,Melanie Irwin,IT,6.8,3.4,3,10,Hybrid,82,42640.0,11,High
EMP2478,Sheena Bradford,Marketing,4.3,6.6,6,5,Hybrid,66,,11,High
EMP2363,Sonia Boyd,Support,4.8,8.4,7,10,Hybrid,88,139086.0,10,Low
EMP3612,Sandra King,Marketing,13.7,5.8,2,7,Hybrid,81,191739.0,22,Medium
EMP3824,Theresa King,HR,7.8,8.8,2,7,Hybrid,66,165183.0,5,Low
EMP3041,Kimberly Ramirez,Support,8.3,4.1,5,11,Remote,41,187618.0,25,Low
EMP1241,Xavier Hopkins,Finance,9.2,6.2,2,6,Hybrid,48,94329.0,23,Medium
EMP3061,Karla Smith,HR,11.5,8.3,10,12,Hybrid,86,228492.0,26,High
EMP3363,Joshua Castillo,Support,12.6,7.8,1,6,Hybrid,48,88574.0,27,Medium
EMP1600,Stacey Maldonado,Finance,6.8,5.3,4,10,Hybrid,84,85274.0,25,Medium
EMP3435,Rachel Jordan,Finance,9.7,5.5,9,9,Remote,53,249778.0,13,High
EMP3888,Catherine Simpson,Support,ten,5.6,2,9,Onsite,85,32240.0,7,Medium
EMP1646,Dennis Hall,Operations,14.2,9.0,1,0,Onsite,62,193971.0,4,Low
EMP4890,Amy Oconnor,HR,10.2,6.9,6,4,Onsite,66,222812.0,12,High
EMP4556,Michael Campbell,HR,14.6,5.8,7,7,Remote,41,150362.0,22,Medium
EMP4202,Kathleen Roberts,HR,5.9,8.7,1,2,Remote,90,247568.0,26,High
EMP2528,Nicole Olson,Operations,9.6,3.1,5,7,Onsite,52,51130.0,8,Medium
EMP2267,Thomas Bryan,Support,5.6,5.9,8,2,Remote,69,73503.0,26,Low
EMP2899,Kathleen Jackson,Sales,11.6,7.9,1,9,Onsite,93,249656.0,13,Medium
EMP5658,Dawn Nolan,Finance,7.6,,3,0,Onsite,63,98119.0,26,Low
EMP4005,Nicholas George,IT,6.0,4.5,9,10,Remote,92,152022.0,28,Low
EMP3734,Wanda Morgan,Support,5.3,6.5,10,1,Onsite,40,90174.0,30,Low
EMP1189,Nathan Harris,HR,8.0,4.1,4,5,Remote,100,225843.0,15,Low
EMP2806,Olivia Avila,Finance,14.8,6.8,8,2,Remote,69,165628.0,28,Low
EMP1975,Daniel Rodriguez,Marketing,13.6,4.8,10,11,Onsite,69,223535.0,21,Medium
EMP3747,Krista Martinez,Support,11.0,4.2,9,10,Hybrid,98,103541.0,13,Low
EMP3047,Jeffrey Wyatt DDS,HR,11.1,5.5,1,5,Remote,95,146498.0,2,High
EMP3558,Eric Holmes,Marketing,10.3,,4,9,Hybrid,60,143190.0,17,Low
EMP2082,John Clark,Marketing,6.6,7.9,3,8,Onsite,91,188369.0,28,Low
EMP1474,Misty Mosley,Finance,13.9,6.9,4,5,Hybrid,54,220090.0,27,Medium
EMP3904,Pamela Johnson,Support,4.7,8.0,7,7,Remote,65,194314.0,10,Medium
EMP5843,Erica Johnson,Marketing,14.2,7.9,10,10,Onsite,59,80145.0,16,Low
EMP5117,Alyssa Serrano,Marketing,4.9,4.3,3,9,Remote,74,170617.0,27,High
EMP4385,Joshua Owen,HR,7.8,5.0,3,8,Remote,63,89726.0,11,High
EMP5555,Jennifer Williams,Operations,8.6,5.8,6,8,Remote,47,169440.0,4,Medium
EMP2184,Ashlee Noble,Operations,12.2,8.1,1,9,Remote,60,105974.0,16,Medium
EMP5628,,Marketing,4.4,5.0,2,5,Remote,58,50235.0,18,High
EMP3433,Nicholas Duran,Operations,7.5,3.1,8,4,Remote,97,208674.0,26,High
EMP3391,Christina Orozco,Sales,8.7,6.5,9,12,Remote,49,225365.0,22,Medium
EMP1769,Eric Newman,Support,8.1,6.5,2,2,Hybrid,86,216704.0,16,Medium
EMP2685,Thomas Brennan,Sales,4.2,4.4,7,2,Onsite,56,249283.0,7,Medium
EMP1130,Stephanie Smith,Operations,14.9,4.8,7,4,Onsite,40,173354.0,27,Low
EMP3919,Brittany Sharp,HR,8.4,3.5,8,4,Remote,77,122437.0,8,Low
EMP4171,Michael Stewart,Sales,4.5,6.5,high,7,Remote,89,63465.0,18,Medium
EMP4444,Diane Wong,Operations,12.5,3.0,10,2,Onsite,56,95718.0,19,Low
EMP5426,Brent Hudson,Sales,5.2,4.1,8,4,Onsite,63,181820.0,20,Medium
EMP1466,Karen Ford,it,6.4,4.8,9,9,Onsite,65,178219.0,3,High
EMP4092,Luis Martinez,Finance,14.9,7.2,8,12,Remote,86,48252.0,17,Low
EMP4772,Danielle Knight,Support,4.1,3.6,7,4,Onsite,74,237114.0,7,High
EMP1860,Nicole Gray,HR,8.1,4.7,6,4,Onsite,68,172071.0,2,Medium
